#! /usr/bin/vvp
:ivl_version "11.0 (stable)";
:ivl_delay_selection "TYPICAL";
:vpi_time_precision - 12;
:vpi_module "/usr/lib/x86_64-linux-gnu/ivl/system.vpi";
:vpi_module "/usr/lib/x86_64-linux-gnu/ivl/vhdl_sys.vpi";
:vpi_module "/usr/lib/x86_64-linux-gnu/ivl/vhdl_textio.vpi";
:vpi_module "/usr/lib/x86_64-linux-gnu/ivl/v2005_math.vpi";
:vpi_module "/usr/lib/x86_64-linux-gnu/ivl/va_math.vpi";
S_0x5dfd16ecbb70 .scope module, "vsdbabysoc_tb" "vsdbabysoc_tb" 2 16;
 .timescale -9 -12;
v0x5dfd16f061b0_0 .var "ENb_CP", 0 0;
v0x5dfd16f06270_0 .var "ENb_VCO", 0 0;
v0x5dfd16f06380_0 .net/real "OUT", 0 0, L_0x5dfd16f4fb10;  1 drivers
v0x5dfd16f06420_0 .var "REF", 0 0;
v0x5dfd16f06510_0 .var "VCO_IN", 0 0;
v0x5dfd16f06650_0 .var/real "VREFH", 0 0;
v0x5dfd16f066f0_0 .var/real "VREFL", 0 0;
v0x5dfd16f067b0_0 .var "reset", 0 0;
L_0x5dfd16f4fb10 .cast/real L_0x5dfd16f4f9d0;
L_0x5dfd16f4fc00 .cast/int 1, v0x5dfd16f06650_0;
S_0x5dfd16eab300 .scope module, "uut" "vsdbabysoc" 2 26, 3 1 0, S_0x5dfd16ecbb70;
 .timescale 0 0;
    .port_info 0 /OUTPUT 1 "OUT";
    .port_info 1 /INPUT 1 "reset";
    .port_info 2 /INPUT 1 "VCO_IN";
    .port_info 3 /INPUT 1 "ENb_CP";
    .port_info 4 /INPUT 1 "ENb_VCO";
    .port_info 5 /INPUT 1 "REF";
    .port_info 6 /INPUT 1 "VREFH";
v0x5dfd16f05a20_0 .net "CLK", 0 0, v0x5dfd16f05310_0;  1 drivers
v0x5dfd16f05b30_0 .net "ENb_CP", 0 0, v0x5dfd16f061b0_0;  1 drivers
v0x5dfd16f05bf0_0 .net "ENb_VCO", 0 0, v0x5dfd16f06270_0;  1 drivers
v0x5dfd16f05cc0_0 .net "OUT", 0 0, L_0x5dfd16f4f9d0;  1 drivers
v0x5dfd16f05d60_0 .net "REF", 0 0, v0x5dfd16f06420_0;  1 drivers
v0x5dfd16f05e50_0 .net "RV_TO_DAC", 9 0, v0x5dfd16eefa30_0;  1 drivers
v0x5dfd16f05f40_0 .net "VCO_IN", 0 0, v0x5dfd16f06510_0;  1 drivers
v0x5dfd16f05fe0_0 .net "VREFH", 0 0, L_0x5dfd16f4fc00;  1 drivers
v0x5dfd16f06080_0 .net "reset", 0 0, v0x5dfd16f067b0_0;  1 drivers
L_0x5dfd16f4f9d0 .cast/int 1, v0x5dfd16f04c50_0;
L_0x5dfd16f4fa70 .cast/real L_0x5dfd16f4fc00;
S_0x5dfd16eaa540 .scope module, "core" "rvmyth" 3 18, 4 14 0, S_0x5dfd16eab300;
 .timescale 0 0;
    .port_info 0 /OUTPUT 10 "OUT";
    .port_info 1 /INPUT 1 "CLK";
    .port_info 2 /INPUT 1 "reset";
L_0x5dfd16f2ee90 .functor BUFZ 1, v0x5dfd16f05310_0, C4<0>, C4<0>, C4<0>;
L_0x5dfd16f2f530 .functor BUFZ 1, v0x5dfd16f067b0_0, C4<0>, C4<0>, C4<0>;
L_0x5dfd16f2f600 .functor AND 1, L_0x5dfd16f4ce60, v0x5dfd16ee8a40_0, C4<1>, C4<1>;
L_0x5dfd16f2f700 .functor AND 1, L_0x5dfd16f4ce60, v0x5dfd16ee8c80_0, C4<1>, C4<1>;
L_0x5dfd16f308e0 .functor BUFZ 32, L_0x5dfd16f4de30, C4<00000000000000000000000000000000>, C4<00000000000000000000000000000000>, C4<00000000000000000000000000000000>;
L_0x5dfd16f30a20 .functor OR 1, L_0x5dfd16f30e00, L_0x5dfd16f31200, C4<0>, C4<0>;
L_0x5dfd16f317e0 .functor OR 1, L_0x5dfd16f30a20, L_0x5dfd16f316f0, C4<0>, C4<0>;
L_0x5dfd16f31ce0 .functor OR 1, L_0x5dfd16f317e0, L_0x5dfd16f31ba0, C4<0>, C4<0>;
L_0x5dfd16f32240 .functor OR 1, L_0x5dfd16f31ce0, L_0x5dfd16f32100, C4<0>, C4<0>;
L_0x5dfd16f32b80 .functor OR 1, L_0x5dfd16f32620, L_0x5dfd16f32a40, C4<0>, C4<0>;
L_0x5dfd16f330d0 .functor OR 1, L_0x5dfd16f32b80, L_0x5dfd16f32fe0, C4<0>, C4<0>;
L_0x5dfd16f33620 .functor OR 1, L_0x5dfd16f330d0, L_0x5dfd16f334e0, C4<0>, C4<0>;
L_0x5dfd16f344f0 .functor OR 1, L_0x5dfd16f33f10, L_0x5dfd16f34380, C4<0>, C4<0>;
L_0x5dfd16f34f40 .functor OR 1, L_0x5dfd16f34940, L_0x5dfd16f34dd0, C4<0>, C4<0>;
L_0x5dfd16f3a890 .functor OR 1, L_0x5dfd16f33620, L_0x5dfd16f34f40, C4<0>, C4<0>;
L_0x5dfd16f3a950 .functor OR 1, L_0x5dfd16f3a890, L_0x5dfd16f33ab0, C4<0>, C4<0>;
L_0x5dfd16f3aaf0 .functor OR 1, L_0x5dfd16f33620, L_0x5dfd16f34f40, C4<0>, C4<0>;
L_0x5dfd16f3ab60 .functor OR 1, L_0x5dfd16f3aaf0, L_0x5dfd16f33ab0, C4<0>, C4<0>;
L_0x5dfd16f3ac70 .functor OR 1, L_0x5dfd16f3ab60, L_0x5dfd16f32240, C4<0>, C4<0>;
L_0x5dfd16f3ad30 .functor OR 1, L_0x5dfd16f33620, L_0x5dfd16f32240, C4<0>, C4<0>;
L_0x5dfd16f3ae50 .functor OR 1, L_0x5dfd16f3ad30, L_0x5dfd16f344f0, C4<0>, C4<0>;
L_0x5dfd16f3aec0 .functor OR 1, L_0x5dfd16f3ae50, L_0x5dfd16f35430, C4<0>, C4<0>;
L_0x5dfd16f3b040 .functor OR 1, L_0x5dfd16f33620, L_0x5dfd16f34f40, C4<0>, C4<0>;
L_0x5dfd16f3b0b0 .functor OR 1, L_0x5dfd16f3b040, L_0x5dfd16f33ab0, C4<0>, C4<0>;
L_0x5dfd16f3b240 .functor OR 1, L_0x5dfd16f3b0b0, L_0x5dfd16f32240, C4<0>, C4<0>;
L_0x5dfd16f3b300 .functor BUFZ 1, L_0x5dfd16f33620, C4<0>, C4<0>, C4<0>;
L_0x5dfd16f40da0 .functor OR 1, L_0x5dfd16f40380, L_0x5dfd16f40590, C4<0>, C4<0>;
L_0x5dfd16f40eb0 .functor BUFZ 1, v0x5dfd16eee890_0, C4<0>, C4<0>, C4<0>;
L_0x5dfd16f41010 .functor BUFZ 5, v0x5dfd16eee710_0, C4<00000>, C4<00000>, C4<00000>;
L_0x5dfd16f410b0 .functor BUFZ 1, v0x5dfd16eeeab0_0, C4<0>, C4<0>, C4<0>;
L_0x5dfd16f41280 .functor BUFZ 5, v0x5dfd16eee930_0, C4<00000>, C4<00000>, C4<00000>;
L_0x5dfd16f413f0 .functor AND 1, L_0x5dfd16f40910, L_0x5dfd16f4a830, C4<1>, C4<1>;
L_0x5dfd16f414f0 .functor AND 1, L_0x5dfd16f41aa0, L_0x5dfd16f4a830, C4<1>, C4<1>;
L_0x5dfd16f422b0 .functor OR 64, L_0x5dfd16f41eb0, L_0x5dfd16f41fa0, C4<0000000000000000000000000000000000000000000000000000000000000000>, C4<0000000000000000000000000000000000000000000000000000000000000000>;
L_0x5dfd16f42530 .functor OR 64, L_0x5dfd16f42af0, L_0x5dfd16f42410, C4<0000000000000000000000000000000000000000000000000000000000000000>, C4<0000000000000000000000000000000000000000000000000000000000000000>;
L_0x5dfd16f42800 .functor XOR 64, L_0x5dfd16f42640, L_0x5dfd16f42730, C4<0000000000000000000000000000000000000000000000000000000000000000>, C4<0000000000000000000000000000000000000000000000000000000000000000>;
L_0x5dfd16f42b90 .functor XOR 64, L_0x5dfd16f42910, L_0x5dfd16f42a00, C4<0000000000000000000000000000000000000000000000000000000000000000>, C4<0000000000000000000000000000000000000000000000000000000000000000>;
L_0x5dfd16f42d40 .functor AND 64, L_0x5dfd16f42ca0, L_0x5dfd16f28ee0, C4<1111111111111111111111111111111111111111111111111111111111111111>, C4<1111111111111111111111111111111111111111111111111111111111111111>;
L_0x5dfd16f43010 .functor AND 64, L_0x5dfd16f42e00, L_0x5dfd16f42ef0, C4<1111111111111111111111111111111111111111111111111111111111111111>, C4<1111111111111111111111111111111111111111111111111111111111111111>;
L_0x5dfd16f43510 .functor XNOR 1, L_0x5dfd16f43620, L_0x5dfd16f436c0, C4<0>, C4<0>;
L_0x5dfd16f46670 .functor XNOR 1, L_0x5dfd16f45690, L_0x5dfd16f45730, C4<0>, C4<0>;
L_0x5dfd16f478a0 .functor OR 1, v0x5dfd16ee9100_0, v0x5dfd16ee9ac0_0, C4<0>, C4<0>;
L_0x5dfd16f48250 .functor AND 1, v0x5dfd16eed950_0, L_0x5dfd16f4dcf0, C4<1>, C4<1>;
L_0x5dfd16f4a5b0 .functor AND 1, L_0x5dfd16f48250, L_0x5dfd16f4a4c0, C4<1>, C4<1>;
L_0x5dfd16f4a830 .functor OR 1, L_0x5dfd16f4a5b0, v0x5dfd16eef730_0, C4<0>, C4<0>;
L_0x5dfd16f4afb0 .functor XOR 1, L_0x5dfd16f4ae70, L_0x5dfd16f4af10, C4<0>, C4<0>;
L_0x5dfd16f4b1f0 .functor XOR 1, L_0x5dfd16f4add0, L_0x5dfd16f4afb0, C4<0>, C4<0>;
L_0x5dfd16f4bf60 .functor XOR 1, L_0x5dfd16f4b3a0, L_0x5dfd16f4b440, C4<0>, C4<0>;
L_0x5dfd16f4c200 .functor XOR 1, L_0x5dfd16f4b300, L_0x5dfd16f4bf60, C4<0>, C4<0>;
L_0x5dfd16f4c590 .functor AND 1, L_0x5dfd16f4dcf0, L_0x5dfd16f4c450, C4<1>, C4<1>;
L_0x5dfd16f4c7f0 .functor AND 1, L_0x5dfd16f4dcf0, v0x5dfd16ee9100_0, C4<1>, C4<1>;
L_0x5dfd16f4c900 .functor OR 1, v0x5dfd16eef8b0_0, v0x5dfd16eef970_0, C4<0>, C4<0>;
L_0x5dfd16f4cb20 .functor OR 1, L_0x5dfd16f4c900, v0x5dfd16eef670_0, C4<0>, C4<0>;
L_0x5dfd16f4cbe0 .functor OR 1, L_0x5dfd16f4cb20, v0x5dfd16eef730_0, C4<0>, C4<0>;
L_0x5dfd16f4d9a0 .functor OR 1, L_0x5dfd16f4cbe0, v0x5dfd16eef430_0, C4<0>, C4<0>;
L_0x5dfd16f4da60 .functor OR 1, L_0x5dfd16f4d9a0, v0x5dfd16eef4f0_0, C4<0>, C4<0>;
L_0x5dfd16f4ce60 .functor AND 1, L_0x5dfd16f4dcf0, v0x5dfd16ee8ec0_0, C4<1>, C4<1>;
L_0x5dfd16f4ced0 .functor BUFZ 1, v0x5dfd16eef670_0, C4<0>, C4<0>, C4<0>;
L_0x5dfd16f4d1c0 .functor AND 1, v0x5dfd16eef2b0_0, v0x5dfd16ee9b80_0, C4<1>, C4<1>;
L_0x5dfd16f4e240 .functor BUFZ 32, L_0x5dfd16f4e010, C4<00000000000000000000000000000000>, C4<00000000000000000000000000000000>, C4<00000000000000000000000000000000>;
L_0x5dfd16f4e580 .functor BUFZ 32, L_0x5dfd16f4e350, C4<00000000000000000000000000000000>, C4<00000000000000000000000000000000>, C4<00000000000000000000000000000000>;
L_0x5dfd16f4f820 .functor BUFZ 32, L_0x5dfd16f4e690, C4<00000000000000000000000000000000>, C4<00000000000000000000000000000000>, C4<00000000000000000000000000000000>;
v0x5dfd16ee36c0_0 .net "CLK", 0 0, v0x5dfd16f05310_0;  alias, 1 drivers
v0x5dfd16ee37a0 .array "CPU_Dmem_value_a4", 0 15;
v0x5dfd16ee37a0_0 .net v0x5dfd16ee37a0 0, 31 0, L_0x5dfd16f293a0; 1 drivers
v0x5dfd16ee37a0_1 .net v0x5dfd16ee37a0 1, 31 0, L_0x5dfd16f29a10; 1 drivers
v0x5dfd16ee37a0_2 .net v0x5dfd16ee37a0 2, 31 0, L_0x5dfd16f2a0a0; 1 drivers
v0x5dfd16ee37a0_3 .net v0x5dfd16ee37a0 3, 31 0, L_0x5dfd16f2a520; 1 drivers
v0x5dfd16ee37a0_4 .net v0x5dfd16ee37a0 4, 31 0, L_0x5dfd16f2a9e0; 1 drivers
v0x5dfd16ee37a0_5 .net v0x5dfd16ee37a0 5, 31 0, L_0x5dfd16f2af30; 1 drivers
v0x5dfd16ee37a0_6 .net v0x5dfd16ee37a0 6, 31 0, L_0x5dfd16f2b5c0; 1 drivers
v0x5dfd16ee37a0_7 .net v0x5dfd16ee37a0 7, 31 0, L_0x5dfd16f2bb10; 1 drivers
v0x5dfd16ee37a0_8 .net v0x5dfd16ee37a0 8, 31 0, L_0x5dfd16f2c1b0; 1 drivers
v0x5dfd16ee37a0_9 .net v0x5dfd16ee37a0 9, 31 0, L_0x5dfd16f2c700; 1 drivers
v0x5dfd16ee37a0_10 .net v0x5dfd16ee37a0 10, 31 0, L_0x5dfd16f2cdb0; 1 drivers
v0x5dfd16ee37a0_11 .net v0x5dfd16ee37a0 11, 31 0, L_0x5dfd16f2d300; 1 drivers
v0x5dfd16ee37a0_12 .net v0x5dfd16ee37a0 12, 31 0, L_0x5dfd16f2d9c0; 1 drivers
v0x5dfd16ee37a0_13 .net v0x5dfd16ee37a0 13, 31 0, L_0x5dfd16f2df10; 1 drivers
v0x5dfd16ee37a0_14 .net v0x5dfd16ee37a0 14, 31 0, L_0x5dfd16f2e610; 1 drivers
v0x5dfd16ee37a0_15 .net v0x5dfd16ee37a0 15, 31 0, L_0x5dfd16f2eb90; 1 drivers
v0x5dfd16ee3af0 .array "CPU_Dmem_value_a5", 0 15, 31 0;
v0x5dfd16ee3e20 .array "CPU_Imem_instr_a1", 0 12;
v0x5dfd16ee3e20_0 .net v0x5dfd16ee3e20 0, 31 0, L_0x5dfd16d94ed0; 1 drivers
v0x5dfd16ee3e20_1 .net v0x5dfd16ee3e20 1, 31 0, L_0x5dfd16d949f0; 1 drivers
v0x5dfd16ee3e20_2 .net v0x5dfd16ee3e20 2, 31 0, L_0x5dfd16d94510; 1 drivers
v0x5dfd16ee3e20_3 .net v0x5dfd16ee3e20 3, 31 0, L_0x5dfd16d94030; 1 drivers
v0x5dfd16ee3e20_4 .net v0x5dfd16ee3e20 4, 31 0, L_0x5dfd16f06950; 1 drivers
v0x5dfd16ee3e20_5 .net v0x5dfd16ee3e20 5, 31 0, L_0x5dfd16f06a20; 1 drivers
v0x5dfd16ee3e20_6 .net v0x5dfd16ee3e20 6, 31 0, L_0x5dfd16f06af0; 1 drivers
v0x5dfd16ee3e20_7 .net v0x5dfd16ee3e20 7, 31 0, L_0x5dfd16f06bc0; 1 drivers
v0x5dfd16ee3e20_8 .net v0x5dfd16ee3e20 8, 31 0, L_0x5dfd16f06c90; 1 drivers
v0x5dfd16ee3e20_9 .net v0x5dfd16ee3e20 9, 31 0, L_0x5dfd16f06d60; 1 drivers
v0x5dfd16ee3e20_10 .net v0x5dfd16ee3e20 10, 31 0, L_0x5dfd16f06e30; 1 drivers
v0x5dfd16ee3e20_11 .net v0x5dfd16ee3e20 11, 31 0, L_0x5dfd16f06f00; 1 drivers
v0x5dfd16ee3e20_12 .net v0x5dfd16ee3e20 12, 31 0, L_0x5dfd16f06fd0; 1 drivers
v0x5dfd16ee4080 .array "CPU_Xreg_value_a3", 0 31;
v0x5dfd16ee4080_0 .net v0x5dfd16ee4080 0, 31 0, L_0x5dfd16f17800; 1 drivers
v0x5dfd16ee4080_1 .net v0x5dfd16ee4080 1, 31 0, L_0x5dfd16f180e0; 1 drivers
v0x5dfd16ee4080_2 .net v0x5dfd16ee4080 2, 31 0, L_0x5dfd16f188c0; 1 drivers
v0x5dfd16ee4080_3 .net v0x5dfd16ee4080 3, 31 0, L_0x5dfd16f19050; 1 drivers
v0x5dfd16ee4080_4 .net v0x5dfd16ee4080 4, 31 0, L_0x5dfd16f198d0; 1 drivers
v0x5dfd16ee4080_5 .net v0x5dfd16ee4080 5, 31 0, L_0x5dfd16f1a050; 1 drivers
v0x5dfd16ee4080_6 .net v0x5dfd16ee4080 6, 31 0, L_0x5dfd16f1a810; 1 drivers
v0x5dfd16ee4080_7 .net v0x5dfd16ee4080 7, 31 0, L_0x5dfd16f1b0d0; 1 drivers
v0x5dfd16ee4080_8 .net v0x5dfd16ee4080 8, 31 0, L_0x5dfd16f1bbf0; 1 drivers
v0x5dfd16ee4080_9 .net v0x5dfd16ee4080 9, 31 0, L_0x5dfd16f1c340; 1 drivers
v0x5dfd16ee4080_10 .net v0x5dfd16ee4080 10, 31 0, L_0x5dfd16f1cad0; 1 drivers
v0x5dfd16ee4080_11 .net v0x5dfd16ee4080 11, 31 0, L_0x5dfd16f1d220; 1 drivers
v0x5dfd16ee4080_12 .net v0x5dfd16ee4080 12, 31 0, L_0x5dfd16f1d9e0; 1 drivers
v0x5dfd16ee4080_13 .net v0x5dfd16ee4080 13, 31 0, L_0x5dfd16f1e130; 1 drivers
v0x5dfd16ee4080_14 .net v0x5dfd16ee4080 14, 31 0, L_0x5dfd16f1e890; 1 drivers
v0x5dfd16ee4080_15 .net v0x5dfd16ee4080 15, 31 0, L_0x5dfd16f1f1f0; 1 drivers
v0x5dfd16ee4080_16 .net v0x5dfd16ee4080 16, 31 0, L_0x5dfd16f1fe10; 1 drivers
v0x5dfd16ee4080_17 .net v0x5dfd16ee4080 17, 31 0, L_0x5dfd16f205c0; 1 drivers
v0x5dfd16ee4080_18 .net v0x5dfd16ee4080 18, 31 0, L_0x5dfd16f20e10; 1 drivers
v0x5dfd16ee4080_19 .net v0x5dfd16ee4080 19, 31 0, L_0x5dfd16f215c0; 1 drivers
v0x5dfd16ee4080_20 .net v0x5dfd16ee4080 20, 31 0, L_0x5dfd16f21d80; 1 drivers
v0x5dfd16ee4080_21 .net v0x5dfd16ee4080 21, 31 0, L_0x5dfd16f22530; 1 drivers
v0x5dfd16ee4080_22 .net v0x5dfd16ee4080 22, 31 0, L_0x5dfd16f22da0; 1 drivers
v0x5dfd16ee4080_23 .net v0x5dfd16ee4080 23, 31 0, L_0x5dfd16f23550; 1 drivers
v0x5dfd16ee4080_24 .net v0x5dfd16ee4080 24, 31 0, L_0x5dfd16f23dd0; 1 drivers
v0x5dfd16ee4080_25 .net v0x5dfd16ee4080 25, 31 0, L_0x5dfd16f24580; 1 drivers
v0x5dfd16ee4080_26 .net v0x5dfd16ee4080 26, 31 0, L_0x5dfd16f24e10; 1 drivers
v0x5dfd16ee4080_27 .net v0x5dfd16ee4080 27, 31 0, L_0x5dfd16f255c0; 1 drivers
v0x5dfd16ee4080_28 .net v0x5dfd16ee4080 28, 31 0, L_0x5dfd16f25e60; 1 drivers
v0x5dfd16ee4080_29 .net v0x5dfd16ee4080 29, 31 0, L_0x5dfd16f26610; 1 drivers
v0x5dfd16ee4080_30 .net v0x5dfd16ee4080 30, 31 0, L_0x5dfd16f26ec0; 1 drivers
v0x5dfd16ee4080_31 .net v0x5dfd16ee4080 31, 31 0, L_0x5dfd16f280c0; 1 drivers
v0x5dfd16ee4590 .array "CPU_Xreg_value_a4", 0 31, 31 0;
v0x5dfd16ee4a50 .array "CPU_Xreg_value_a5", 0 31, 31 0;
v0x5dfd16ee4b10_0 .net "CPU_br_tgt_pc_a2", 31 0, L_0x5dfd16f41350;  1 drivers
v0x5dfd16ee4bf0_0 .var "CPU_br_tgt_pc_a3", 31 0;
v0x5dfd16ee4d60_0 .net "CPU_dec_bits_a1", 10 0, L_0x5dfd16f3c3d0;  1 drivers
v0x5dfd16ee4e40_0 .net "CPU_dmem_addr_a4", 3 0, v0x5dfd16eedeb0_0;  1 drivers
v0x5dfd16ee4f20_0 .var "CPU_dmem_rd_data_a5", 31 0;
v0x5dfd16ee5000_0 .net "CPU_dmem_rd_en_a4", 0 0, L_0x5dfd16f4ced0;  1 drivers
v0x5dfd16ee50a0_0 .net "CPU_dmem_wr_data_a4", 31 0, v0x5dfd16eef050_0;  1 drivers
v0x5dfd16ee5160_0 .net "CPU_dmem_wr_en_a4", 0 0, L_0x5dfd16f4d1c0;  1 drivers
v0x5dfd16ee5220_0 .net "CPU_funct3_a1", 2 0, L_0x5dfd16f3b950;  1 drivers
v0x5dfd16ee5300_0 .net "CPU_funct3_valid_a1", 0 0, L_0x5dfd16f3b240;  1 drivers
v0x5dfd16ee54d0_0 .net "CPU_funct7_a1", 6 0, L_0x5dfd16f3bdc0;  1 drivers
v0x5dfd16ee55b0_0 .net "CPU_funct7_valid_a1", 0 0, L_0x5dfd16f3b300;  1 drivers
v0x5dfd16ee5670_0 .net "CPU_imem_rd_addr_a0", 31 0, L_0x5dfd16f305d0;  1 drivers
v0x5dfd16ee5750_0 .var "CPU_imem_rd_addr_a1", 31 0;
v0x5dfd16ee5830_0 .net "CPU_imem_rd_data_a1", 31 0, L_0x5dfd16f4de30;  1 drivers
v0x5dfd16ee5910_0 .net "CPU_imem_rd_en_a0", 0 0, L_0x5dfd16f30230;  1 drivers
v0x5dfd16ee59d0_0 .var "CPU_imem_rd_en_a1", 0 0;
v0x5dfd16ee5a90_0 .net "CPU_imm_a1", 31 0, L_0x5dfd16f3a350;  1 drivers
v0x5dfd16ee5b70_0 .var "CPU_imm_a2", 31 0;
v0x5dfd16ee5c50_0 .var "CPU_imm_a3", 31 0;
v0x5dfd16ee5d30_0 .net "CPU_inc_pc_a1", 31 0, L_0x5dfd16f30980;  1 drivers
v0x5dfd16ee5e10_0 .var "CPU_inc_pc_a2", 31 0;
v0x5dfd16ee5ef0_0 .var "CPU_inc_pc_a3", 31 0;
v0x5dfd16ee5fd0_0 .net "CPU_instr_a1", 31 0, L_0x5dfd16f308e0;  1 drivers
v0x5dfd16ee60b0_0 .net "CPU_is_add_a1", 0 0, L_0x5dfd16f3e150;  1 drivers
v0x5dfd16ee6170_0 .var "CPU_is_add_a2", 0 0;
v0x5dfd16ee6230_0 .var "CPU_is_add_a3", 0 0;
v0x5dfd16ee62f0_0 .net "CPU_is_addi_a1", 0 0, L_0x5dfd16f3dd00;  1 drivers
v0x5dfd16ee63b0_0 .var "CPU_is_addi_a2", 0 0;
v0x5dfd16ee6470_0 .var "CPU_is_addi_a3", 0 0;
v0x5dfd16ee6530_0 .net "CPU_is_and_a1", 0 0, L_0x5dfd16f3e400;  1 drivers
v0x5dfd16ee65f0_0 .var "CPU_is_and_a2", 0 0;
v0x5dfd16ee66b0_0 .var "CPU_is_and_a3", 0 0;
v0x5dfd16ee6770_0 .net "CPU_is_andi_a1", 0 0, L_0x5dfd16f3e5f0;  1 drivers
v0x5dfd16ee6830_0 .var "CPU_is_andi_a2", 0 0;
v0x5dfd16ee68f0_0 .var "CPU_is_andi_a3", 0 0;
v0x5dfd16ee69b0_0 .net "CPU_is_auipc_a1", 0 0, L_0x5dfd16f40170;  1 drivers
v0x5dfd16ee6a70_0 .var "CPU_is_auipc_a2", 0 0;
v0x5dfd16ee6b30_0 .var "CPU_is_auipc_a3", 0 0;
v0x5dfd16ee6bf0_0 .net "CPU_is_b_instr_a1", 0 0, L_0x5dfd16f33ab0;  1 drivers
v0x5dfd16ee6cb0_0 .net "CPU_is_beq_a1", 0 0, L_0x5dfd16f3ca40;  1 drivers
v0x5dfd16ee6d70_0 .var "CPU_is_beq_a2", 0 0;
v0x5dfd16ee6e30_0 .var "CPU_is_beq_a3", 0 0;
v0x5dfd16ee6ef0_0 .var "CPU_is_beq_a4", 0 0;
v0x5dfd16ee6fb0_0 .var "CPU_is_beq_a5", 0 0;
v0x5dfd16ee7070_0 .net "CPU_is_bge_a1", 0 0, L_0x5dfd16f3dbc0;  1 drivers
v0x5dfd16ee7130_0 .var "CPU_is_bge_a2", 0 0;
v0x5dfd16ee71f0_0 .var "CPU_is_bge_a3", 0 0;
v0x5dfd16ee72b0_0 .var "CPU_is_bge_a4", 0 0;
v0x5dfd16ee7370_0 .var "CPU_is_bge_a5", 0 0;
v0x5dfd16ee7430_0 .net "CPU_is_bgeu_a1", 0 0, L_0x5dfd16f3d980;  1 drivers
v0x5dfd16ee74f0_0 .var "CPU_is_bgeu_a2", 0 0;
v0x5dfd16ee75b0_0 .var "CPU_is_bgeu_a3", 0 0;
v0x5dfd16ee7670_0 .var "CPU_is_bgeu_a4", 0 0;
v0x5dfd16ee7730_0 .var "CPU_is_bgeu_a5", 0 0;
v0x5dfd16ee77f0_0 .net "CPU_is_blt_a1", 0 0, L_0x5dfd16f3d610;  1 drivers
v0x5dfd16ee78b0_0 .var "CPU_is_blt_a2", 0 0;
v0x5dfd16ee7970_0 .var "CPU_is_blt_a3", 0 0;
v0x5dfd16ee7e40_0 .var "CPU_is_blt_a4", 0 0;
v0x5dfd16ee7f00_0 .var "CPU_is_blt_a5", 0 0;
v0x5dfd16ee7fc0_0 .net "CPU_is_bltu_a1", 0 0, L_0x5dfd16f3d7a0;  1 drivers
v0x5dfd16ee8080_0 .var "CPU_is_bltu_a2", 0 0;
v0x5dfd16ee8140_0 .var "CPU_is_bltu_a3", 0 0;
v0x5dfd16ee8200_0 .var "CPU_is_bltu_a4", 0 0;
v0x5dfd16ee82c0_0 .var "CPU_is_bltu_a5", 0 0;
v0x5dfd16ee8380_0 .net "CPU_is_bne_a1", 0 0, L_0x5dfd16f3d020;  1 drivers
v0x5dfd16ee8440_0 .var "CPU_is_bne_a2", 0 0;
v0x5dfd16ee8500_0 .var "CPU_is_bne_a3", 0 0;
v0x5dfd16ee85c0_0 .var "CPU_is_bne_a4", 0 0;
v0x5dfd16ee8680_0 .var "CPU_is_bne_a5", 0 0;
v0x5dfd16ee8740_0 .net "CPU_is_i_instr_a1", 0 0, L_0x5dfd16f32240;  1 drivers
v0x5dfd16ee8800_0 .net "CPU_is_j_instr_a1", 0 0, L_0x5dfd16f35430;  1 drivers
v0x5dfd16ee88c0_0 .net "CPU_is_jal_a1", 0 0, L_0x5dfd16f40380;  1 drivers
v0x5dfd16ee8980_0 .var "CPU_is_jal_a2", 0 0;
v0x5dfd16ee8a40_0 .var "CPU_is_jal_a3", 0 0;
v0x5dfd16ee8b00_0 .net "CPU_is_jalr_a1", 0 0, L_0x5dfd16f40590;  1 drivers
v0x5dfd16ee8bc0_0 .var "CPU_is_jalr_a2", 0 0;
v0x5dfd16ee8c80_0 .var "CPU_is_jalr_a3", 0 0;
v0x5dfd16ee8d40_0 .net "CPU_is_jump_a1", 0 0, L_0x5dfd16f40da0;  1 drivers
v0x5dfd16ee8e00_0 .var "CPU_is_jump_a2", 0 0;
v0x5dfd16ee8ec0_0 .var "CPU_is_jump_a3", 0 0;
v0x5dfd16ee8f80_0 .net "CPU_is_load_a1", 0 0, L_0x5dfd16f3f5e0;  1 drivers
v0x5dfd16ee9040_0 .var "CPU_is_load_a2", 0 0;
v0x5dfd16ee9100_0 .var "CPU_is_load_a3", 0 0;
v0x5dfd16ee91c0_0 .net "CPU_is_lui_a1", 0 0, L_0x5dfd16f3fef0;  1 drivers
v0x5dfd16ee9280_0 .var "CPU_is_lui_a2", 0 0;
v0x5dfd16ee9340_0 .var "CPU_is_lui_a3", 0 0;
v0x5dfd16ee9400_0 .net "CPU_is_or_a1", 0 0, L_0x5dfd16f3de40;  1 drivers
v0x5dfd16ee94c0_0 .var "CPU_is_or_a2", 0 0;
v0x5dfd16ee9580_0 .var "CPU_is_or_a3", 0 0;
v0x5dfd16ee9640_0 .net "CPU_is_ori_a1", 0 0, L_0x5dfd16f3dfd0;  1 drivers
v0x5dfd16ee9700_0 .var "CPU_is_ori_a2", 0 0;
v0x5dfd16ee97c0_0 .var "CPU_is_ori_a3", 0 0;
v0x5dfd16ee9880_0 .net "CPU_is_r_instr_a1", 0 0, L_0x5dfd16f33620;  1 drivers
v0x5dfd16ee9940_0 .net "CPU_is_s_instr_a1", 0 0, L_0x5dfd16f34f40;  1 drivers
v0x5dfd16ee9a00_0 .var "CPU_is_s_instr_a2", 0 0;
v0x5dfd16ee9ac0_0 .var "CPU_is_s_instr_a3", 0 0;
v0x5dfd16ee9b80_0 .var "CPU_is_s_instr_a4", 0 0;
v0x5dfd16ee9c40_0 .net "CPU_is_sb_a1", 0 0, L_0x5dfd16f3f7f0;  1 drivers
v0x5dfd16ee9d00_0 .var "CPU_is_sb_a2", 0 0;
v0x5dfd16ee9dc0_0 .var "CPU_is_sb_a3", 0 0;
v0x5dfd16ee9e80_0 .var "CPU_is_sb_a4", 0 0;
v0x5dfd16ee9f40_0 .var "CPU_is_sb_a5", 0 0;
v0x5dfd16eea000_0 .net "CPU_is_sh_a1", 0 0, L_0x5dfd16f3fb00;  1 drivers
v0x5dfd16eea0c0_0 .var "CPU_is_sh_a2", 0 0;
v0x5dfd16eea180_0 .var "CPU_is_sh_a3", 0 0;
v0x5dfd16eea240_0 .var "CPU_is_sh_a4", 0 0;
v0x5dfd16eea300_0 .var "CPU_is_sh_a5", 0 0;
v0x5dfd16eea3c0_0 .net "CPU_is_sll_a1", 0 0, L_0x5dfd16f3efd0;  1 drivers
v0x5dfd16eea480_0 .var "CPU_is_sll_a2", 0 0;
v0x5dfd16eea540_0 .var "CPU_is_sll_a3", 0 0;
v0x5dfd16eea600_0 .net "CPU_is_slli_a1", 0 0, L_0x5dfd16f3f300;  1 drivers
v0x5dfd16eea6c0_0 .var "CPU_is_slli_a2", 0 0;
v0x5dfd16eea780_0 .var "CPU_is_slli_a3", 0 0;
v0x5dfd16eea840_0 .net "CPU_is_slt_a1", 0 0, L_0x5dfd16f3f0f0;  1 drivers
v0x5dfd16eea900_0 .var "CPU_is_slt_a2", 0 0;
v0x5dfd16eea9c0_0 .var "CPU_is_slt_a3", 0 0;
v0x5dfd16eeaa80_0 .net "CPU_is_slti_a1", 0 0, L_0x5dfd16f3ea60;  1 drivers
v0x5dfd16eeab40_0 .var "CPU_is_slti_a2", 0 0;
v0x5dfd16eeac00_0 .var "CPU_is_slti_a3", 0 0;
v0x5dfd16eeacc0_0 .net "CPU_is_sltiu_a1", 0 0, L_0x5dfd16f3ec70;  1 drivers
v0x5dfd16eead80_0 .var "CPU_is_sltiu_a2", 0 0;
v0x5dfd16eeb650_0 .var "CPU_is_sltiu_a3", 0 0;
v0x5dfd16eeb710_0 .net "CPU_is_sltu_a1", 0 0, L_0x5dfd16f3f8f0;  1 drivers
v0x5dfd16eeb7d0_0 .var "CPU_is_sltu_a2", 0 0;
v0x5dfd16eeb890_0 .var "CPU_is_sltu_a3", 0 0;
v0x5dfd16eeb950_0 .net "CPU_is_sra_a1", 0 0, L_0x5dfd16f3f3f0;  1 drivers
v0x5dfd16eeba10_0 .var "CPU_is_sra_a2", 0 0;
v0x5dfd16eebad0_0 .var "CPU_is_sra_a3", 0 0;
v0x5dfd16eebb90_0 .net "CPU_is_srai_a1", 0 0, L_0x5dfd16f3eeb0;  1 drivers
v0x5dfd16eebc50_0 .var "CPU_is_srai_a2", 0 0;
v0x5dfd16eebd10_0 .var "CPU_is_srai_a3", 0 0;
v0x5dfd16eebdd0_0 .net "CPU_is_srl_a1", 0 0, L_0x5dfd16f3f9e0;  1 drivers
v0x5dfd16eebe90_0 .var "CPU_is_srl_a2", 0 0;
v0x5dfd16eebf50_0 .var "CPU_is_srl_a3", 0 0;
v0x5dfd16eec010_0 .net "CPU_is_srli_a1", 0 0, L_0x5dfd16f3ed90;  1 drivers
v0x5dfd16eec0d0_0 .var "CPU_is_srli_a2", 0 0;
v0x5dfd16eec190_0 .var "CPU_is_srli_a3", 0 0;
v0x5dfd16eec250_0 .net "CPU_is_sub_a1", 0 0, L_0x5dfd16f3e8a0;  1 drivers
v0x5dfd16eec310_0 .var "CPU_is_sub_a2", 0 0;
v0x5dfd16eec3d0_0 .var "CPU_is_sub_a3", 0 0;
v0x5dfd16eec490_0 .net "CPU_is_sw_a1", 0 0, L_0x5dfd16f3fce0;  1 drivers
v0x5dfd16eec550_0 .var "CPU_is_sw_a2", 0 0;
v0x5dfd16eec610_0 .var "CPU_is_sw_a3", 0 0;
v0x5dfd16eec6d0_0 .var "CPU_is_sw_a4", 0 0;
v0x5dfd16eec790_0 .var "CPU_is_sw_a5", 0 0;
v0x5dfd16eec850_0 .net "CPU_is_u_instr_a1", 0 0, L_0x5dfd16f344f0;  1 drivers
v0x5dfd16eec910_0 .net "CPU_is_xor_a1", 0 0, L_0x5dfd16f3e710;  1 drivers
v0x5dfd16eec9d0_0 .var "CPU_is_xor_a2", 0 0;
v0x5dfd16eeca90_0 .var "CPU_is_xor_a3", 0 0;
v0x5dfd16eecb50_0 .net "CPU_is_xori_a1", 0 0, L_0x5dfd16f3e290;  1 drivers
v0x5dfd16eecc10_0 .var "CPU_is_xori_a2", 0 0;
v0x5dfd16eeccd0_0 .var "CPU_is_xori_a3", 0 0;
v0x5dfd16eecd90_0 .net "CPU_jalr_tgt_pc_a2", 31 0, L_0x5dfd16f407c0;  1 drivers
v0x5dfd16eece70_0 .var "CPU_jalr_tgt_pc_a3", 31 0;
v0x5dfd16eecf50_0 .net "CPU_ld_data_a5", 31 0, v0x5dfd16ee4f20_0;  1 drivers
v0x5dfd16eed030_0 .net "CPU_opcode_a1", 6 0, L_0x5dfd16f3be60;  1 drivers
v0x5dfd16eed110_0 .net "CPU_pc_a0", 31 0, L_0x5dfd16f300f0;  1 drivers
v0x5dfd16eed1f0_0 .var "CPU_pc_a1", 31 0;
v0x5dfd16eed2d0_0 .var "CPU_pc_a2", 31 0;
v0x5dfd16eed3b0_0 .var "CPU_pc_a3", 31 0;
v0x5dfd16eed490_0 .var "CPU_rd_a2", 4 0;
v0x5dfd16eed570_0 .var "CPU_rd_a3", 4 0;
v0x5dfd16eed650_0 .var "CPU_rd_a4", 4 0;
v0x5dfd16eed730_0 .var "CPU_rd_a5", 4 0;
v0x5dfd16eed810_0 .net "CPU_rd_valid_a1", 0 0, L_0x5dfd16f3aec0;  1 drivers
v0x5dfd16eed8b0_0 .var "CPU_rd_valid_a2", 0 0;
v0x5dfd16eed950_0 .var "CPU_rd_valid_a3", 0 0;
v0x5dfd16eed9f0_0 .var "CPU_rd_valid_a4", 0 0;
v0x5dfd16eeda90_0 .net "CPU_reset_a0", 0 0, L_0x5dfd16f2f530;  1 drivers
v0x5dfd16eedb30_0 .var "CPU_reset_a1", 0 0;
v0x5dfd16eedbd0_0 .var "CPU_reset_a2", 0 0;
v0x5dfd16eedc70_0 .var "CPU_reset_a3", 0 0;
v0x5dfd16eedd10_0 .var "CPU_reset_a4", 0 0;
v0x5dfd16eeddd0_0 .net "CPU_result_a3", 31 0, L_0x5dfd16f4a380;  1 drivers
v0x5dfd16eedeb0_0 .var "CPU_result_a4", 5 2;
v0x5dfd16eedf90_0 .net "CPU_rf_rd_data1_a2", 31 0, L_0x5dfd16f4e240;  1 drivers
v0x5dfd16eee070_0 .net "CPU_rf_rd_data2_a2", 31 0, L_0x5dfd16f4e580;  1 drivers
v0x5dfd16eee150_0 .net "CPU_rf_rd_en1_a2", 0 0, L_0x5dfd16f40eb0;  1 drivers
v0x5dfd16eee210_0 .net "CPU_rf_rd_en2_a2", 0 0, L_0x5dfd16f410b0;  1 drivers
v0x5dfd16eee2d0_0 .net "CPU_rf_rd_index1_a2", 4 0, L_0x5dfd16f41010;  1 drivers
v0x5dfd16eee3b0_0 .net "CPU_rf_rd_index2_a2", 4 0, L_0x5dfd16f41280;  1 drivers
v0x5dfd16eee490_0 .net "CPU_rf_wr_data_a3", 31 0, L_0x5dfd16f4abf0;  1 drivers
v0x5dfd16eee570_0 .net "CPU_rf_wr_en_a3", 0 0, L_0x5dfd16f4a830;  1 drivers
v0x5dfd16eee630_0 .net "CPU_rf_wr_index_a3", 4 0, L_0x5dfd16f4b4e0;  1 drivers
v0x5dfd16eee710_0 .var "CPU_rs1_a2", 4 0;
v0x5dfd16eee7f0_0 .net "CPU_rs1_valid_a1", 0 0, L_0x5dfd16f3ac70;  1 drivers
v0x5dfd16eee890_0 .var "CPU_rs1_valid_a2", 0 0;
v0x5dfd16eee930_0 .var "CPU_rs2_a2", 4 0;
v0x5dfd16eeea10_0 .net "CPU_rs2_valid_a1", 0 0, L_0x5dfd16f3a950;  1 drivers
v0x5dfd16eeeab0_0 .var "CPU_rs2_valid_a2", 0 0;
v0x5dfd16eeeb50_0 .net "CPU_sltiu_result_a3", 0 0, L_0x5dfd16f41790;  1 drivers
v0x5dfd16eeec10_0 .net "CPU_sltu_result_a3", 0 0, L_0x5dfd16f416f0;  1 drivers
v0x5dfd16eeecd0_0 .net "CPU_src1_value_a2", 31 0, L_0x5dfd16f40b90;  1 drivers
v0x5dfd16eeedb0_0 .var "CPU_src1_value_a3", 31 0;
v0x5dfd16eeee90_0 .net "CPU_src2_value_a2", 31 0, L_0x5dfd16f415b0;  1 drivers
v0x5dfd16eeef70_0 .var "CPU_src2_value_a3", 31 0;
v0x5dfd16eef050_0 .var "CPU_src2_value_a4", 31 0;
v0x5dfd16eef130_0 .net "CPU_taken_br_a3", 0 0, L_0x5dfd16f4c450;  1 drivers
v0x5dfd16eef1f0_0 .net "CPU_valid_a3", 0 0, L_0x5dfd16f4dcf0;  1 drivers
v0x5dfd16eef2b0_0 .var "CPU_valid_a4", 0 0;
v0x5dfd16eef370_0 .net "CPU_valid_jump_a3", 0 0, L_0x5dfd16f4ce60;  1 drivers
v0x5dfd16eef430_0 .var "CPU_valid_jump_a4", 0 0;
v0x5dfd16eef4f0_0 .var "CPU_valid_jump_a5", 0 0;
v0x5dfd16eef5b0_0 .net "CPU_valid_load_a3", 0 0, L_0x5dfd16f4c7f0;  1 drivers
v0x5dfd16eef670_0 .var "CPU_valid_load_a4", 0 0;
v0x5dfd16eef730_0 .var "CPU_valid_load_a5", 0 0;
v0x5dfd16eef7f0_0 .net "CPU_valid_taken_br_a3", 0 0, L_0x5dfd16f4c590;  1 drivers
v0x5dfd16eef8b0_0 .var "CPU_valid_taken_br_a4", 0 0;
v0x5dfd16eef970_0 .var "CPU_valid_taken_br_a5", 0 0;
v0x5dfd16eefa30_0 .var "OUT", 9 0;
L_0x70cdf5c74508 .functor BUFT 1, C4<00000000000000000000000000000000>, C4<0>, C4<0>, C4<0>;
v0x5dfd16eefb10_0 .net/2u *"_ivl_1001", 31 0, L_0x70cdf5c74508;  1 drivers
v0x5dfd16eefbf0_0 .net *"_ivl_1005", 31 0, L_0x5dfd16f4e010;  1 drivers
v0x5dfd16eefcd0_0 .net *"_ivl_1007", 6 0, L_0x5dfd16f4e0b0;  1 drivers
L_0x70cdf5c74550 .functor BUFT 1, C4<00>, C4<0>, C4<0>, C4<0>;
v0x5dfd16eefdb0_0 .net *"_ivl_1010", 1 0, L_0x70cdf5c74550;  1 drivers
v0x5dfd16eefe90_0 .net *"_ivl_1013", 31 0, L_0x5dfd16f4e350;  1 drivers
v0x5dfd16eeff70_0 .net *"_ivl_1015", 6 0, L_0x5dfd16f4e3f0;  1 drivers
L_0x70cdf5c74598 .functor BUFT 1, C4<00>, C4<0>, C4<0>, C4<0>;
v0x5dfd16ef0050_0 .net *"_ivl_1018", 1 0, L_0x70cdf5c74598;  1 drivers
v0x5dfd16ef0130_0 .net *"_ivl_1021", 31 0, L_0x5dfd16f4e690;  1 drivers
v0x5dfd16ef0210_0 .net *"_ivl_1023", 5 0, L_0x5dfd16f4f6e0;  1 drivers
L_0x70cdf5c745e0 .functor BUFT 1, C4<00>, C4<0>, C4<0>, C4<0>;
v0x5dfd16ef02f0_0 .net *"_ivl_1026", 1 0, L_0x70cdf5c745e0;  1 drivers
L_0x70cdf5c72588 .functor BUFT 1, C4<00000000000000000000000000000000>, C4<0>, C4<0>, C4<0>;
v0x5dfd16ef03d0_0 .net/2u *"_ivl_128", 31 0, L_0x70cdf5c72588;  1 drivers
v0x5dfd16ef04b0_0 .net *"_ivl_131", 0 0, L_0x5dfd16f2f600;  1 drivers
v0x5dfd16ef0570_0 .net *"_ivl_133", 0 0, L_0x5dfd16f2f700;  1 drivers
v0x5dfd16ef0630_0 .net *"_ivl_134", 31 0, L_0x5dfd16f2f820;  1 drivers
v0x5dfd16ef0710_0 .net *"_ivl_136", 31 0, L_0x5dfd16f2f970;  1 drivers
v0x5dfd16ef07f0_0 .net *"_ivl_138", 31 0, L_0x5dfd16f2fc80;  1 drivers
v0x5dfd16ef08d0_0 .net *"_ivl_140", 31 0, L_0x5dfd16f2fda0;  1 drivers
v0x5dfd16ef09b0_0 .net *"_ivl_147", 3 0, L_0x5dfd16f304e0;  1 drivers
L_0x70cdf5c725d0 .functor BUFT 1, C4<0000000000000000000000000000>, C4<0>, C4<0>, C4<0>;
v0x5dfd16ef0a90_0 .net *"_ivl_151", 27 0, L_0x70cdf5c725d0;  1 drivers
L_0x70cdf5c72618 .functor BUFT 1, C4<00000000000000000000000000000100>, C4<0>, C4<0>, C4<0>;
v0x5dfd16ef0b70_0 .net/2u *"_ivl_154", 31 0, L_0x70cdf5c72618;  1 drivers
v0x5dfd16ef0c50_0 .net *"_ivl_159", 4 0, L_0x5dfd16f30b30;  1 drivers
L_0x70cdf5c72660 .functor BUFT 1, C4<00000>, C4<0>, C4<0>, C4<0>;
v0x5dfd16ef0d30_0 .net/2u *"_ivl_160", 4 0, L_0x70cdf5c72660;  1 drivers
v0x5dfd16ef0e10_0 .net *"_ivl_162", 0 0, L_0x5dfd16f30e00;  1 drivers
v0x5dfd16ef0ed0_0 .net *"_ivl_165", 4 0, L_0x5dfd16f30f70;  1 drivers
L_0x70cdf5c726a8 .functor BUFT 1, C4<00001>, C4<0>, C4<0>, C4<0>;
v0x5dfd16ef0fb0_0 .net/2u *"_ivl_166", 4 0, L_0x70cdf5c726a8;  1 drivers
v0x5dfd16ef1090_0 .net *"_ivl_168", 0 0, L_0x5dfd16f31200;  1 drivers
v0x5dfd16ef1150_0 .net *"_ivl_171", 0 0, L_0x5dfd16f30a20;  1 drivers
v0x5dfd16ef1210_0 .net *"_ivl_173", 4 0, L_0x5dfd16f31450;  1 drivers
L_0x70cdf5c726f0 .functor BUFT 1, C4<00100>, C4<0>, C4<0>, C4<0>;
v0x5dfd16ef12f0_0 .net/2u *"_ivl_174", 4 0, L_0x70cdf5c726f0;  1 drivers
v0x5dfd16ef13d0_0 .net *"_ivl_176", 0 0, L_0x5dfd16f316f0;  1 drivers
v0x5dfd16ef1490_0 .net *"_ivl_179", 0 0, L_0x5dfd16f317e0;  1 drivers
v0x5dfd16ef1550_0 .net *"_ivl_181", 4 0, L_0x5dfd16f318f0;  1 drivers
L_0x70cdf5c72738 .functor BUFT 1, C4<00110>, C4<0>, C4<0>, C4<0>;
v0x5dfd16ef1630_0 .net/2u *"_ivl_182", 4 0, L_0x70cdf5c72738;  1 drivers
v0x5dfd16ef1710_0 .net *"_ivl_184", 0 0, L_0x5dfd16f31ba0;  1 drivers
v0x5dfd16ef17d0_0 .net *"_ivl_187", 0 0, L_0x5dfd16f31ce0;  1 drivers
v0x5dfd16ef1890_0 .net *"_ivl_189", 4 0, L_0x5dfd16f31e40;  1 drivers
L_0x70cdf5c72780 .functor BUFT 1, C4<11001>, C4<0>, C4<0>, C4<0>;
v0x5dfd16ef1970_0 .net/2u *"_ivl_190", 4 0, L_0x70cdf5c72780;  1 drivers
v0x5dfd16ef1a50_0 .net *"_ivl_192", 0 0, L_0x5dfd16f32100;  1 drivers
v0x5dfd16ef1b10_0 .net *"_ivl_197", 4 0, L_0x5dfd16f32350;  1 drivers
L_0x70cdf5c727c8 .functor BUFT 1, C4<01011>, C4<0>, C4<0>, C4<0>;
v0x5dfd16eeae60_0 .net/2u *"_ivl_198", 4 0, L_0x70cdf5c727c8;  1 drivers
v0x5dfd16eeaf40_0 .net *"_ivl_200", 0 0, L_0x5dfd16f32620;  1 drivers
v0x5dfd16eeb000_0 .net *"_ivl_203", 4 0, L_0x5dfd16f32760;  1 drivers
L_0x70cdf5c72810 .functor BUFT 1, C4<10100>, C4<0>, C4<0>, C4<0>;
v0x5dfd16eeb0e0_0 .net/2u *"_ivl_204", 4 0, L_0x70cdf5c72810;  1 drivers
v0x5dfd16eeb1c0_0 .net *"_ivl_206", 0 0, L_0x5dfd16f32a40;  1 drivers
v0x5dfd16eeb280_0 .net *"_ivl_209", 0 0, L_0x5dfd16f32b80;  1 drivers
v0x5dfd16eeb340_0 .net *"_ivl_211", 4 0, L_0x5dfd16f32cf0;  1 drivers
L_0x70cdf5c72858 .functor BUFT 1, C4<01100>, C4<0>, C4<0>, C4<0>;
v0x5dfd16eeb420_0 .net/2u *"_ivl_212", 4 0, L_0x70cdf5c72858;  1 drivers
v0x5dfd16eeb500_0 .net *"_ivl_214", 0 0, L_0x5dfd16f32fe0;  1 drivers
v0x5dfd16ef2bc0_0 .net *"_ivl_217", 0 0, L_0x5dfd16f330d0;  1 drivers
v0x5dfd16ef2c60_0 .net *"_ivl_219", 4 0, L_0x5dfd16f331e0;  1 drivers
L_0x70cdf5c728a0 .functor BUFT 1, C4<01101>, C4<0>, C4<0>, C4<0>;
v0x5dfd16ef2d00_0 .net/2u *"_ivl_220", 4 0, L_0x70cdf5c728a0;  1 drivers
v0x5dfd16ef2de0_0 .net *"_ivl_222", 0 0, L_0x5dfd16f334e0;  1 drivers
v0x5dfd16ef2ea0_0 .net *"_ivl_227", 4 0, L_0x5dfd16f337a0;  1 drivers
L_0x70cdf5c728e8 .functor BUFT 1, C4<11000>, C4<0>, C4<0>, C4<0>;
v0x5dfd16ef2f80_0 .net/2u *"_ivl_228", 4 0, L_0x70cdf5c728e8;  1 drivers
v0x5dfd16ef3060_0 .net *"_ivl_233", 4 0, L_0x5dfd16f33bf0;  1 drivers
L_0x70cdf5c72930 .functor BUFT 1, C4<00101>, C4<0>, C4<0>, C4<0>;
v0x5dfd16ef3140_0 .net/2u *"_ivl_234", 4 0, L_0x70cdf5c72930;  1 drivers
v0x5dfd16ef3220_0 .net *"_ivl_236", 0 0, L_0x5dfd16f33f10;  1 drivers
v0x5dfd16ef32e0_0 .net *"_ivl_239", 4 0, L_0x5dfd16f34050;  1 drivers
L_0x70cdf5c72978 .functor BUFT 1, C4<01101>, C4<0>, C4<0>, C4<0>;
v0x5dfd16ef33c0_0 .net/2u *"_ivl_240", 4 0, L_0x70cdf5c72978;  1 drivers
v0x5dfd16ef34a0_0 .net *"_ivl_242", 0 0, L_0x5dfd16f34380;  1 drivers
v0x5dfd16ef3560_0 .net *"_ivl_247", 4 0, L_0x5dfd16f34600;  1 drivers
L_0x70cdf5c729c0 .functor BUFT 1, C4<01000>, C4<0>, C4<0>, C4<0>;
v0x5dfd16ef3640_0 .net/2u *"_ivl_248", 4 0, L_0x70cdf5c729c0;  1 drivers
v0x5dfd16ef3720_0 .net *"_ivl_250", 0 0, L_0x5dfd16f34940;  1 drivers
v0x5dfd16ef37e0_0 .net *"_ivl_253", 4 0, L_0x5dfd16f34a80;  1 drivers
L_0x70cdf5c72a08 .functor BUFT 1, C4<01001>, C4<0>, C4<0>, C4<0>;
v0x5dfd16ef38c0_0 .net/2u *"_ivl_254", 4 0, L_0x70cdf5c72a08;  1 drivers
v0x5dfd16ef39a0_0 .net *"_ivl_256", 0 0, L_0x5dfd16f34dd0;  1 drivers
v0x5dfd16ef3a60_0 .net *"_ivl_261", 4 0, L_0x5dfd16f350d0;  1 drivers
L_0x70cdf5c72a50 .functor BUFT 1, C4<11011>, C4<0>, C4<0>, C4<0>;
v0x5dfd16ef3b40_0 .net/2u *"_ivl_262", 4 0, L_0x70cdf5c72a50;  1 drivers
v0x5dfd16ef3c20_0 .net *"_ivl_267", 0 0, L_0x5dfd16f35570;  1 drivers
v0x5dfd16ef3d00_0 .net *"_ivl_268", 20 0, L_0x5dfd16f358e0;  1 drivers
v0x5dfd16ef3de0_0 .net *"_ivl_271", 10 0, L_0x5dfd16f35be0;  1 drivers
v0x5dfd16ef3ec0_0 .net *"_ivl_272", 31 0, L_0x5dfd16f35f60;  1 drivers
v0x5dfd16ef3fa0_0 .net *"_ivl_275", 0 0, L_0x5dfd16f36080;  1 drivers
v0x5dfd16ef4080_0 .net *"_ivl_276", 20 0, L_0x5dfd16f36410;  1 drivers
v0x5dfd16ef4160_0 .net *"_ivl_279", 5 0, L_0x5dfd16f36710;  1 drivers
v0x5dfd16ef4240_0 .net *"_ivl_281", 3 0, L_0x5dfd16f36ab0;  1 drivers
v0x5dfd16ef4320_0 .net *"_ivl_283", 0 0, L_0x5dfd16f36b80;  1 drivers
v0x5dfd16ef4400_0 .net *"_ivl_284", 31 0, L_0x5dfd16f36f60;  1 drivers
v0x5dfd16ef44e0_0 .net *"_ivl_287", 0 0, L_0x5dfd16f37150;  1 drivers
v0x5dfd16ef45c0_0 .net *"_ivl_288", 19 0, L_0x5dfd16f37510;  1 drivers
v0x5dfd16ef46a0_0 .net *"_ivl_291", 0 0, L_0x5dfd16f37810;  1 drivers
v0x5dfd16ef4780_0 .net *"_ivl_293", 5 0, L_0x5dfd16f37be0;  1 drivers
v0x5dfd16ef4860_0 .net *"_ivl_295", 3 0, L_0x5dfd16f37c80;  1 drivers
L_0x70cdf5c72a98 .functor BUFT 1, C4<0>, C4<0>, C4<0>, C4<0>;
v0x5dfd16ef4940_0 .net/2u *"_ivl_296", 0 0, L_0x70cdf5c72a98;  1 drivers
v0x5dfd16ef4a20_0 .net *"_ivl_298", 31 0, L_0x5dfd16ee3920;  1 drivers
v0x5dfd16ef4b00_0 .net *"_ivl_301", 19 0, L_0x5dfd16f380b0;  1 drivers
L_0x70cdf5c72ae0 .functor BUFT 1, C4<000000000000>, C4<0>, C4<0>, C4<0>;
v0x5dfd16ef4be0_0 .net/2u *"_ivl_302", 11 0, L_0x70cdf5c72ae0;  1 drivers
v0x5dfd16ef4cc0_0 .net *"_ivl_304", 31 0, L_0x5dfd16f384a0;  1 drivers
v0x5dfd16ef4da0_0 .net *"_ivl_307", 0 0, L_0x5dfd16f385e0;  1 drivers
v0x5dfd16ef4e80_0 .net *"_ivl_308", 11 0, L_0x5dfd16f389e0;  1 drivers
v0x5dfd16ef4f60_0 .net *"_ivl_311", 7 0, L_0x5dfd16f38ad0;  1 drivers
v0x5dfd16ef5040_0 .net *"_ivl_313", 0 0, L_0x5dfd16f38ee0;  1 drivers
v0x5dfd16ef5120_0 .net *"_ivl_315", 9 0, L_0x5dfd16f38f80;  1 drivers
L_0x70cdf5c72b28 .functor BUFT 1, C4<0>, C4<0>, C4<0>, C4<0>;
v0x5dfd16ef5200_0 .net/2u *"_ivl_316", 0 0, L_0x70cdf5c72b28;  1 drivers
v0x5dfd16ef52e0_0 .net *"_ivl_318", 31 0, L_0x5dfd16f393d0;  1 drivers
L_0x70cdf5c72b70 .functor BUFT 1, C4<00000000000000000000000000000000>, C4<0>, C4<0>, C4<0>;
v0x5dfd16ef53c0_0 .net/2u *"_ivl_320", 31 0, L_0x70cdf5c72b70;  1 drivers
v0x5dfd16ef54a0_0 .net *"_ivl_322", 31 0, L_0x5dfd16f395e0;  1 drivers
v0x5dfd16ef5580_0 .net *"_ivl_324", 31 0, L_0x5dfd16f39b00;  1 drivers
v0x5dfd16ef5660_0 .net *"_ivl_326", 31 0, L_0x5dfd16f39c90;  1 drivers
v0x5dfd16ef5740_0 .net *"_ivl_328", 31 0, L_0x5dfd16f3a1c0;  1 drivers
v0x5dfd16ef5820_0 .net *"_ivl_333", 0 0, L_0x5dfd16f3a890;  1 drivers
v0x5dfd16ef58e0_0 .net *"_ivl_337", 0 0, L_0x5dfd16f3aaf0;  1 drivers
v0x5dfd16ef59a0_0 .net *"_ivl_339", 0 0, L_0x5dfd16f3ab60;  1 drivers
v0x5dfd16ef5a60_0 .net *"_ivl_343", 0 0, L_0x5dfd16f3ad30;  1 drivers
v0x5dfd16ef5b20_0 .net *"_ivl_345", 0 0, L_0x5dfd16f3ae50;  1 drivers
v0x5dfd16ef5be0_0 .net *"_ivl_349", 0 0, L_0x5dfd16f3b040;  1 drivers
v0x5dfd16ef5ca0_0 .net *"_ivl_351", 0 0, L_0x5dfd16f3b0b0;  1 drivers
v0x5dfd16ef5d60_0 .net *"_ivl_369", 0 0, L_0x5dfd16f3c2e0;  1 drivers
v0x5dfd16ef5e40_0 .net *"_ivl_373", 9 0, L_0x5dfd16f3c950;  1 drivers
L_0x70cdf5c72bb8 .functor BUFT 1, C4<0001100011>, C4<0>, C4<0>, C4<0>;
v0x5dfd16ef5f20_0 .net/2u *"_ivl_374", 9 0, L_0x70cdf5c72bb8;  1 drivers
v0x5dfd16ef6000_0 .net *"_ivl_379", 9 0, L_0x5dfd16f3cf80;  1 drivers
L_0x70cdf5c72c00 .functor BUFT 1, C4<0011100011>, C4<0>, C4<0>, C4<0>;
v0x5dfd16ef60e0_0 .net/2u *"_ivl_380", 9 0, L_0x70cdf5c72c00;  1 drivers
v0x5dfd16ef61c0_0 .net *"_ivl_385", 9 0, L_0x5dfd16f3d570;  1 drivers
L_0x70cdf5c72c48 .functor BUFT 1, C4<1001100011>, C4<0>, C4<0>, C4<0>;
v0x5dfd16ef62a0_0 .net/2u *"_ivl_386", 9 0, L_0x70cdf5c72c48;  1 drivers
v0x5dfd16ef6380_0 .net *"_ivl_391", 9 0, L_0x5dfd16f3db20;  1 drivers
L_0x70cdf5c72c90 .functor BUFT 1, C4<1011100011>, C4<0>, C4<0>, C4<0>;
v0x5dfd16ef6460_0 .net/2u *"_ivl_392", 9 0, L_0x70cdf5c72c90;  1 drivers
v0x5dfd16ef6540_0 .net *"_ivl_397", 9 0, L_0x5dfd16f3d700;  1 drivers
L_0x70cdf5c72cd8 .functor BUFT 1, C4<1101100011>, C4<0>, C4<0>, C4<0>;
v0x5dfd16ef6620_0 .net/2u *"_ivl_398", 9 0, L_0x70cdf5c72cd8;  1 drivers
v0x5dfd16ef6700_0 .net *"_ivl_403", 9 0, L_0x5dfd16f3d8e0;  1 drivers
L_0x70cdf5c72d20 .functor BUFT 1, C4<1111100011>, C4<0>, C4<0>, C4<0>;
v0x5dfd16ef67e0_0 .net/2u *"_ivl_404", 9 0, L_0x70cdf5c72d20;  1 drivers
L_0x70cdf5c72d68 .functor BUFT 1, C4<00000110011>, C4<0>, C4<0>, C4<0>;
v0x5dfd16ef68c0_0 .net/2u *"_ivl_408", 10 0, L_0x70cdf5c72d68;  1 drivers
v0x5dfd16ef69a0_0 .net *"_ivl_413", 9 0, L_0x5dfd16f3e1f0;  1 drivers
L_0x70cdf5c72db0 .functor BUFT 1, C4<0000010011>, C4<0>, C4<0>, C4<0>;
v0x5dfd16ef6a80_0 .net/2u *"_ivl_414", 9 0, L_0x70cdf5c72db0;  1 drivers
L_0x70cdf5c72df8 .functor BUFT 1, C4<01100110011>, C4<0>, C4<0>, C4<0>;
v0x5dfd16ef6b60_0 .net/2u *"_ivl_418", 10 0, L_0x70cdf5c72df8;  1 drivers
v0x5dfd16ef6c40_0 .net *"_ivl_423", 9 0, L_0x5dfd16f3df30;  1 drivers
L_0x70cdf5c72e40 .functor BUFT 1, C4<1100010011>, C4<0>, C4<0>, C4<0>;
v0x5dfd16ef6d20_0 .net/2u *"_ivl_424", 9 0, L_0x70cdf5c72e40;  1 drivers
L_0x70cdf5c72e88 .functor BUFT 1, C4<01000110011>, C4<0>, C4<0>, C4<0>;
v0x5dfd16ef6e00_0 .net/2u *"_ivl_428", 10 0, L_0x70cdf5c72e88;  1 drivers
v0x5dfd16ef6ee0_0 .net *"_ivl_433", 9 0, L_0x5dfd16f3e800;  1 drivers
L_0x70cdf5c72ed0 .functor BUFT 1, C4<1000010011>, C4<0>, C4<0>, C4<0>;
v0x5dfd16ef6fc0_0 .net/2u *"_ivl_434", 9 0, L_0x70cdf5c72ed0;  1 drivers
L_0x70cdf5c72f18 .functor BUFT 1, C4<01110110011>, C4<0>, C4<0>, C4<0>;
v0x5dfd16ef70a0_0 .net/2u *"_ivl_438", 10 0, L_0x70cdf5c72f18;  1 drivers
v0x5dfd16ef7180_0 .net *"_ivl_443", 9 0, L_0x5dfd16f3e520;  1 drivers
L_0x70cdf5c72f60 .functor BUFT 1, C4<1110010011>, C4<0>, C4<0>, C4<0>;
v0x5dfd16ef7260_0 .net/2u *"_ivl_444", 9 0, L_0x70cdf5c72f60;  1 drivers
L_0x70cdf5c72fa8 .functor BUFT 1, C4<10000110011>, C4<0>, C4<0>, C4<0>;
v0x5dfd16ef7340_0 .net/2u *"_ivl_448", 10 0, L_0x70cdf5c72fa8;  1 drivers
v0x5dfd16ef7420_0 .net *"_ivl_453", 9 0, L_0x5dfd16f3e990;  1 drivers
L_0x70cdf5c72ff0 .functor BUFT 1, C4<0100010011>, C4<0>, C4<0>, C4<0>;
v0x5dfd16ef7500_0 .net/2u *"_ivl_454", 9 0, L_0x70cdf5c72ff0;  1 drivers
v0x5dfd16ef75e0_0 .net *"_ivl_459", 9 0, L_0x5dfd16f3ebd0;  1 drivers
L_0x70cdf5c73038 .functor BUFT 1, C4<0110010011>, C4<0>, C4<0>, C4<0>;
v0x5dfd16ef76c0_0 .net/2u *"_ivl_460", 9 0, L_0x70cdf5c73038;  1 drivers
L_0x70cdf5c73080 .functor BUFT 1, C4<00010010011>, C4<0>, C4<0>, C4<0>;
v0x5dfd16ef77a0_0 .net/2u *"_ivl_464", 10 0, L_0x70cdf5c73080;  1 drivers
L_0x70cdf5c730c8 .functor BUFT 1, C4<01010010011>, C4<0>, C4<0>, C4<0>;
v0x5dfd16ef7880_0 .net/2u *"_ivl_468", 10 0, L_0x70cdf5c730c8;  1 drivers
L_0x70cdf5c73110 .functor BUFT 1, C4<11010010011>, C4<0>, C4<0>, C4<0>;
v0x5dfd16ef7960_0 .net/2u *"_ivl_472", 10 0, L_0x70cdf5c73110;  1 drivers
L_0x70cdf5c73158 .functor BUFT 1, C4<00010110011>, C4<0>, C4<0>, C4<0>;
v0x5dfd16ef7a40_0 .net/2u *"_ivl_476", 10 0, L_0x70cdf5c73158;  1 drivers
L_0x70cdf5c731a0 .functor BUFT 1, C4<00100110011>, C4<0>, C4<0>, C4<0>;
v0x5dfd16ef7b20_0 .net/2u *"_ivl_480", 10 0, L_0x70cdf5c731a0;  1 drivers
L_0x70cdf5c731e8 .functor BUFT 1, C4<00110110011>, C4<0>, C4<0>, C4<0>;
v0x5dfd16ef7c00_0 .net/2u *"_ivl_484", 10 0, L_0x70cdf5c731e8;  1 drivers
L_0x70cdf5c73230 .functor BUFT 1, C4<01010110011>, C4<0>, C4<0>, C4<0>;
v0x5dfd16ef7ce0_0 .net/2u *"_ivl_488", 10 0, L_0x70cdf5c73230;  1 drivers
L_0x70cdf5c73278 .functor BUFT 1, C4<11010110011>, C4<0>, C4<0>, C4<0>;
v0x5dfd16ef7dc0_0 .net/2u *"_ivl_492", 10 0, L_0x70cdf5c73278;  1 drivers
v0x5dfd16ef7ea0_0 .net *"_ivl_497", 6 0, L_0x5dfd16f3f510;  1 drivers
L_0x70cdf5c732c0 .functor BUFT 1, C4<0000011>, C4<0>, C4<0>, C4<0>;
v0x5dfd16ef7f80_0 .net/2u *"_ivl_498", 6 0, L_0x70cdf5c732c0;  1 drivers
v0x5dfd16ef8060_0 .net *"_ivl_503", 9 0, L_0x5dfd16f3f750;  1 drivers
L_0x70cdf5c73308 .functor BUFT 1, C4<0000100011>, C4<0>, C4<0>, C4<0>;
v0x5dfd16ef8140_0 .net/2u *"_ivl_504", 9 0, L_0x70cdf5c73308;  1 drivers
v0x5dfd16ef8220_0 .net *"_ivl_509", 9 0, L_0x5dfd16f400d0;  1 drivers
L_0x70cdf5c73350 .functor BUFT 1, C4<0010100011>, C4<0>, C4<0>, C4<0>;
v0x5dfd16ef8300_0 .net/2u *"_ivl_510", 9 0, L_0x70cdf5c73350;  1 drivers
v0x5dfd16ef83e0_0 .net *"_ivl_515", 9 0, L_0x5dfd16f3fc40;  1 drivers
L_0x70cdf5c73398 .functor BUFT 1, C4<0100100011>, C4<0>, C4<0>, C4<0>;
v0x5dfd16ef84c0_0 .net/2u *"_ivl_516", 9 0, L_0x70cdf5c73398;  1 drivers
v0x5dfd16ef85a0_0 .net *"_ivl_521", 6 0, L_0x5dfd16f3fe50;  1 drivers
L_0x70cdf5c733e0 .functor BUFT 1, C4<0110111>, C4<0>, C4<0>, C4<0>;
v0x5dfd16ef8680_0 .net/2u *"_ivl_522", 6 0, L_0x70cdf5c733e0;  1 drivers
v0x5dfd16ef8760_0 .net *"_ivl_527", 6 0, L_0x5dfd16f40720;  1 drivers
L_0x70cdf5c73428 .functor BUFT 1, C4<0010111>, C4<0>, C4<0>, C4<0>;
v0x5dfd16ef8840_0 .net/2u *"_ivl_528", 6 0, L_0x70cdf5c73428;  1 drivers
v0x5dfd16ef8920_0 .net *"_ivl_533", 6 0, L_0x5dfd16f402e0;  1 drivers
L_0x70cdf5c73470 .functor BUFT 1, C4<1101111>, C4<0>, C4<0>, C4<0>;
v0x5dfd16ef8a00_0 .net/2u *"_ivl_534", 6 0, L_0x70cdf5c73470;  1 drivers
v0x5dfd16ef8ae0_0 .net *"_ivl_539", 9 0, L_0x5dfd16f404f0;  1 drivers
L_0x70cdf5c734b8 .functor BUFT 1, C4<0001100111>, C4<0>, C4<0>, C4<0>;
v0x5dfd16ef8bc0_0 .net/2u *"_ivl_540", 9 0, L_0x70cdf5c734b8;  1 drivers
v0x5dfd16ef8ca0_0 .net *"_ivl_558", 0 0, L_0x5dfd16f40910;  1 drivers
v0x5dfd16ef8d60_0 .net *"_ivl_561", 0 0, L_0x5dfd16f413f0;  1 drivers
v0x5dfd16ef8e20_0 .net *"_ivl_564", 0 0, L_0x5dfd16f41aa0;  1 drivers
v0x5dfd16ef8ee0_0 .net *"_ivl_567", 0 0, L_0x5dfd16f414f0;  1 drivers
v0x5dfd16ef8fa0_0 .net *"_ivl_574", 63 0, L_0x5dfd16f418e0;  1 drivers
L_0x70cdf5c73500 .functor BUFT 1, C4<00000000000000000000000000000000>, C4<0>, C4<0>, C4<0>;
v0x5dfd16ef9080_0 .net *"_ivl_577", 31 0, L_0x70cdf5c73500;  1 drivers
v0x5dfd16ef9160_0 .net *"_ivl_578", 63 0, L_0x5dfd16f41a00;  1 drivers
L_0x70cdf5c73548 .functor BUFT 1, C4<00000000000000000000000000000000>, C4<0>, C4<0>, C4<0>;
v0x5dfd16ef9240_0 .net *"_ivl_581", 31 0, L_0x70cdf5c73548;  1 drivers
v0x5dfd16ef9320_0 .net *"_ivl_582", 63 0, L_0x5dfd16f42210;  1 drivers
v0x5dfd16ef9400_0 .net *"_ivl_584", 63 0, L_0x5dfd16f41b90;  1 drivers
L_0x70cdf5c73590 .functor BUFT 1, C4<00000000000000000000000000000000>, C4<0>, C4<0>, C4<0>;
v0x5dfd16ef94e0_0 .net *"_ivl_587", 31 0, L_0x70cdf5c73590;  1 drivers
v0x5dfd16ef95c0_0 .net *"_ivl_588", 63 0, L_0x5dfd16f41c30;  1 drivers
L_0x70cdf5c735d8 .functor BUFT 1, C4<00000000000000000000000000000000>, C4<0>, C4<0>, C4<0>;
v0x5dfd16ef96a0_0 .net *"_ivl_591", 31 0, L_0x70cdf5c735d8;  1 drivers
v0x5dfd16ef9780_0 .net *"_ivl_592", 63 0, L_0x5dfd16f41d70;  1 drivers
v0x5dfd16ef9860_0 .net *"_ivl_594", 63 0, L_0x5dfd16f41eb0;  1 drivers
L_0x70cdf5c73620 .functor BUFT 1, C4<00000000000000000000000000000000>, C4<0>, C4<0>, C4<0>;
v0x5dfd16ef9940_0 .net *"_ivl_597", 31 0, L_0x70cdf5c73620;  1 drivers
v0x5dfd16ef9a20_0 .net *"_ivl_598", 63 0, L_0x5dfd16f41fa0;  1 drivers
L_0x70cdf5c73668 .functor BUFT 1, C4<00000000000000000000000000000000>, C4<0>, C4<0>, C4<0>;
v0x5dfd16ef9b00_0 .net *"_ivl_601", 31 0, L_0x70cdf5c73668;  1 drivers
v0x5dfd16ef9be0_0 .net *"_ivl_602", 63 0, L_0x5dfd16f422b0;  1 drivers
v0x5dfd16ef9cc0_0 .net *"_ivl_604", 63 0, L_0x5dfd16f42af0;  1 drivers
L_0x70cdf5c736b0 .functor BUFT 1, C4<00000000000000000000000000000000>, C4<0>, C4<0>, C4<0>;
v0x5dfd16ef9da0_0 .net *"_ivl_607", 31 0, L_0x70cdf5c736b0;  1 drivers
v0x5dfd16ef9e80_0 .net *"_ivl_608", 63 0, L_0x5dfd16f42410;  1 drivers
L_0x70cdf5c736f8 .functor BUFT 1, C4<00000000000000000000000000000000>, C4<0>, C4<0>, C4<0>;
v0x5dfd16ef9f60_0 .net *"_ivl_611", 31 0, L_0x70cdf5c736f8;  1 drivers
v0x5dfd16efa040_0 .net *"_ivl_612", 63 0, L_0x5dfd16f42530;  1 drivers
v0x5dfd16efa120_0 .net *"_ivl_614", 63 0, L_0x5dfd16f42640;  1 drivers
L_0x70cdf5c73740 .functor BUFT 1, C4<00000000000000000000000000000000>, C4<0>, C4<0>, C4<0>;
v0x5dfd16efa200_0 .net *"_ivl_617", 31 0, L_0x70cdf5c73740;  1 drivers
v0x5dfd16efa2e0_0 .net *"_ivl_618", 63 0, L_0x5dfd16f42730;  1 drivers
L_0x70cdf5c73788 .functor BUFT 1, C4<00000000000000000000000000000000>, C4<0>, C4<0>, C4<0>;
v0x5dfd16efa3c0_0 .net *"_ivl_621", 31 0, L_0x70cdf5c73788;  1 drivers
v0x5dfd16efa4a0_0 .net *"_ivl_622", 63 0, L_0x5dfd16f42800;  1 drivers
v0x5dfd16efa580_0 .net *"_ivl_624", 63 0, L_0x5dfd16f42910;  1 drivers
L_0x70cdf5c737d0 .functor BUFT 1, C4<00000000000000000000000000000000>, C4<0>, C4<0>, C4<0>;
v0x5dfd16efa660_0 .net *"_ivl_627", 31 0, L_0x70cdf5c737d0;  1 drivers
v0x5dfd16efa740_0 .net *"_ivl_628", 63 0, L_0x5dfd16f42a00;  1 drivers
L_0x70cdf5c73818 .functor BUFT 1, C4<00000000000000000000000000000000>, C4<0>, C4<0>, C4<0>;
v0x5dfd16efa820_0 .net *"_ivl_631", 31 0, L_0x70cdf5c73818;  1 drivers
v0x5dfd16efa900_0 .net *"_ivl_632", 63 0, L_0x5dfd16f42b90;  1 drivers
v0x5dfd16efa9e0_0 .net *"_ivl_634", 63 0, L_0x5dfd16f42ca0;  1 drivers
L_0x70cdf5c73860 .functor BUFT 1, C4<00000000000000000000000000000000>, C4<0>, C4<0>, C4<0>;
v0x5dfd16efaac0_0 .net *"_ivl_637", 31 0, L_0x70cdf5c73860;  1 drivers
v0x5dfd16efaba0_0 .net *"_ivl_638", 63 0, L_0x5dfd16f28ee0;  1 drivers
L_0x70cdf5c738a8 .functor BUFT 1, C4<00000000000000000000000000000000>, C4<0>, C4<0>, C4<0>;
v0x5dfd16efac80_0 .net *"_ivl_641", 31 0, L_0x70cdf5c738a8;  1 drivers
v0x5dfd16efad60_0 .net *"_ivl_642", 63 0, L_0x5dfd16f42d40;  1 drivers
v0x5dfd16efae40_0 .net *"_ivl_644", 63 0, L_0x5dfd16f42e00;  1 drivers
L_0x70cdf5c738f0 .functor BUFT 1, C4<00000000000000000000000000000000>, C4<0>, C4<0>, C4<0>;
v0x5dfd16efaf20_0 .net *"_ivl_647", 31 0, L_0x70cdf5c738f0;  1 drivers
v0x5dfd16efb000_0 .net *"_ivl_648", 63 0, L_0x5dfd16f42ef0;  1 drivers
L_0x70cdf5c73938 .functor BUFT 1, C4<00000000000000000000000000000000>, C4<0>, C4<0>, C4<0>;
v0x5dfd16efb0e0_0 .net *"_ivl_651", 31 0, L_0x70cdf5c73938;  1 drivers
v0x5dfd16efb1c0_0 .net *"_ivl_652", 63 0, L_0x5dfd16f43010;  1 drivers
v0x5dfd16efb2a0_0 .net *"_ivl_654", 63 0, L_0x5dfd16f43120;  1 drivers
L_0x70cdf5c73980 .functor BUFT 1, C4<00000000000000000000000000000000>, C4<0>, C4<0>, C4<0>;
v0x5dfd16efb380_0 .net *"_ivl_657", 31 0, L_0x70cdf5c73980;  1 drivers
v0x5dfd16efb460_0 .net *"_ivl_658", 63 0, L_0x5dfd16f43350;  1 drivers
L_0x70cdf5c739c8 .functor BUFT 1, C4<00000000000000000000000000000000>, C4<0>, C4<0>, C4<0>;
v0x5dfd16efb540_0 .net *"_ivl_661", 31 0, L_0x70cdf5c739c8;  1 drivers
v0x5dfd16efb620_0 .net *"_ivl_662", 63 0, L_0x5dfd16f43470;  1 drivers
v0x5dfd16efb700_0 .net *"_ivl_665", 0 0, L_0x5dfd16f43620;  1 drivers
v0x5dfd16efb7e0_0 .net *"_ivl_667", 0 0, L_0x5dfd16f436c0;  1 drivers
v0x5dfd16efb8c0_0 .net *"_ivl_668", 0 0, L_0x5dfd16f43510;  1 drivers
v0x5dfd16efb980_0 .net *"_ivl_670", 63 0, L_0x5dfd16f28990;  1 drivers
L_0x70cdf5c73a10 .functor BUFT 1, C4<000000000000000000000000000000000000000000000000000000000000000>, C4<0>, C4<0>, C4<0>;
v0x5dfd16efba60_0 .net *"_ivl_673", 62 0, L_0x70cdf5c73a10;  1 drivers
L_0x70cdf5c73a58 .functor BUFT 1, C4<0000000000000000000000000000000>, C4<0>, C4<0>, C4<0>;
v0x5dfd16efbb40_0 .net/2u *"_ivl_674", 30 0, L_0x70cdf5c73a58;  1 drivers
v0x5dfd16efbc20_0 .net *"_ivl_677", 0 0, L_0x5dfd16f28b20;  1 drivers
v0x5dfd16efbd00_0 .net *"_ivl_678", 31 0, L_0x5dfd16f28bc0;  1 drivers
v0x5dfd16efbde0_0 .net *"_ivl_680", 63 0, L_0x5dfd16f28d00;  1 drivers
L_0x70cdf5c73aa0 .functor BUFT 1, C4<00000000000000000000000000000000>, C4<0>, C4<0>, C4<0>;
v0x5dfd16efbec0_0 .net *"_ivl_683", 31 0, L_0x70cdf5c73aa0;  1 drivers
v0x5dfd16efbfa0_0 .net *"_ivl_684", 63 0, L_0x5dfd16f43830;  1 drivers
v0x5dfd16efc080_0 .net *"_ivl_686", 63 0, L_0x5dfd16f45040;  1 drivers
L_0x70cdf5c73ae8 .functor BUFT 1, C4<000000000000000000000000000000000000000000000000000000000000000>, C4<0>, C4<0>, C4<0>;
v0x5dfd16efc160_0 .net *"_ivl_689", 62 0, L_0x70cdf5c73ae8;  1 drivers
v0x5dfd16efc240_0 .net *"_ivl_690", 63 0, L_0x5dfd16f44990;  1 drivers
L_0x70cdf5c73b30 .functor BUFT 1, C4<00000000000000000000000000000000>, C4<0>, C4<0>, C4<0>;
v0x5dfd16efc320_0 .net *"_ivl_693", 31 0, L_0x70cdf5c73b30;  1 drivers
v0x5dfd16efc400_0 .net *"_ivl_695", 5 0, L_0x5dfd16f44a80;  1 drivers
v0x5dfd16efc4e0_0 .net *"_ivl_696", 63 0, L_0x5dfd16f44b20;  1 drivers
v0x5dfd16efc5c0_0 .net *"_ivl_698", 63 0, L_0x5dfd16f44c60;  1 drivers
L_0x70cdf5c73b78 .functor BUFT 1, C4<00000000000000000000000000000000>, C4<0>, C4<0>, C4<0>;
v0x5dfd16efc6a0_0 .net *"_ivl_701", 31 0, L_0x70cdf5c73b78;  1 drivers
v0x5dfd16efc780_0 .net *"_ivl_703", 5 0, L_0x5dfd16f44d50;  1 drivers
v0x5dfd16efc860_0 .net *"_ivl_704", 63 0, L_0x5dfd16f44df0;  1 drivers
v0x5dfd16efc940_0 .net *"_ivl_707", 0 0, L_0x5dfd16f457d0;  1 drivers
v0x5dfd16efca20_0 .net *"_ivl_708", 31 0, L_0x5dfd16f45870;  1 drivers
v0x5dfd16efcb00_0 .net *"_ivl_710", 63 0, L_0x5dfd16f450e0;  1 drivers
v0x5dfd16efcbe0_0 .net *"_ivl_713", 4 0, L_0x5dfd16f45180;  1 drivers
v0x5dfd16efccc0_0 .net *"_ivl_714", 63 0, L_0x5dfd16f45220;  1 drivers
v0x5dfd16efcda0_0 .net *"_ivl_716", 63 0, L_0x5dfd16f45390;  1 drivers
L_0x70cdf5c73bc0 .functor BUFT 1, C4<00000000000000000000000000000000>, C4<0>, C4<0>, C4<0>;
v0x5dfd16efce80_0 .net *"_ivl_719", 31 0, L_0x70cdf5c73bc0;  1 drivers
v0x5dfd16efcf60_0 .net *"_ivl_721", 4 0, L_0x5dfd16f45480;  1 drivers
v0x5dfd16efd040_0 .net *"_ivl_722", 63 0, L_0x5dfd16f45520;  1 drivers
v0x5dfd16efd120_0 .net *"_ivl_725", 0 0, L_0x5dfd16f45690;  1 drivers
v0x5dfd16efd200_0 .net *"_ivl_727", 0 0, L_0x5dfd16f45730;  1 drivers
v0x5dfd16efd2e0_0 .net *"_ivl_728", 0 0, L_0x5dfd16f46670;  1 drivers
v0x5dfd16efd3a0_0 .net *"_ivl_730", 63 0, L_0x5dfd16f46780;  1 drivers
L_0x70cdf5c73c08 .functor BUFT 1, C4<000000000000000000000000000000000000000000000000000000000000000>, C4<0>, C4<0>, C4<0>;
v0x5dfd16efd480_0 .net *"_ivl_733", 62 0, L_0x70cdf5c73c08;  1 drivers
L_0x70cdf5c73c50 .functor BUFT 1, C4<0000000000000000000000000000000>, C4<0>, C4<0>, C4<0>;
v0x5dfd16efd560_0 .net/2u *"_ivl_734", 30 0, L_0x70cdf5c73c50;  1 drivers
v0x5dfd16efd640_0 .net *"_ivl_737", 0 0, L_0x5dfd16f468c0;  1 drivers
v0x5dfd16efd720_0 .net *"_ivl_738", 31 0, L_0x5dfd16f45f30;  1 drivers
v0x5dfd16efd800_0 .net *"_ivl_740", 63 0, L_0x5dfd16f460a0;  1 drivers
L_0x70cdf5c73c98 .functor BUFT 1, C4<00000000000000000000000000000000>, C4<0>, C4<0>, C4<0>;
v0x5dfd16efd8e0_0 .net *"_ivl_743", 31 0, L_0x70cdf5c73c98;  1 drivers
v0x5dfd16efd9c0_0 .net *"_ivl_744", 63 0, L_0x5dfd16f461e0;  1 drivers
v0x5dfd16efdaa0_0 .net *"_ivl_746", 63 0, L_0x5dfd16f46370;  1 drivers
L_0x70cdf5c73ce0 .functor BUFT 1, C4<000000000000000000000000000000000000000000000000000000000000000>, C4<0>, C4<0>, C4<0>;
v0x5dfd16efdb80_0 .net *"_ivl_749", 62 0, L_0x70cdf5c73ce0;  1 drivers
v0x5dfd16efdc60_0 .net *"_ivl_750", 63 0, L_0x5dfd16f46460;  1 drivers
L_0x70cdf5c73d28 .functor BUFT 1, C4<00000000000000000000000000000000>, C4<0>, C4<0>, C4<0>;
v0x5dfd16efdd40_0 .net *"_ivl_753", 31 0, L_0x70cdf5c73d28;  1 drivers
v0x5dfd16efde20_0 .net *"_ivl_755", 5 0, L_0x5dfd16f46550;  1 drivers
v0x5dfd16efdf00_0 .net *"_ivl_756", 63 0, L_0x5dfd16f470e0;  1 drivers
v0x5dfd16efdfe0_0 .net *"_ivl_759", 0 0, L_0x5dfd16f471d0;  1 drivers
v0x5dfd16efe0c0_0 .net *"_ivl_760", 31 0, L_0x5dfd16f46960;  1 drivers
v0x5dfd16efe1a0_0 .net *"_ivl_762", 63 0, L_0x5dfd16f46f70;  1 drivers
v0x5dfd16efe280_0 .net *"_ivl_765", 4 0, L_0x5dfd16f47010;  1 drivers
v0x5dfd16efe360_0 .net *"_ivl_766", 63 0, L_0x5dfd16f47a10;  1 drivers
v0x5dfd16efe440_0 .net *"_ivl_769", 19 0, L_0x5dfd16f47270;  1 drivers
L_0x70cdf5c73d70 .functor BUFT 1, C4<000000000000>, C4<0>, C4<0>, C4<0>;
v0x5dfd16efe520_0 .net/2u *"_ivl_770", 11 0, L_0x70cdf5c73d70;  1 drivers
v0x5dfd16efe600_0 .net *"_ivl_772", 31 0, L_0x5dfd16f47310;  1 drivers
v0x5dfd16efe6e0_0 .net *"_ivl_774", 63 0, L_0x5dfd16f47480;  1 drivers
L_0x70cdf5c73db8 .functor BUFT 1, C4<00000000000000000000000000000000>, C4<0>, C4<0>, C4<0>;
v0x5dfd16efe7c0_0 .net *"_ivl_777", 31 0, L_0x70cdf5c73db8;  1 drivers
v0x5dfd16efe8a0_0 .net *"_ivl_778", 63 0, L_0x5dfd16f475c0;  1 drivers
L_0x70cdf5c73e00 .functor BUFT 1, C4<00000000000000000000000000000000>, C4<0>, C4<0>, C4<0>;
v0x5dfd16efe980_0 .net *"_ivl_781", 31 0, L_0x70cdf5c73e00;  1 drivers
v0x5dfd16efea60_0 .net *"_ivl_782", 63 0, L_0x5dfd16f476e0;  1 drivers
L_0x70cdf5c73e48 .functor BUFT 1, C4<00000000000000000000000000000000>, C4<0>, C4<0>, C4<0>;
v0x5dfd16efeb40_0 .net *"_ivl_785", 31 0, L_0x70cdf5c73e48;  1 drivers
v0x5dfd16efec20_0 .net *"_ivl_786", 63 0, L_0x5dfd16f47800;  1 drivers
v0x5dfd16efed00_0 .net *"_ivl_788", 63 0, L_0x5dfd16f48330;  1 drivers
L_0x70cdf5c73e90 .functor BUFT 1, C4<00000000000000000000000000000000>, C4<0>, C4<0>, C4<0>;
v0x5dfd16efede0_0 .net *"_ivl_791", 31 0, L_0x70cdf5c73e90;  1 drivers
L_0x70cdf5c73ed8 .functor BUFT 1, C4<0000000000000000000000000000000000000000000000000000000000000100>, C4<0>, C4<0>, C4<0>;
v0x5dfd16efeec0_0 .net/2u *"_ivl_792", 63 0, L_0x70cdf5c73ed8;  1 drivers
v0x5dfd16efefa0_0 .net *"_ivl_794", 63 0, L_0x5dfd16f48420;  1 drivers
v0x5dfd16eff080_0 .net *"_ivl_796", 63 0, L_0x5dfd16f47b50;  1 drivers
L_0x70cdf5c73f20 .functor BUFT 1, C4<00000000000000000000000000000000>, C4<0>, C4<0>, C4<0>;
v0x5dfd16eff160_0 .net *"_ivl_799", 31 0, L_0x70cdf5c73f20;  1 drivers
L_0x70cdf5c73f68 .functor BUFT 1, C4<0000000000000000000000000000000000000000000000000000000000000100>, C4<0>, C4<0>, C4<0>;
v0x5dfd16eff240_0 .net/2u *"_ivl_800", 63 0, L_0x70cdf5c73f68;  1 drivers
v0x5dfd16eff320_0 .net *"_ivl_802", 63 0, L_0x5dfd16f47c40;  1 drivers
v0x5dfd16eff400_0 .net *"_ivl_805", 0 0, L_0x5dfd16f478a0;  1 drivers
v0x5dfd16eff4c0_0 .net *"_ivl_806", 63 0, L_0x5dfd16f47f40;  1 drivers
L_0x70cdf5c73fb0 .functor BUFT 1, C4<00000000000000000000000000000000>, C4<0>, C4<0>, C4<0>;
v0x5dfd16eff5a0_0 .net *"_ivl_809", 31 0, L_0x70cdf5c73fb0;  1 drivers
v0x5dfd16eff680_0 .net *"_ivl_810", 63 0, L_0x5dfd16f48090;  1 drivers
L_0x70cdf5c73ff8 .functor BUFT 1, C4<00000000000000000000000000000000>, C4<0>, C4<0>, C4<0>;
v0x5dfd16eff760_0 .net *"_ivl_813", 31 0, L_0x70cdf5c73ff8;  1 drivers
v0x5dfd16eff840_0 .net *"_ivl_814", 63 0, L_0x5dfd16f481b0;  1 drivers
L_0x70cdf5c74040 .functor BUFT 1, C4<00000000000000000000000000000000xxxxxxxxxxxxxxxxxxxxxxxxxxxxxxxx>, C4<0>, C4<0>, C4<0>;
v0x5dfd16eff920_0 .net *"_ivl_816", 63 0, L_0x70cdf5c74040;  1 drivers
v0x5dfd16effa00_0 .net *"_ivl_818", 63 0, L_0x5dfd16f48dc0;  1 drivers
v0x5dfd16effae0_0 .net *"_ivl_820", 63 0, L_0x5dfd16f48650;  1 drivers
v0x5dfd16effbc0_0 .net *"_ivl_822", 63 0, L_0x5dfd16f487e0;  1 drivers
v0x5dfd16effca0_0 .net *"_ivl_824", 63 0, L_0x5dfd16f48970;  1 drivers
v0x5dfd16effd80_0 .net *"_ivl_826", 63 0, L_0x5dfd16f48ab0;  1 drivers
v0x5dfd16effe60_0 .net *"_ivl_828", 63 0, L_0x5dfd16f48bf0;  1 drivers
v0x5dfd16efff40_0 .net *"_ivl_830", 63 0, L_0x5dfd16f496a0;  1 drivers
v0x5dfd16f00020_0 .net *"_ivl_832", 63 0, L_0x5dfd16f48f00;  1 drivers
v0x5dfd16ef1bf0_0 .net *"_ivl_834", 63 0, L_0x5dfd16f49040;  1 drivers
v0x5dfd16ef1cd0_0 .net *"_ivl_836", 63 0, L_0x5dfd16f49180;  1 drivers
v0x5dfd16ef1db0_0 .net *"_ivl_838", 63 0, L_0x5dfd16f492c0;  1 drivers
v0x5dfd16ef1e90_0 .net *"_ivl_840", 63 0, L_0x5dfd16f49400;  1 drivers
v0x5dfd16ef1f70_0 .net *"_ivl_842", 63 0, L_0x5dfd16f49540;  1 drivers
v0x5dfd16ef2050_0 .net *"_ivl_844", 63 0, L_0x5dfd16f49fc0;  1 drivers
v0x5dfd16ef2130_0 .net *"_ivl_846", 63 0, L_0x5dfd16f4a100;  1 drivers
v0x5dfd16ef2210_0 .net *"_ivl_848", 63 0, L_0x5dfd16f497e0;  1 drivers
v0x5dfd16ef22f0_0 .net *"_ivl_850", 63 0, L_0x5dfd16f49920;  1 drivers
v0x5dfd16ef23d0_0 .net *"_ivl_852", 63 0, L_0x5dfd16f49a60;  1 drivers
v0x5dfd16ef24b0_0 .net *"_ivl_854", 63 0, L_0x5dfd16f49ba0;  1 drivers
v0x5dfd16ef2590_0 .net *"_ivl_856", 63 0, L_0x5dfd16f49ce0;  1 drivers
v0x5dfd16ef2670_0 .net *"_ivl_858", 63 0, L_0x5dfd16f49e20;  1 drivers
v0x5dfd16ef2750_0 .net *"_ivl_860", 63 0, L_0x5dfd16f4aa60;  1 drivers
v0x5dfd16ef2830_0 .net *"_ivl_862", 63 0, L_0x5dfd16f4ab50;  1 drivers
v0x5dfd16ef2910_0 .net *"_ivl_864", 63 0, L_0x5dfd16f4a240;  1 drivers
v0x5dfd16ef29f0_0 .net *"_ivl_869", 0 0, L_0x5dfd16f48250;  1 drivers
L_0x70cdf5c74088 .functor BUFT 1, C4<00000>, C4<0>, C4<0>, C4<0>;
v0x5dfd16ef2ab0_0 .net/2u *"_ivl_870", 4 0, L_0x70cdf5c74088;  1 drivers
v0x5dfd16f020d0_0 .net *"_ivl_872", 0 0, L_0x5dfd16f4a4c0;  1 drivers
v0x5dfd16f02170_0 .net *"_ivl_875", 0 0, L_0x5dfd16f4a5b0;  1 drivers
v0x5dfd16f02230_0 .net *"_ivl_879", 0 0, L_0x5dfd16f4a8f0;  1 drivers
v0x5dfd16f022f0_0 .net *"_ivl_883", 0 0, L_0x5dfd16f4b580;  1 drivers
v0x5dfd16f023b0_0 .net *"_ivl_886", 0 0, L_0x5dfd16f4ac90;  1 drivers
v0x5dfd16f02470_0 .net *"_ivl_888", 0 0, L_0x5dfd16f4ad30;  1 drivers
v0x5dfd16f02530_0 .net *"_ivl_890", 0 0, L_0x5dfd16f4add0;  1 drivers
v0x5dfd16f025f0_0 .net *"_ivl_893", 0 0, L_0x5dfd16f4ae70;  1 drivers
v0x5dfd16f026d0_0 .net *"_ivl_895", 0 0, L_0x5dfd16f4af10;  1 drivers
v0x5dfd16f027b0_0 .net *"_ivl_896", 0 0, L_0x5dfd16f4afb0;  1 drivers
v0x5dfd16f02870_0 .net *"_ivl_898", 0 0, L_0x5dfd16f4b1f0;  1 drivers
v0x5dfd16f02950_0 .net *"_ivl_900", 0 0, L_0x5dfd16f4b300;  1 drivers
v0x5dfd16f02a10_0 .net *"_ivl_903", 0 0, L_0x5dfd16f4b3a0;  1 drivers
v0x5dfd16f02af0_0 .net *"_ivl_905", 0 0, L_0x5dfd16f4b440;  1 drivers
v0x5dfd16f02bd0_0 .net *"_ivl_906", 0 0, L_0x5dfd16f4bf60;  1 drivers
v0x5dfd16f02c90_0 .net *"_ivl_908", 0 0, L_0x5dfd16f4c200;  1 drivers
v0x5dfd16f02d70_0 .net *"_ivl_910", 0 0, L_0x5dfd16f4c310;  1 drivers
v0x5dfd16f02e30_0 .net *"_ivl_912", 0 0, L_0x5dfd16f4b620;  1 drivers
L_0x70cdf5c740d0 .functor BUFT 1, C4<0>, C4<0>, C4<0>, C4<0>;
v0x5dfd16f02ef0_0 .net/2u *"_ivl_914", 0 0, L_0x70cdf5c740d0;  1 drivers
v0x5dfd16f02fd0_0 .net *"_ivl_916", 0 0, L_0x5dfd16f4bad0;  1 drivers
v0x5dfd16f030b0_0 .net *"_ivl_918", 0 0, L_0x5dfd16f4bc40;  1 drivers
v0x5dfd16f03190_0 .net *"_ivl_920", 0 0, L_0x5dfd16f4bd80;  1 drivers
v0x5dfd16f03270_0 .net *"_ivl_922", 0 0, L_0x5dfd16f4bec0;  1 drivers
v0x5dfd16f03350_0 .net *"_ivl_924", 0 0, L_0x5dfd16f4cdc0;  1 drivers
v0x5dfd16f03430_0 .net *"_ivl_933", 0 0, L_0x5dfd16f4c900;  1 drivers
v0x5dfd16f034f0_0 .net *"_ivl_935", 0 0, L_0x5dfd16f4cb20;  1 drivers
v0x5dfd16f035b0_0 .net *"_ivl_937", 0 0, L_0x5dfd16f4cbe0;  1 drivers
v0x5dfd16f03670_0 .net *"_ivl_939", 0 0, L_0x5dfd16f4d9a0;  1 drivers
v0x5dfd16f03730_0 .net *"_ivl_941", 0 0, L_0x5dfd16f4da60;  1 drivers
L_0x70cdf5c744c0 .functor BUFT 1, C4<00000000000000000000000000001101>, C4<0>, C4<0>, C4<0>;
v0x5dfd16f037f0_0 .net/2u *"_ivl_995", 31 0, L_0x70cdf5c744c0;  1 drivers
v0x5dfd16f038d0_0 .net *"_ivl_997", 0 0, L_0x5dfd16f4eb80;  1 drivers
v0x5dfd16f03990_0 .net *"_ivl_999", 31 0, L_0x5dfd16f4ec70;  1 drivers
v0x5dfd16f03a70_0 .net "clk", 0 0, L_0x5dfd16f2ee90;  1 drivers
v0x5dfd16f03b10_0 .net "clkP_CPU_dmem_rd_en_a5", 0 0, L_0x5dfd16f2ef00;  1 drivers
v0x5dfd16f03be0_0 .net "clkP_CPU_rd_valid_a2", 0 0, L_0x5dfd16f2efc0;  1 drivers
v0x5dfd16f03cb0_0 .net "clkP_CPU_rd_valid_a3", 0 0, L_0x5dfd16f2f080;  1 drivers
v0x5dfd16f03d80_0 .net "clkP_CPU_rd_valid_a4", 0 0, L_0x5dfd16f2f170;  1 drivers
v0x5dfd16f03e50_0 .net "clkP_CPU_rd_valid_a5", 0 0, L_0x5dfd16f2f260;  1 drivers
v0x5dfd16f03f20_0 .net "clkP_CPU_rs1_valid_a2", 0 0, L_0x5dfd16f2f350;  1 drivers
v0x5dfd16f03ff0_0 .net "clkP_CPU_rs2_valid_a2", 0 0, L_0x5dfd16f2f440;  1 drivers
L_0x70cdf5c74118 .functor BUFT 1, C4<00000000000100000000010010010011>, C4<0>, C4<0>, C4<0>;
v0x5dfd16f040c0 .array "instrs", 12 0;
v0x5dfd16f040c0_0 .net v0x5dfd16f040c0 0, 31 0, L_0x70cdf5c74118; 1 drivers
L_0x70cdf5c74160 .functor BUFT 1, C4<00000010101100000000010100010011>, C4<0>, C4<0>, C4<0>;
v0x5dfd16f040c0_1 .net v0x5dfd16f040c0 1, 31 0, L_0x70cdf5c74160; 1 drivers
L_0x70cdf5c741a8 .functor BUFT 1, C4<00000000000000000000010110010011>, C4<0>, C4<0>, C4<0>;
v0x5dfd16f040c0_2 .net v0x5dfd16f040c0 2, 31 0, L_0x70cdf5c741a8; 1 drivers
L_0x70cdf5c741f0 .functor BUFT 1, C4<00000000000000000000100010010011>, C4<0>, C4<0>, C4<0>;
v0x5dfd16f040c0_3 .net v0x5dfd16f040c0 3, 31 0, L_0x70cdf5c741f0; 1 drivers
L_0x70cdf5c74238 .functor BUFT 1, C4<00000000101110001000100010110011>, C4<0>, C4<0>, C4<0>;
v0x5dfd16f040c0_4 .net v0x5dfd16f040c0 4, 31 0, L_0x70cdf5c74238; 1 drivers
L_0x70cdf5c74280 .functor BUFT 1, C4<00000000000101011000010110010011>, C4<0>, C4<0>, C4<0>;
v0x5dfd16f040c0_5 .net v0x5dfd16f040c0 5, 31 0, L_0x70cdf5c74280; 1 drivers
L_0x70cdf5c742c8 .functor BUFT 1, C4<11111110101001011001110011100011>, C4<0>, C4<0>, C4<0>;
v0x5dfd16f040c0_6 .net v0x5dfd16f040c0 6, 31 0, L_0x70cdf5c742c8; 1 drivers
L_0x70cdf5c74310 .functor BUFT 1, C4<00000000101110001000100010110011>, C4<0>, C4<0>, C4<0>;
v0x5dfd16f040c0_7 .net v0x5dfd16f040c0 7, 31 0, L_0x70cdf5c74310; 1 drivers
L_0x70cdf5c74358 .functor BUFT 1, C4<01000000101110001000100010110011>, C4<0>, C4<0>, C4<0>;
v0x5dfd16f040c0_8 .net v0x5dfd16f040c0 8, 31 0, L_0x70cdf5c74358; 1 drivers
L_0x70cdf5c743a0 .functor BUFT 1, C4<01000000100101011000010110110011>, C4<0>, C4<0>, C4<0>;
v0x5dfd16f040c0_9 .net v0x5dfd16f040c0 9, 31 0, L_0x70cdf5c743a0; 1 drivers
L_0x70cdf5c743e8 .functor BUFT 1, C4<11111110100101011001110011100011>, C4<0>, C4<0>, C4<0>;
v0x5dfd16f040c0_10 .net v0x5dfd16f040c0 10, 31 0, L_0x70cdf5c743e8; 1 drivers
L_0x70cdf5c74430 .functor BUFT 1, C4<01000000101110001000100010110011>, C4<0>, C4<0>, C4<0>;
v0x5dfd16f040c0_11 .net v0x5dfd16f040c0 11, 31 0, L_0x70cdf5c74430; 1 drivers
L_0x70cdf5c74478 .functor BUFT 1, C4<11111110000000000000000011100011>, C4<0>, C4<0>, C4<0>;
v0x5dfd16f040c0_12 .net v0x5dfd16f040c0 12, 31 0, L_0x70cdf5c74478; 1 drivers
v0x5dfd16f04240_0 .net "reset", 0 0, v0x5dfd16f067b0_0;  alias, 1 drivers
v0x5dfd16f04300_0 .net "w_CPU_dmem_rd_data_a4", 31 0, L_0x5dfd16f4f820;  1 drivers
v0x5dfd16f043e0_0 .net "w_CPU_rd_a1", 4 0, L_0x5dfd16f3b8b0;  1 drivers
v0x5dfd16f044c0_0 .net "w_CPU_rs1_a1", 4 0, L_0x5dfd16f3b450;  1 drivers
v0x5dfd16f045a0_0 .net "w_CPU_rs2_a1", 4 0, L_0x5dfd16f3abd0;  1 drivers
E_0x5dfd16d4f410 .event posedge, v0x5dfd16ee36c0_0;
E_0x5dfd16d4f570 .event posedge, v0x5dfd16ee33b0_0;
E_0x5dfd16cc4750 .event posedge, v0x5dfd16ee2cc0_0;
E_0x5dfd16ecd720 .event posedge, v0x5dfd16ee2620_0;
E_0x5dfd16eccf90 .event posedge, v0x5dfd16ee1ea0_0;
E_0x5dfd16ea57e0 .event posedge, v0x5dfd16ee17b0_0;
E_0x5dfd16db1740 .event posedge, v0x5dfd16ee1070_0;
E_0x5dfd16ea7970 .event posedge, v0x5dfd16ee09a0_0;
L_0x70cdf5c6f0f0 .functor BUFT 1, C4<00000000000000000000000000000000>, C4<0>, C4<0>, C4<0>;
L_0x5dfd16f17800 .functor MUXZ 32, L_0x5dfd16f176b0, L_0x70cdf5c6f0f0, v0x5dfd16eedc70_0, C4<>;
L_0x70cdf5c6f210 .functor BUFT 1, C4<00000000000000000000000000000001>, C4<0>, C4<0>, C4<0>;
L_0x5dfd16f180e0 .functor MUXZ 32, L_0x5dfd16f17f70, L_0x70cdf5c6f210, v0x5dfd16eedc70_0, C4<>;
L_0x70cdf5c6f330 .functor BUFT 1, C4<00000000000000000000000000000010>, C4<0>, C4<0>, C4<0>;
L_0x5dfd16f188c0 .functor MUXZ 32, L_0x5dfd16f187a0, L_0x70cdf5c6f330, v0x5dfd16eedc70_0, C4<>;
L_0x70cdf5c6f450 .functor BUFT 1, C4<00000000000000000000000000000011>, C4<0>, C4<0>, C4<0>;
L_0x5dfd16f19050 .functor MUXZ 32, L_0x5dfd16f18f30, L_0x70cdf5c6f450, v0x5dfd16eedc70_0, C4<>;
L_0x70cdf5c6f570 .functor BUFT 1, C4<00000000000000000000000000000100>, C4<0>, C4<0>, C4<0>;
L_0x5dfd16f198d0 .functor MUXZ 32, L_0x5dfd16f197b0, L_0x70cdf5c6f570, v0x5dfd16eedc70_0, C4<>;
L_0x70cdf5c6f690 .functor BUFT 1, C4<00000000000000000000000000000101>, C4<0>, C4<0>, C4<0>;
L_0x5dfd16f1a050 .functor MUXZ 32, L_0x5dfd16f19f30, L_0x70cdf5c6f690, v0x5dfd16eedc70_0, C4<>;
L_0x70cdf5c6f7b0 .functor BUFT 1, C4<00000000000000000000000000000110>, C4<0>, C4<0>, C4<0>;
L_0x5dfd16f1a810 .functor MUXZ 32, L_0x5dfd16f1a6f0, L_0x70cdf5c6f7b0, v0x5dfd16eedc70_0, C4<>;
L_0x70cdf5c6f8d0 .functor BUFT 1, C4<00000000000000000000000000000111>, C4<0>, C4<0>, C4<0>;
L_0x5dfd16f1b0d0 .functor MUXZ 32, L_0x5dfd16f1afb0, L_0x70cdf5c6f8d0, v0x5dfd16eedc70_0, C4<>;
L_0x70cdf5c6f9f0 .functor BUFT 1, C4<00000000000000000000000000001000>, C4<0>, C4<0>, C4<0>;
L_0x5dfd16f1bbf0 .functor MUXZ 32, L_0x5dfd16f1bad0, L_0x70cdf5c6f9f0, v0x5dfd16eedc70_0, C4<>;
L_0x70cdf5c6fb10 .functor BUFT 1, C4<00000000000000000000000000001001>, C4<0>, C4<0>, C4<0>;
L_0x5dfd16f1c340 .functor MUXZ 32, L_0x5dfd16f1c220, L_0x70cdf5c6fb10, v0x5dfd16eedc70_0, C4<>;
L_0x70cdf5c6fc30 .functor BUFT 1, C4<00000000000000000000000000001010>, C4<0>, C4<0>, C4<0>;
L_0x5dfd16f1cad0 .functor MUXZ 32, L_0x5dfd16f1c9b0, L_0x70cdf5c6fc30, v0x5dfd16eedc70_0, C4<>;
L_0x70cdf5c6fd50 .functor BUFT 1, C4<00000000000000000000000000001011>, C4<0>, C4<0>, C4<0>;
L_0x5dfd16f1d220 .functor MUXZ 32, L_0x5dfd16f1d100, L_0x70cdf5c6fd50, v0x5dfd16eedc70_0, C4<>;
L_0x70cdf5c6fe70 .functor BUFT 1, C4<00000000000000000000000000001100>, C4<0>, C4<0>, C4<0>;
L_0x5dfd16f1d9e0 .functor MUXZ 32, L_0x5dfd16f1d8c0, L_0x70cdf5c6fe70, v0x5dfd16eedc70_0, C4<>;
L_0x70cdf5c6ff90 .functor BUFT 1, C4<00000000000000000000000000001101>, C4<0>, C4<0>, C4<0>;
L_0x5dfd16f1e130 .functor MUXZ 32, L_0x5dfd16f1e010, L_0x70cdf5c6ff90, v0x5dfd16eedc70_0, C4<>;
L_0x70cdf5c700b0 .functor BUFT 1, C4<00000000000000000000000000001110>, C4<0>, C4<0>, C4<0>;
L_0x5dfd16f1e890 .functor MUXZ 32, L_0x5dfd16f1e770, L_0x70cdf5c700b0, v0x5dfd16eedc70_0, C4<>;
L_0x70cdf5c701d0 .functor BUFT 1, C4<00000000000000000000000000001111>, C4<0>, C4<0>, C4<0>;
L_0x5dfd16f1f1f0 .functor MUXZ 32, L_0x5dfd16f1f0d0, L_0x70cdf5c701d0, v0x5dfd16eedc70_0, C4<>;
L_0x70cdf5c702f0 .functor BUFT 1, C4<00000000000000000000000000010000>, C4<0>, C4<0>, C4<0>;
L_0x5dfd16f1fe10 .functor MUXZ 32, L_0x5dfd16f1fd20, L_0x70cdf5c702f0, v0x5dfd16eedc70_0, C4<>;
L_0x70cdf5c70410 .functor BUFT 1, C4<00000000000000000000000000010001>, C4<0>, C4<0>, C4<0>;
L_0x5dfd16f205c0 .functor MUXZ 32, L_0x5dfd16f204a0, L_0x70cdf5c70410, v0x5dfd16eedc70_0, C4<>;
L_0x70cdf5c70530 .functor BUFT 1, C4<00000000000000000000000000010010>, C4<0>, C4<0>, C4<0>;
L_0x5dfd16f20e10 .functor MUXZ 32, L_0x5dfd16f20cf0, L_0x70cdf5c70530, v0x5dfd16eedc70_0, C4<>;
L_0x70cdf5c70650 .functor BUFT 1, C4<00000000000000000000000000010011>, C4<0>, C4<0>, C4<0>;
L_0x5dfd16f215c0 .functor MUXZ 32, L_0x5dfd16f214a0, L_0x70cdf5c70650, v0x5dfd16eedc70_0, C4<>;
L_0x70cdf5c70770 .functor BUFT 1, C4<00000000000000000000000000010100>, C4<0>, C4<0>, C4<0>;
L_0x5dfd16f21d80 .functor MUXZ 32, L_0x5dfd16f21c60, L_0x70cdf5c70770, v0x5dfd16eedc70_0, C4<>;
L_0x70cdf5c70890 .functor BUFT 1, C4<00000000000000000000000000010101>, C4<0>, C4<0>, C4<0>;
L_0x5dfd16f22530 .functor MUXZ 32, L_0x5dfd16f22410, L_0x70cdf5c70890, v0x5dfd16eedc70_0, C4<>;
L_0x70cdf5c709b0 .functor BUFT 1, C4<00000000000000000000000000010110>, C4<0>, C4<0>, C4<0>;
L_0x5dfd16f22da0 .functor MUXZ 32, L_0x5dfd16f22c80, L_0x70cdf5c709b0, v0x5dfd16eedc70_0, C4<>;
L_0x70cdf5c70ad0 .functor BUFT 1, C4<00000000000000000000000000010111>, C4<0>, C4<0>, C4<0>;
L_0x5dfd16f23550 .functor MUXZ 32, L_0x5dfd16f23430, L_0x70cdf5c70ad0, v0x5dfd16eedc70_0, C4<>;
L_0x70cdf5c70bf0 .functor BUFT 1, C4<00000000000000000000000000011000>, C4<0>, C4<0>, C4<0>;
L_0x5dfd16f23dd0 .functor MUXZ 32, L_0x5dfd16f23cb0, L_0x70cdf5c70bf0, v0x5dfd16eedc70_0, C4<>;
L_0x70cdf5c70d10 .functor BUFT 1, C4<00000000000000000000000000011001>, C4<0>, C4<0>, C4<0>;
L_0x5dfd16f24580 .functor MUXZ 32, L_0x5dfd16f24460, L_0x70cdf5c70d10, v0x5dfd16eedc70_0, C4<>;
L_0x70cdf5c70e30 .functor BUFT 1, C4<00000000000000000000000000011010>, C4<0>, C4<0>, C4<0>;
L_0x5dfd16f24e10 .functor MUXZ 32, L_0x5dfd16f24cf0, L_0x70cdf5c70e30, v0x5dfd16eedc70_0, C4<>;
L_0x70cdf5c70f50 .functor BUFT 1, C4<00000000000000000000000000011011>, C4<0>, C4<0>, C4<0>;
L_0x5dfd16f255c0 .functor MUXZ 32, L_0x5dfd16f254a0, L_0x70cdf5c70f50, v0x5dfd16eedc70_0, C4<>;
L_0x70cdf5c71070 .functor BUFT 1, C4<00000000000000000000000000011100>, C4<0>, C4<0>, C4<0>;
L_0x5dfd16f25e60 .functor MUXZ 32, L_0x5dfd16f25d40, L_0x70cdf5c71070, v0x5dfd16eedc70_0, C4<>;
L_0x70cdf5c71190 .functor BUFT 1, C4<00000000000000000000000000011101>, C4<0>, C4<0>, C4<0>;
L_0x5dfd16f26610 .functor MUXZ 32, L_0x5dfd16f264f0, L_0x70cdf5c71190, v0x5dfd16eedc70_0, C4<>;
L_0x70cdf5c712b0 .functor BUFT 1, C4<00000000000000000000000000011110>, C4<0>, C4<0>, C4<0>;
L_0x5dfd16f26ec0 .functor MUXZ 32, L_0x5dfd16f26da0, L_0x70cdf5c712b0, v0x5dfd16eedc70_0, C4<>;
L_0x70cdf5c713d0 .functor BUFT 1, C4<00000000000000000000000000011111>, C4<0>, C4<0>, C4<0>;
L_0x5dfd16f280c0 .functor MUXZ 32, L_0x5dfd16f27fd0, L_0x70cdf5c713d0, v0x5dfd16eedc70_0, C4<>;
L_0x70cdf5c714a8 .functor BUFT 1, C4<00000000000000000000000000000000>, C4<0>, C4<0>, C4<0>;
L_0x5dfd16f293a0 .functor MUXZ 32, L_0x5dfd16f29280, L_0x70cdf5c714a8, v0x5dfd16eedd10_0, C4<>;
L_0x70cdf5c71580 .functor BUFT 1, C4<00000000000000000000000000000001>, C4<0>, C4<0>, C4<0>;
L_0x5dfd16f29a10 .functor MUXZ 32, L_0x5dfd16f298d0, L_0x70cdf5c71580, v0x5dfd16eedd10_0, C4<>;
L_0x70cdf5c71658 .functor BUFT 1, C4<00000000000000000000000000000010>, C4<0>, C4<0>, C4<0>;
L_0x5dfd16f2a0a0 .functor MUXZ 32, L_0x5dfd16f29fb0, L_0x70cdf5c71658, v0x5dfd16eedd10_0, C4<>;
L_0x70cdf5c71730 .functor BUFT 1, C4<00000000000000000000000000000011>, C4<0>, C4<0>, C4<0>;
L_0x5dfd16f2a520 .functor MUXZ 32, L_0x5dfd16f2a430, L_0x70cdf5c71730, v0x5dfd16eedd10_0, C4<>;
L_0x70cdf5c71808 .functor BUFT 1, C4<00000000000000000000000000000100>, C4<0>, C4<0>, C4<0>;
L_0x5dfd16f2a9e0 .functor MUXZ 32, L_0x5dfd16f2a8f0, L_0x70cdf5c71808, v0x5dfd16eedd10_0, C4<>;
L_0x70cdf5c718e0 .functor BUFT 1, C4<00000000000000000000000000000101>, C4<0>, C4<0>, C4<0>;
L_0x5dfd16f2af30 .functor MUXZ 32, L_0x5dfd16f2ae40, L_0x70cdf5c718e0, v0x5dfd16eedd10_0, C4<>;
L_0x70cdf5c719b8 .functor BUFT 1, C4<00000000000000000000000000000110>, C4<0>, C4<0>, C4<0>;
L_0x5dfd16f2b5c0 .functor MUXZ 32, L_0x5dfd16f2b4d0, L_0x70cdf5c719b8, v0x5dfd16eedd10_0, C4<>;
L_0x70cdf5c71a90 .functor BUFT 1, C4<00000000000000000000000000000111>, C4<0>, C4<0>, C4<0>;
L_0x5dfd16f2bb10 .functor MUXZ 32, L_0x5dfd16f2ba20, L_0x70cdf5c71a90, v0x5dfd16eedd10_0, C4<>;
L_0x70cdf5c71b68 .functor BUFT 1, C4<00000000000000000000000000001000>, C4<0>, C4<0>, C4<0>;
L_0x5dfd16f2c1b0 .functor MUXZ 32, L_0x5dfd16f2c0c0, L_0x70cdf5c71b68, v0x5dfd16eedd10_0, C4<>;
L_0x70cdf5c71c40 .functor BUFT 1, C4<00000000000000000000000000001001>, C4<0>, C4<0>, C4<0>;
L_0x5dfd16f2c700 .functor MUXZ 32, L_0x5dfd16f2c610, L_0x70cdf5c71c40, v0x5dfd16eedd10_0, C4<>;
L_0x70cdf5c71d18 .functor BUFT 1, C4<00000000000000000000000000001010>, C4<0>, C4<0>, C4<0>;
L_0x5dfd16f2cdb0 .functor MUXZ 32, L_0x5dfd16f2ccc0, L_0x70cdf5c71d18, v0x5dfd16eedd10_0, C4<>;
L_0x70cdf5c71df0 .functor BUFT 1, C4<00000000000000000000000000001011>, C4<0>, C4<0>, C4<0>;
L_0x5dfd16f2d300 .functor MUXZ 32, L_0x5dfd16f2d210, L_0x70cdf5c71df0, v0x5dfd16eedd10_0, C4<>;
L_0x70cdf5c71ec8 .functor BUFT 1, C4<00000000000000000000000000001100>, C4<0>, C4<0>, C4<0>;
L_0x5dfd16f2d9c0 .functor MUXZ 32, L_0x5dfd16f2d8d0, L_0x70cdf5c71ec8, v0x5dfd16eedd10_0, C4<>;
L_0x70cdf5c71fa0 .functor BUFT 1, C4<00000000000000000000000000001101>, C4<0>, C4<0>, C4<0>;
L_0x5dfd16f2df10 .functor MUXZ 32, L_0x5dfd16f2de20, L_0x70cdf5c71fa0, v0x5dfd16eedd10_0, C4<>;
L_0x70cdf5c72078 .functor BUFT 1, C4<00000000000000000000000000001110>, C4<0>, C4<0>, C4<0>;
L_0x5dfd16f2e610 .functor MUXZ 32, L_0x5dfd16f2e520, L_0x70cdf5c72078, v0x5dfd16eedd10_0, C4<>;
L_0x70cdf5c72150 .functor BUFT 1, C4<00000000000000000000000000001111>, C4<0>, C4<0>, C4<0>;
L_0x5dfd16f2eb90 .functor MUXZ 32, L_0x5dfd16f2eaa0, L_0x70cdf5c72150, v0x5dfd16eedd10_0, C4<>;
L_0x5dfd16f2f820 .functor MUXZ 32, L_0x5dfd16f30980, v0x5dfd16eece70_0, L_0x5dfd16f2f700, C4<>;
L_0x5dfd16f2f970 .functor MUXZ 32, L_0x5dfd16f2f820, v0x5dfd16ee4bf0_0, L_0x5dfd16f2f600, C4<>;
L_0x5dfd16f2fc80 .functor MUXZ 32, L_0x5dfd16f2f970, v0x5dfd16ee5ef0_0, L_0x5dfd16f4c7f0, C4<>;
L_0x5dfd16f2fda0 .functor MUXZ 32, L_0x5dfd16f2fc80, v0x5dfd16ee4bf0_0, L_0x5dfd16f4c590, C4<>;
L_0x5dfd16f300f0 .functor MUXZ 32, L_0x5dfd16f2fda0, L_0x70cdf5c72588, v0x5dfd16eedb30_0, C4<>;
L_0x5dfd16f30230 .reduce/nor L_0x5dfd16f2f530;
L_0x5dfd16f304e0 .part L_0x5dfd16f300f0, 2, 4;
L_0x5dfd16f305d0 .concat [ 4 28 0 0], L_0x5dfd16f304e0, L_0x70cdf5c725d0;
L_0x5dfd16f30980 .arith/sum 32, v0x5dfd16eed1f0_0, L_0x70cdf5c72618;
L_0x5dfd16f30b30 .part L_0x5dfd16f308e0, 2, 5;
L_0x5dfd16f30e00 .cmp/eq 5, L_0x5dfd16f30b30, L_0x70cdf5c72660;
L_0x5dfd16f30f70 .part L_0x5dfd16f308e0, 2, 5;
L_0x5dfd16f31200 .cmp/eq 5, L_0x5dfd16f30f70, L_0x70cdf5c726a8;
L_0x5dfd16f31450 .part L_0x5dfd16f308e0, 2, 5;
L_0x5dfd16f316f0 .cmp/eq 5, L_0x5dfd16f31450, L_0x70cdf5c726f0;
L_0x5dfd16f318f0 .part L_0x5dfd16f308e0, 2, 5;
L_0x5dfd16f31ba0 .cmp/eq 5, L_0x5dfd16f318f0, L_0x70cdf5c72738;
L_0x5dfd16f31e40 .part L_0x5dfd16f308e0, 2, 5;
L_0x5dfd16f32100 .cmp/eq 5, L_0x5dfd16f31e40, L_0x70cdf5c72780;
L_0x5dfd16f32350 .part L_0x5dfd16f308e0, 2, 5;
L_0x5dfd16f32620 .cmp/eq 5, L_0x5dfd16f32350, L_0x70cdf5c727c8;
L_0x5dfd16f32760 .part L_0x5dfd16f308e0, 2, 5;
L_0x5dfd16f32a40 .cmp/eq 5, L_0x5dfd16f32760, L_0x70cdf5c72810;
L_0x5dfd16f32cf0 .part L_0x5dfd16f308e0, 2, 5;
L_0x5dfd16f32fe0 .cmp/eq 5, L_0x5dfd16f32cf0, L_0x70cdf5c72858;
L_0x5dfd16f331e0 .part L_0x5dfd16f308e0, 2, 5;
L_0x5dfd16f334e0 .cmp/eq 5, L_0x5dfd16f331e0, L_0x70cdf5c728a0;
L_0x5dfd16f337a0 .part L_0x5dfd16f308e0, 2, 5;
L_0x5dfd16f33ab0 .cmp/eq 5, L_0x5dfd16f337a0, L_0x70cdf5c728e8;
L_0x5dfd16f33bf0 .part L_0x5dfd16f308e0, 2, 5;
L_0x5dfd16f33f10 .cmp/eq 5, L_0x5dfd16f33bf0, L_0x70cdf5c72930;
L_0x5dfd16f34050 .part L_0x5dfd16f308e0, 2, 5;
L_0x5dfd16f34380 .cmp/eq 5, L_0x5dfd16f34050, L_0x70cdf5c72978;
L_0x5dfd16f34600 .part L_0x5dfd16f308e0, 2, 5;
L_0x5dfd16f34940 .cmp/eq 5, L_0x5dfd16f34600, L_0x70cdf5c729c0;
L_0x5dfd16f34a80 .part L_0x5dfd16f308e0, 2, 5;
L_0x5dfd16f34dd0 .cmp/eq 5, L_0x5dfd16f34a80, L_0x70cdf5c72a08;
L_0x5dfd16f350d0 .part L_0x5dfd16f308e0, 2, 5;
L_0x5dfd16f35430 .cmp/eq 5, L_0x5dfd16f350d0, L_0x70cdf5c72a50;
L_0x5dfd16f35570 .part L_0x5dfd16f308e0, 31, 1;
LS_0x5dfd16f358e0_0_0 .concat [ 1 1 1 1], L_0x5dfd16f35570, L_0x5dfd16f35570, L_0x5dfd16f35570, L_0x5dfd16f35570;
LS_0x5dfd16f358e0_0_4 .concat [ 1 1 1 1], L_0x5dfd16f35570, L_0x5dfd16f35570, L_0x5dfd16f35570, L_0x5dfd16f35570;
LS_0x5dfd16f358e0_0_8 .concat [ 1 1 1 1], L_0x5dfd16f35570, L_0x5dfd16f35570, L_0x5dfd16f35570, L_0x5dfd16f35570;
LS_0x5dfd16f358e0_0_12 .concat [ 1 1 1 1], L_0x5dfd16f35570, L_0x5dfd16f35570, L_0x5dfd16f35570, L_0x5dfd16f35570;
LS_0x5dfd16f358e0_0_16 .concat [ 1 1 1 1], L_0x5dfd16f35570, L_0x5dfd16f35570, L_0x5dfd16f35570, L_0x5dfd16f35570;
LS_0x5dfd16f358e0_0_20 .concat [ 1 0 0 0], L_0x5dfd16f35570;
LS_0x5dfd16f358e0_1_0 .concat [ 4 4 4 4], LS_0x5dfd16f358e0_0_0, LS_0x5dfd16f358e0_0_4, LS_0x5dfd16f358e0_0_8, LS_0x5dfd16f358e0_0_12;
LS_0x5dfd16f358e0_1_4 .concat [ 4 1 0 0], LS_0x5dfd16f358e0_0_16, LS_0x5dfd16f358e0_0_20;
L_0x5dfd16f358e0 .concat [ 16 5 0 0], LS_0x5dfd16f358e0_1_0, LS_0x5dfd16f358e0_1_4;
L_0x5dfd16f35be0 .part L_0x5dfd16f308e0, 20, 11;
L_0x5dfd16f35f60 .concat [ 11 21 0 0], L_0x5dfd16f35be0, L_0x5dfd16f358e0;
L_0x5dfd16f36080 .part L_0x5dfd16f308e0, 31, 1;
LS_0x5dfd16f36410_0_0 .concat [ 1 1 1 1], L_0x5dfd16f36080, L_0x5dfd16f36080, L_0x5dfd16f36080, L_0x5dfd16f36080;
LS_0x5dfd16f36410_0_4 .concat [ 1 1 1 1], L_0x5dfd16f36080, L_0x5dfd16f36080, L_0x5dfd16f36080, L_0x5dfd16f36080;
LS_0x5dfd16f36410_0_8 .concat [ 1 1 1 1], L_0x5dfd16f36080, L_0x5dfd16f36080, L_0x5dfd16f36080, L_0x5dfd16f36080;
LS_0x5dfd16f36410_0_12 .concat [ 1 1 1 1], L_0x5dfd16f36080, L_0x5dfd16f36080, L_0x5dfd16f36080, L_0x5dfd16f36080;
LS_0x5dfd16f36410_0_16 .concat [ 1 1 1 1], L_0x5dfd16f36080, L_0x5dfd16f36080, L_0x5dfd16f36080, L_0x5dfd16f36080;
LS_0x5dfd16f36410_0_20 .concat [ 1 0 0 0], L_0x5dfd16f36080;
LS_0x5dfd16f36410_1_0 .concat [ 4 4 4 4], LS_0x5dfd16f36410_0_0, LS_0x5dfd16f36410_0_4, LS_0x5dfd16f36410_0_8, LS_0x5dfd16f36410_0_12;
LS_0x5dfd16f36410_1_4 .concat [ 4 1 0 0], LS_0x5dfd16f36410_0_16, LS_0x5dfd16f36410_0_20;
L_0x5dfd16f36410 .concat [ 16 5 0 0], LS_0x5dfd16f36410_1_0, LS_0x5dfd16f36410_1_4;
L_0x5dfd16f36710 .part L_0x5dfd16f308e0, 25, 6;
L_0x5dfd16f36ab0 .part L_0x5dfd16f308e0, 8, 4;
L_0x5dfd16f36b80 .part L_0x5dfd16f308e0, 7, 1;
L_0x5dfd16f36f60 .concat [ 1 4 6 21], L_0x5dfd16f36b80, L_0x5dfd16f36ab0, L_0x5dfd16f36710, L_0x5dfd16f36410;
L_0x5dfd16f37150 .part L_0x5dfd16f308e0, 31, 1;
LS_0x5dfd16f37510_0_0 .concat [ 1 1 1 1], L_0x5dfd16f37150, L_0x5dfd16f37150, L_0x5dfd16f37150, L_0x5dfd16f37150;
LS_0x5dfd16f37510_0_4 .concat [ 1 1 1 1], L_0x5dfd16f37150, L_0x5dfd16f37150, L_0x5dfd16f37150, L_0x5dfd16f37150;
LS_0x5dfd16f37510_0_8 .concat [ 1 1 1 1], L_0x5dfd16f37150, L_0x5dfd16f37150, L_0x5dfd16f37150, L_0x5dfd16f37150;
LS_0x5dfd16f37510_0_12 .concat [ 1 1 1 1], L_0x5dfd16f37150, L_0x5dfd16f37150, L_0x5dfd16f37150, L_0x5dfd16f37150;
LS_0x5dfd16f37510_0_16 .concat [ 1 1 1 1], L_0x5dfd16f37150, L_0x5dfd16f37150, L_0x5dfd16f37150, L_0x5dfd16f37150;
LS_0x5dfd16f37510_1_0 .concat [ 4 4 4 4], LS_0x5dfd16f37510_0_0, LS_0x5dfd16f37510_0_4, LS_0x5dfd16f37510_0_8, LS_0x5dfd16f37510_0_12;
LS_0x5dfd16f37510_1_4 .concat [ 4 0 0 0], LS_0x5dfd16f37510_0_16;
L_0x5dfd16f37510 .concat [ 16 4 0 0], LS_0x5dfd16f37510_1_0, LS_0x5dfd16f37510_1_4;
L_0x5dfd16f37810 .part L_0x5dfd16f308e0, 7, 1;
L_0x5dfd16f37be0 .part L_0x5dfd16f308e0, 25, 6;
L_0x5dfd16f37c80 .part L_0x5dfd16f308e0, 8, 4;
LS_0x5dfd16ee3920_0_0 .concat [ 1 4 6 1], L_0x70cdf5c72a98, L_0x5dfd16f37c80, L_0x5dfd16f37be0, L_0x5dfd16f37810;
LS_0x5dfd16ee3920_0_4 .concat [ 20 0 0 0], L_0x5dfd16f37510;
L_0x5dfd16ee3920 .concat [ 12 20 0 0], LS_0x5dfd16ee3920_0_0, LS_0x5dfd16ee3920_0_4;
L_0x5dfd16f380b0 .part L_0x5dfd16f308e0, 12, 20;
L_0x5dfd16f384a0 .concat [ 12 20 0 0], L_0x70cdf5c72ae0, L_0x5dfd16f380b0;
L_0x5dfd16f385e0 .part L_0x5dfd16f308e0, 31, 1;
LS_0x5dfd16f389e0_0_0 .concat [ 1 1 1 1], L_0x5dfd16f385e0, L_0x5dfd16f385e0, L_0x5dfd16f385e0, L_0x5dfd16f385e0;
LS_0x5dfd16f389e0_0_4 .concat [ 1 1 1 1], L_0x5dfd16f385e0, L_0x5dfd16f385e0, L_0x5dfd16f385e0, L_0x5dfd16f385e0;
LS_0x5dfd16f389e0_0_8 .concat [ 1 1 1 1], L_0x5dfd16f385e0, L_0x5dfd16f385e0, L_0x5dfd16f385e0, L_0x5dfd16f385e0;
L_0x5dfd16f389e0 .concat [ 4 4 4 0], LS_0x5dfd16f389e0_0_0, LS_0x5dfd16f389e0_0_4, LS_0x5dfd16f389e0_0_8;
L_0x5dfd16f38ad0 .part L_0x5dfd16f308e0, 12, 8;
L_0x5dfd16f38ee0 .part L_0x5dfd16f308e0, 20, 1;
L_0x5dfd16f38f80 .part L_0x5dfd16f308e0, 21, 10;
LS_0x5dfd16f393d0_0_0 .concat [ 1 10 1 8], L_0x70cdf5c72b28, L_0x5dfd16f38f80, L_0x5dfd16f38ee0, L_0x5dfd16f38ad0;
LS_0x5dfd16f393d0_0_4 .concat [ 12 0 0 0], L_0x5dfd16f389e0;
L_0x5dfd16f393d0 .concat [ 20 12 0 0], LS_0x5dfd16f393d0_0_0, LS_0x5dfd16f393d0_0_4;
L_0x5dfd16f395e0 .functor MUXZ 32, L_0x70cdf5c72b70, L_0x5dfd16f393d0, L_0x5dfd16f35430, C4<>;
L_0x5dfd16f39b00 .functor MUXZ 32, L_0x5dfd16f395e0, L_0x5dfd16f384a0, L_0x5dfd16f344f0, C4<>;
L_0x5dfd16f39c90 .functor MUXZ 32, L_0x5dfd16f39b00, L_0x5dfd16ee3920, L_0x5dfd16f33ab0, C4<>;
L_0x5dfd16f3a1c0 .functor MUXZ 32, L_0x5dfd16f39c90, L_0x5dfd16f36f60, L_0x5dfd16f34f40, C4<>;
L_0x5dfd16f3a350 .functor MUXZ 32, L_0x5dfd16f3a1c0, L_0x5dfd16f35f60, L_0x5dfd16f32240, C4<>;
L_0x5dfd16f3abd0 .part L_0x5dfd16f308e0, 20, 5;
L_0x5dfd16f3b450 .part L_0x5dfd16f308e0, 15, 5;
L_0x5dfd16f3b8b0 .part L_0x5dfd16f308e0, 7, 5;
L_0x5dfd16f3b950 .part L_0x5dfd16f308e0, 12, 3;
L_0x5dfd16f3bdc0 .part L_0x5dfd16f308e0, 25, 7;
L_0x5dfd16f3be60 .part L_0x5dfd16f308e0, 0, 7;
L_0x5dfd16f3c2e0 .part L_0x5dfd16f3bdc0, 5, 1;
L_0x5dfd16f3c3d0 .concat [ 7 3 1 0], L_0x5dfd16f3be60, L_0x5dfd16f3b950, L_0x5dfd16f3c2e0;
L_0x5dfd16f3c950 .part L_0x5dfd16f3c3d0, 0, 10;
L_0x5dfd16f3ca40 .cmp/eq 10, L_0x5dfd16f3c950, L_0x70cdf5c72bb8;
L_0x5dfd16f3cf80 .part L_0x5dfd16f3c3d0, 0, 10;
L_0x5dfd16f3d020 .cmp/eq 10, L_0x5dfd16f3cf80, L_0x70cdf5c72c00;
L_0x5dfd16f3d570 .part L_0x5dfd16f3c3d0, 0, 10;
L_0x5dfd16f3d610 .cmp/eq 10, L_0x5dfd16f3d570, L_0x70cdf5c72c48;
L_0x5dfd16f3db20 .part L_0x5dfd16f3c3d0, 0, 10;
L_0x5dfd16f3dbc0 .cmp/eq 10, L_0x5dfd16f3db20, L_0x70cdf5c72c90;
L_0x5dfd16f3d700 .part L_0x5dfd16f3c3d0, 0, 10;
L_0x5dfd16f3d7a0 .cmp/eq 10, L_0x5dfd16f3d700, L_0x70cdf5c72cd8;
L_0x5dfd16f3d8e0 .part L_0x5dfd16f3c3d0, 0, 10;
L_0x5dfd16f3d980 .cmp/eq 10, L_0x5dfd16f3d8e0, L_0x70cdf5c72d20;
L_0x5dfd16f3e150 .cmp/eq 11, L_0x5dfd16f3c3d0, L_0x70cdf5c72d68;
L_0x5dfd16f3e1f0 .part L_0x5dfd16f3c3d0, 0, 10;
L_0x5dfd16f3dd00 .cmp/eq 10, L_0x5dfd16f3e1f0, L_0x70cdf5c72db0;
L_0x5dfd16f3de40 .cmp/eq 11, L_0x5dfd16f3c3d0, L_0x70cdf5c72df8;
L_0x5dfd16f3df30 .part L_0x5dfd16f3c3d0, 0, 10;
L_0x5dfd16f3dfd0 .cmp/eq 10, L_0x5dfd16f3df30, L_0x70cdf5c72e40;
L_0x5dfd16f3e710 .cmp/eq 11, L_0x5dfd16f3c3d0, L_0x70cdf5c72e88;
L_0x5dfd16f3e800 .part L_0x5dfd16f3c3d0, 0, 10;
L_0x5dfd16f3e290 .cmp/eq 10, L_0x5dfd16f3e800, L_0x70cdf5c72ed0;
L_0x5dfd16f3e400 .cmp/eq 11, L_0x5dfd16f3c3d0, L_0x70cdf5c72f18;
L_0x5dfd16f3e520 .part L_0x5dfd16f3c3d0, 0, 10;
L_0x5dfd16f3e5f0 .cmp/eq 10, L_0x5dfd16f3e520, L_0x70cdf5c72f60;
L_0x5dfd16f3e8a0 .cmp/eq 11, L_0x5dfd16f3c3d0, L_0x70cdf5c72fa8;
L_0x5dfd16f3e990 .part L_0x5dfd16f3c3d0, 0, 10;
L_0x5dfd16f3ea60 .cmp/eq 10, L_0x5dfd16f3e990, L_0x70cdf5c72ff0;
L_0x5dfd16f3ebd0 .part L_0x5dfd16f3c3d0, 0, 10;
L_0x5dfd16f3ec70 .cmp/eq 10, L_0x5dfd16f3ebd0, L_0x70cdf5c73038;
L_0x5dfd16f3f300 .cmp/eq 11, L_0x5dfd16f3c3d0, L_0x70cdf5c73080;
L_0x5dfd16f3ed90 .cmp/eq 11, L_0x5dfd16f3c3d0, L_0x70cdf5c730c8;
L_0x5dfd16f3eeb0 .cmp/eq 11, L_0x5dfd16f3c3d0, L_0x70cdf5c73110;
L_0x5dfd16f3efd0 .cmp/eq 11, L_0x5dfd16f3c3d0, L_0x70cdf5c73158;
L_0x5dfd16f3f0f0 .cmp/eq 11, L_0x5dfd16f3c3d0, L_0x70cdf5c731a0;
L_0x5dfd16f3f8f0 .cmp/eq 11, L_0x5dfd16f3c3d0, L_0x70cdf5c731e8;
L_0x5dfd16f3f9e0 .cmp/eq 11, L_0x5dfd16f3c3d0, L_0x70cdf5c73230;
L_0x5dfd16f3f3f0 .cmp/eq 11, L_0x5dfd16f3c3d0, L_0x70cdf5c73278;
L_0x5dfd16f3f510 .part L_0x5dfd16f3c3d0, 0, 7;
L_0x5dfd16f3f5e0 .cmp/eq 7, L_0x5dfd16f3f510, L_0x70cdf5c732c0;
L_0x5dfd16f3f750 .part L_0x5dfd16f3c3d0, 0, 10;
L_0x5dfd16f3f7f0 .cmp/eq 10, L_0x5dfd16f3f750, L_0x70cdf5c73308;
L_0x5dfd16f400d0 .part L_0x5dfd16f3c3d0, 0, 10;
L_0x5dfd16f3fb00 .cmp/eq 10, L_0x5dfd16f400d0, L_0x70cdf5c73350;
L_0x5dfd16f3fc40 .part L_0x5dfd16f3c3d0, 0, 10;
L_0x5dfd16f3fce0 .cmp/eq 10, L_0x5dfd16f3fc40, L_0x70cdf5c73398;
L_0x5dfd16f3fe50 .part L_0x5dfd16f3c3d0, 0, 7;
L_0x5dfd16f3fef0 .cmp/eq 7, L_0x5dfd16f3fe50, L_0x70cdf5c733e0;
L_0x5dfd16f40720 .part L_0x5dfd16f3c3d0, 0, 7;
L_0x5dfd16f40170 .cmp/eq 7, L_0x5dfd16f40720, L_0x70cdf5c73428;
L_0x5dfd16f402e0 .part L_0x5dfd16f3c3d0, 0, 7;
L_0x5dfd16f40380 .cmp/eq 7, L_0x5dfd16f402e0, L_0x70cdf5c73470;
L_0x5dfd16f404f0 .part L_0x5dfd16f3c3d0, 0, 10;
L_0x5dfd16f40590 .cmp/eq 10, L_0x5dfd16f404f0, L_0x70cdf5c734b8;
L_0x5dfd16f41350 .arith/sum 32, v0x5dfd16eed2d0_0, v0x5dfd16ee5b70_0;
L_0x5dfd16f407c0 .arith/sum 32, L_0x5dfd16f40b90, v0x5dfd16ee5b70_0;
L_0x5dfd16f40910 .cmp/eq 5, v0x5dfd16eed570_0, v0x5dfd16eee710_0;
L_0x5dfd16f40b90 .functor MUXZ 32, L_0x5dfd16f4e240, L_0x5dfd16f4a380, L_0x5dfd16f413f0, C4<>;
L_0x5dfd16f41aa0 .cmp/eq 5, v0x5dfd16eed570_0, v0x5dfd16eee930_0;
L_0x5dfd16f415b0 .functor MUXZ 32, L_0x5dfd16f4e580, L_0x5dfd16f4a380, L_0x5dfd16f414f0, C4<>;
L_0x5dfd16f416f0 .cmp/gt 32, v0x5dfd16eeef70_0, v0x5dfd16eeedb0_0;
L_0x5dfd16f41790 .cmp/gt 32, v0x5dfd16ee5c50_0, v0x5dfd16eeedb0_0;
L_0x5dfd16f418e0 .concat [ 32 32 0 0], v0x5dfd16eeedb0_0, L_0x70cdf5c73500;
L_0x5dfd16f41a00 .concat [ 32 32 0 0], v0x5dfd16ee5c50_0, L_0x70cdf5c73548;
L_0x5dfd16f42210 .arith/sum 64, L_0x5dfd16f418e0, L_0x5dfd16f41a00;
L_0x5dfd16f41b90 .concat [ 32 32 0 0], v0x5dfd16eeedb0_0, L_0x70cdf5c73590;
L_0x5dfd16f41c30 .concat [ 32 32 0 0], v0x5dfd16eeef70_0, L_0x70cdf5c735d8;
L_0x5dfd16f41d70 .arith/sum 64, L_0x5dfd16f41b90, L_0x5dfd16f41c30;
L_0x5dfd16f41eb0 .concat [ 32 32 0 0], v0x5dfd16eeedb0_0, L_0x70cdf5c73620;
L_0x5dfd16f41fa0 .concat [ 32 32 0 0], v0x5dfd16eeef70_0, L_0x70cdf5c73668;
L_0x5dfd16f42af0 .concat [ 32 32 0 0], v0x5dfd16eeedb0_0, L_0x70cdf5c736b0;
L_0x5dfd16f42410 .concat [ 32 32 0 0], v0x5dfd16ee5c50_0, L_0x70cdf5c736f8;
L_0x5dfd16f42640 .concat [ 32 32 0 0], v0x5dfd16eeedb0_0, L_0x70cdf5c73740;
L_0x5dfd16f42730 .concat [ 32 32 0 0], v0x5dfd16eeef70_0, L_0x70cdf5c73788;
L_0x5dfd16f42910 .concat [ 32 32 0 0], v0x5dfd16eeedb0_0, L_0x70cdf5c737d0;
L_0x5dfd16f42a00 .concat [ 32 32 0 0], v0x5dfd16ee5c50_0, L_0x70cdf5c73818;
L_0x5dfd16f42ca0 .concat [ 32 32 0 0], v0x5dfd16eeedb0_0, L_0x70cdf5c73860;
L_0x5dfd16f28ee0 .concat [ 32 32 0 0], v0x5dfd16eeef70_0, L_0x70cdf5c738a8;
L_0x5dfd16f42e00 .concat [ 32 32 0 0], v0x5dfd16eeedb0_0, L_0x70cdf5c738f0;
L_0x5dfd16f42ef0 .concat [ 32 32 0 0], v0x5dfd16ee5c50_0, L_0x70cdf5c73938;
L_0x5dfd16f43120 .concat [ 32 32 0 0], v0x5dfd16eeedb0_0, L_0x70cdf5c73980;
L_0x5dfd16f43350 .concat [ 32 32 0 0], v0x5dfd16eeef70_0, L_0x70cdf5c739c8;
L_0x5dfd16f43470 .arith/sub 64, L_0x5dfd16f43120, L_0x5dfd16f43350;
L_0x5dfd16f43620 .part v0x5dfd16eeedb0_0, 31, 1;
L_0x5dfd16f436c0 .part v0x5dfd16ee5c50_0, 31, 1;
L_0x5dfd16f28990 .concat [ 1 63 0 0], L_0x5dfd16f41790, L_0x70cdf5c73a10;
L_0x5dfd16f28b20 .part v0x5dfd16eeedb0_0, 31, 1;
L_0x5dfd16f28bc0 .concat [ 1 31 0 0], L_0x5dfd16f28b20, L_0x70cdf5c73a58;
L_0x5dfd16f28d00 .concat [ 32 32 0 0], L_0x5dfd16f28bc0, L_0x70cdf5c73aa0;
L_0x5dfd16f43830 .functor MUXZ 64, L_0x5dfd16f28d00, L_0x5dfd16f28990, L_0x5dfd16f43510, C4<>;
L_0x5dfd16f45040 .concat [ 1 63 0 0], L_0x5dfd16f41790, L_0x70cdf5c73ae8;
L_0x5dfd16f44990 .concat [ 32 32 0 0], v0x5dfd16eeedb0_0, L_0x70cdf5c73b30;
L_0x5dfd16f44a80 .part v0x5dfd16ee5c50_0, 0, 6;
L_0x5dfd16f44b20 .shift/l 64, L_0x5dfd16f44990, L_0x5dfd16f44a80;
L_0x5dfd16f44c60 .concat [ 32 32 0 0], v0x5dfd16eeedb0_0, L_0x70cdf5c73b78;
L_0x5dfd16f44d50 .part v0x5dfd16ee5c50_0, 0, 6;
L_0x5dfd16f44df0 .shift/r 64, L_0x5dfd16f44c60, L_0x5dfd16f44d50;
L_0x5dfd16f457d0 .part v0x5dfd16eeedb0_0, 31, 1;
LS_0x5dfd16f45870_0_0 .concat [ 1 1 1 1], L_0x5dfd16f457d0, L_0x5dfd16f457d0, L_0x5dfd16f457d0, L_0x5dfd16f457d0;
LS_0x5dfd16f45870_0_4 .concat [ 1 1 1 1], L_0x5dfd16f457d0, L_0x5dfd16f457d0, L_0x5dfd16f457d0, L_0x5dfd16f457d0;
LS_0x5dfd16f45870_0_8 .concat [ 1 1 1 1], L_0x5dfd16f457d0, L_0x5dfd16f457d0, L_0x5dfd16f457d0, L_0x5dfd16f457d0;
LS_0x5dfd16f45870_0_12 .concat [ 1 1 1 1], L_0x5dfd16f457d0, L_0x5dfd16f457d0, L_0x5dfd16f457d0, L_0x5dfd16f457d0;
LS_0x5dfd16f45870_0_16 .concat [ 1 1 1 1], L_0x5dfd16f457d0, L_0x5dfd16f457d0, L_0x5dfd16f457d0, L_0x5dfd16f457d0;
LS_0x5dfd16f45870_0_20 .concat [ 1 1 1 1], L_0x5dfd16f457d0, L_0x5dfd16f457d0, L_0x5dfd16f457d0, L_0x5dfd16f457d0;
LS_0x5dfd16f45870_0_24 .concat [ 1 1 1 1], L_0x5dfd16f457d0, L_0x5dfd16f457d0, L_0x5dfd16f457d0, L_0x5dfd16f457d0;
LS_0x5dfd16f45870_0_28 .concat [ 1 1 1 1], L_0x5dfd16f457d0, L_0x5dfd16f457d0, L_0x5dfd16f457d0, L_0x5dfd16f457d0;
LS_0x5dfd16f45870_1_0 .concat [ 4 4 4 4], LS_0x5dfd16f45870_0_0, LS_0x5dfd16f45870_0_4, LS_0x5dfd16f45870_0_8, LS_0x5dfd16f45870_0_12;
LS_0x5dfd16f45870_1_4 .concat [ 4 4 4 4], LS_0x5dfd16f45870_0_16, LS_0x5dfd16f45870_0_20, LS_0x5dfd16f45870_0_24, LS_0x5dfd16f45870_0_28;
L_0x5dfd16f45870 .concat [ 16 16 0 0], LS_0x5dfd16f45870_1_0, LS_0x5dfd16f45870_1_4;
L_0x5dfd16f450e0 .concat [ 32 32 0 0], v0x5dfd16eeedb0_0, L_0x5dfd16f45870;
L_0x5dfd16f45180 .part v0x5dfd16ee5c50_0, 0, 5;
L_0x5dfd16f45220 .shift/r 64, L_0x5dfd16f450e0, L_0x5dfd16f45180;
L_0x5dfd16f45390 .concat [ 32 32 0 0], v0x5dfd16eeedb0_0, L_0x70cdf5c73bc0;
L_0x5dfd16f45480 .part v0x5dfd16eeef70_0, 0, 5;
L_0x5dfd16f45520 .shift/l 64, L_0x5dfd16f45390, L_0x5dfd16f45480;
L_0x5dfd16f45690 .part v0x5dfd16eeedb0_0, 31, 1;
L_0x5dfd16f45730 .part v0x5dfd16eeef70_0, 31, 1;
L_0x5dfd16f46780 .concat [ 1 63 0 0], L_0x5dfd16f416f0, L_0x70cdf5c73c08;
L_0x5dfd16f468c0 .part v0x5dfd16eeedb0_0, 31, 1;
L_0x5dfd16f45f30 .concat [ 1 31 0 0], L_0x5dfd16f468c0, L_0x70cdf5c73c50;
L_0x5dfd16f460a0 .concat [ 32 32 0 0], L_0x5dfd16f45f30, L_0x70cdf5c73c98;
L_0x5dfd16f461e0 .functor MUXZ 64, L_0x5dfd16f460a0, L_0x5dfd16f46780, L_0x5dfd16f46670, C4<>;
L_0x5dfd16f46370 .concat [ 1 63 0 0], L_0x5dfd16f416f0, L_0x70cdf5c73ce0;
L_0x5dfd16f46460 .concat [ 32 32 0 0], v0x5dfd16eeedb0_0, L_0x70cdf5c73d28;
L_0x5dfd16f46550 .part v0x5dfd16eeef70_0, 0, 6;
L_0x5dfd16f470e0 .shift/r 64, L_0x5dfd16f46460, L_0x5dfd16f46550;
L_0x5dfd16f471d0 .part v0x5dfd16eeedb0_0, 31, 1;
LS_0x5dfd16f46960_0_0 .concat [ 1 1 1 1], L_0x5dfd16f471d0, L_0x5dfd16f471d0, L_0x5dfd16f471d0, L_0x5dfd16f471d0;
LS_0x5dfd16f46960_0_4 .concat [ 1 1 1 1], L_0x5dfd16f471d0, L_0x5dfd16f471d0, L_0x5dfd16f471d0, L_0x5dfd16f471d0;
LS_0x5dfd16f46960_0_8 .concat [ 1 1 1 1], L_0x5dfd16f471d0, L_0x5dfd16f471d0, L_0x5dfd16f471d0, L_0x5dfd16f471d0;
LS_0x5dfd16f46960_0_12 .concat [ 1 1 1 1], L_0x5dfd16f471d0, L_0x5dfd16f471d0, L_0x5dfd16f471d0, L_0x5dfd16f471d0;
LS_0x5dfd16f46960_0_16 .concat [ 1 1 1 1], L_0x5dfd16f471d0, L_0x5dfd16f471d0, L_0x5dfd16f471d0, L_0x5dfd16f471d0;
LS_0x5dfd16f46960_0_20 .concat [ 1 1 1 1], L_0x5dfd16f471d0, L_0x5dfd16f471d0, L_0x5dfd16f471d0, L_0x5dfd16f471d0;
LS_0x5dfd16f46960_0_24 .concat [ 1 1 1 1], L_0x5dfd16f471d0, L_0x5dfd16f471d0, L_0x5dfd16f471d0, L_0x5dfd16f471d0;
LS_0x5dfd16f46960_0_28 .concat [ 1 1 1 1], L_0x5dfd16f471d0, L_0x5dfd16f471d0, L_0x5dfd16f471d0, L_0x5dfd16f471d0;
LS_0x5dfd16f46960_1_0 .concat [ 4 4 4 4], LS_0x5dfd16f46960_0_0, LS_0x5dfd16f46960_0_4, LS_0x5dfd16f46960_0_8, LS_0x5dfd16f46960_0_12;
LS_0x5dfd16f46960_1_4 .concat [ 4 4 4 4], LS_0x5dfd16f46960_0_16, LS_0x5dfd16f46960_0_20, LS_0x5dfd16f46960_0_24, LS_0x5dfd16f46960_0_28;
L_0x5dfd16f46960 .concat [ 16 16 0 0], LS_0x5dfd16f46960_1_0, LS_0x5dfd16f46960_1_4;
L_0x5dfd16f46f70 .concat [ 32 32 0 0], v0x5dfd16eeedb0_0, L_0x5dfd16f46960;
L_0x5dfd16f47010 .part v0x5dfd16eeef70_0, 0, 5;
L_0x5dfd16f47a10 .shift/r 64, L_0x5dfd16f46f70, L_0x5dfd16f47010;
L_0x5dfd16f47270 .part v0x5dfd16ee5c50_0, 12, 20;
L_0x5dfd16f47310 .concat [ 12 20 0 0], L_0x70cdf5c73d70, L_0x5dfd16f47270;
L_0x5dfd16f47480 .concat [ 32 32 0 0], L_0x5dfd16f47310, L_0x70cdf5c73db8;
L_0x5dfd16f475c0 .concat [ 32 32 0 0], v0x5dfd16eed3b0_0, L_0x70cdf5c73e00;
L_0x5dfd16f476e0 .concat [ 32 32 0 0], v0x5dfd16ee5c50_0, L_0x70cdf5c73e48;
L_0x5dfd16f47800 .arith/sum 64, L_0x5dfd16f475c0, L_0x5dfd16f476e0;
L_0x5dfd16f48330 .concat [ 32 32 0 0], v0x5dfd16eed3b0_0, L_0x70cdf5c73e90;
L_0x5dfd16f48420 .arith/sum 64, L_0x5dfd16f48330, L_0x70cdf5c73ed8;
L_0x5dfd16f47b50 .concat [ 32 32 0 0], v0x5dfd16eed3b0_0, L_0x70cdf5c73f20;
L_0x5dfd16f47c40 .arith/sum 64, L_0x5dfd16f47b50, L_0x70cdf5c73f68;
L_0x5dfd16f47f40 .concat [ 32 32 0 0], v0x5dfd16eeedb0_0, L_0x70cdf5c73fb0;
L_0x5dfd16f48090 .concat [ 32 32 0 0], v0x5dfd16ee5c50_0, L_0x70cdf5c73ff8;
L_0x5dfd16f481b0 .arith/sum 64, L_0x5dfd16f47f40, L_0x5dfd16f48090;
L_0x5dfd16f48dc0 .functor MUXZ 64, L_0x70cdf5c74040, L_0x5dfd16f481b0, L_0x5dfd16f478a0, C4<>;
L_0x5dfd16f48650 .functor MUXZ 64, L_0x5dfd16f48dc0, L_0x5dfd16f47c40, v0x5dfd16ee8c80_0, C4<>;
L_0x5dfd16f487e0 .functor MUXZ 64, L_0x5dfd16f48650, L_0x5dfd16f48420, v0x5dfd16ee8a40_0, C4<>;
L_0x5dfd16f48970 .functor MUXZ 64, L_0x5dfd16f487e0, L_0x5dfd16f47800, v0x5dfd16ee6b30_0, C4<>;
L_0x5dfd16f48ab0 .functor MUXZ 64, L_0x5dfd16f48970, L_0x5dfd16f47480, v0x5dfd16ee9340_0, C4<>;
L_0x5dfd16f48bf0 .functor MUXZ 64, L_0x5dfd16f48ab0, L_0x5dfd16f47a10, v0x5dfd16eebad0_0, C4<>;
L_0x5dfd16f496a0 .functor MUXZ 64, L_0x5dfd16f48bf0, L_0x5dfd16f470e0, v0x5dfd16eebf50_0, C4<>;
L_0x5dfd16f48f00 .functor MUXZ 64, L_0x5dfd16f496a0, L_0x5dfd16f46370, v0x5dfd16eeb890_0, C4<>;
L_0x5dfd16f49040 .functor MUXZ 64, L_0x5dfd16f48f00, L_0x5dfd16f461e0, v0x5dfd16eea9c0_0, C4<>;
L_0x5dfd16f49180 .functor MUXZ 64, L_0x5dfd16f49040, L_0x5dfd16f45520, v0x5dfd16eea540_0, C4<>;
L_0x5dfd16f492c0 .functor MUXZ 64, L_0x5dfd16f49180, L_0x5dfd16f45220, v0x5dfd16eebd10_0, C4<>;
L_0x5dfd16f49400 .functor MUXZ 64, L_0x5dfd16f492c0, L_0x5dfd16f44df0, v0x5dfd16eec190_0, C4<>;
L_0x5dfd16f49540 .functor MUXZ 64, L_0x5dfd16f49400, L_0x5dfd16f44b20, v0x5dfd16eea780_0, C4<>;
L_0x5dfd16f49fc0 .functor MUXZ 64, L_0x5dfd16f49540, L_0x5dfd16f45040, v0x5dfd16eeb650_0, C4<>;
L_0x5dfd16f4a100 .functor MUXZ 64, L_0x5dfd16f49fc0, L_0x5dfd16f43830, v0x5dfd16eeac00_0, C4<>;
L_0x5dfd16f497e0 .functor MUXZ 64, L_0x5dfd16f4a100, L_0x5dfd16f43470, v0x5dfd16eec3d0_0, C4<>;
L_0x5dfd16f49920 .functor MUXZ 64, L_0x5dfd16f497e0, L_0x5dfd16f43010, v0x5dfd16ee68f0_0, C4<>;
L_0x5dfd16f49a60 .functor MUXZ 64, L_0x5dfd16f49920, L_0x5dfd16f42d40, v0x5dfd16ee66b0_0, C4<>;
L_0x5dfd16f49ba0 .functor MUXZ 64, L_0x5dfd16f49a60, L_0x5dfd16f42b90, v0x5dfd16eeccd0_0, C4<>;
L_0x5dfd16f49ce0 .functor MUXZ 64, L_0x5dfd16f49ba0, L_0x5dfd16f42800, v0x5dfd16eeca90_0, C4<>;
L_0x5dfd16f49e20 .functor MUXZ 64, L_0x5dfd16f49ce0, L_0x5dfd16f42530, v0x5dfd16ee97c0_0, C4<>;
L_0x5dfd16f4aa60 .functor MUXZ 64, L_0x5dfd16f49e20, L_0x5dfd16f422b0, v0x5dfd16ee9580_0, C4<>;
L_0x5dfd16f4ab50 .functor MUXZ 64, L_0x5dfd16f4aa60, L_0x5dfd16f41d70, v0x5dfd16ee6230_0, C4<>;
L_0x5dfd16f4a240 .functor MUXZ 64, L_0x5dfd16f4ab50, L_0x5dfd16f42210, v0x5dfd16ee6470_0, C4<>;
L_0x5dfd16f4a380 .part L_0x5dfd16f4a240, 0, 32;
L_0x5dfd16f4a4c0 .cmp/ne 5, v0x5dfd16eed570_0, L_0x70cdf5c74088;
L_0x5dfd16f4a8f0 .reduce/nor L_0x5dfd16f4dcf0;
L_0x5dfd16f4b4e0 .functor MUXZ 5, v0x5dfd16eed570_0, v0x5dfd16eed730_0, L_0x5dfd16f4a8f0, C4<>;
L_0x5dfd16f4b580 .reduce/nor L_0x5dfd16f4dcf0;
L_0x5dfd16f4abf0 .functor MUXZ 32, L_0x5dfd16f4a380, v0x5dfd16ee4f20_0, L_0x5dfd16f4b580, C4<>;
L_0x5dfd16f4ac90 .cmp/eq 32, v0x5dfd16eeedb0_0, v0x5dfd16eeef70_0;
L_0x5dfd16f4ad30 .cmp/ne 32, v0x5dfd16eeedb0_0, v0x5dfd16eeef70_0;
L_0x5dfd16f4add0 .cmp/gt 32, v0x5dfd16eeef70_0, v0x5dfd16eeedb0_0;
L_0x5dfd16f4ae70 .part v0x5dfd16eeedb0_0, 31, 1;
L_0x5dfd16f4af10 .part v0x5dfd16eeef70_0, 31, 1;
L_0x5dfd16f4b300 .cmp/ge 32, v0x5dfd16eeedb0_0, v0x5dfd16eeef70_0;
L_0x5dfd16f4b3a0 .part v0x5dfd16eeedb0_0, 31, 1;
L_0x5dfd16f4b440 .part v0x5dfd16eeef70_0, 31, 1;
L_0x5dfd16f4c310 .cmp/gt 32, v0x5dfd16eeef70_0, v0x5dfd16eeedb0_0;
L_0x5dfd16f4b620 .cmp/ge 32, v0x5dfd16eeedb0_0, v0x5dfd16eeef70_0;
L_0x5dfd16f4bad0 .functor MUXZ 1, L_0x70cdf5c740d0, L_0x5dfd16f4b620, v0x5dfd16ee75b0_0, C4<>;
L_0x5dfd16f4bc40 .functor MUXZ 1, L_0x5dfd16f4bad0, L_0x5dfd16f4c310, v0x5dfd16ee8140_0, C4<>;
L_0x5dfd16f4bd80 .functor MUXZ 1, L_0x5dfd16f4bc40, L_0x5dfd16f4c200, v0x5dfd16ee71f0_0, C4<>;
L_0x5dfd16f4bec0 .functor MUXZ 1, L_0x5dfd16f4bd80, L_0x5dfd16f4b1f0, v0x5dfd16ee7970_0, C4<>;
L_0x5dfd16f4cdc0 .functor MUXZ 1, L_0x5dfd16f4bec0, L_0x5dfd16f4ad30, v0x5dfd16ee8500_0, C4<>;
L_0x5dfd16f4c450 .functor MUXZ 1, L_0x5dfd16f4cdc0, L_0x5dfd16f4ac90, v0x5dfd16ee6e30_0, C4<>;
L_0x5dfd16f4dcf0 .reduce/nor L_0x5dfd16f4da60;
L_0x5dfd16f4eb80 .cmp/gt 32, L_0x70cdf5c744c0, v0x5dfd16ee5750_0;
L_0x5dfd16f4ec70 .array/port v0x5dfd16ee3e20, v0x5dfd16ee5750_0;
L_0x5dfd16f4de30 .functor MUXZ 32, L_0x70cdf5c74508, L_0x5dfd16f4ec70, L_0x5dfd16f4eb80, C4<>;
L_0x5dfd16f4e010 .array/port v0x5dfd16ee4590, L_0x5dfd16f4e0b0;
L_0x5dfd16f4e0b0 .concat [ 5 2 0 0], L_0x5dfd16f41010, L_0x70cdf5c74550;
L_0x5dfd16f4e350 .array/port v0x5dfd16ee4590, L_0x5dfd16f4e3f0;
L_0x5dfd16f4e3f0 .concat [ 5 2 0 0], L_0x5dfd16f41280, L_0x70cdf5c74598;
L_0x5dfd16f4e690 .array/port v0x5dfd16ee3af0, L_0x5dfd16f4f6e0;
L_0x5dfd16f4f6e0 .concat [ 4 2 0 0], v0x5dfd16eedeb0_0, L_0x70cdf5c745e0;
S_0x5dfd16e568f0 .scope generate, "L1_CPU_Dmem[0]" "L1_CPU_Dmem[0]" 4 302, 4 302 0, S_0x5dfd16eaa540;
 .timescale 0 0;
P_0x5dfd16d93d40 .param/l "dmem" 0 4 302, +C4<00>;
L_0x5dfd16f291c0 .functor AND 1, L_0x5dfd16f4d1c0, L_0x5dfd16f29050, C4<1>, C4<1>;
v0x5dfd16d95e90_0 .net "L1_wr_a4", 0 0, L_0x5dfd16f291c0;  1 drivers
v0x5dfd16d959b0_0 .net *"_ivl_0", 4 0, L_0x5dfd16f28720;  1 drivers
v0x5dfd16d954d0_0 .net/2u *"_ivl_11", 31 0, L_0x70cdf5c714a8;  1 drivers
v0x5dfd16d94ff0_0 .net *"_ivl_14", 31 0, L_0x5dfd16f29280;  1 drivers
L_0x70cdf5c71418 .functor BUFT 1, C4<0>, C4<0>, C4<0>, C4<0>;
v0x5dfd16d94b10_0 .net *"_ivl_3", 0 0, L_0x70cdf5c71418;  1 drivers
L_0x70cdf5c71460 .functor BUFT 1, C4<00000>, C4<0>, C4<0>, C4<0>;
v0x5dfd16d94630_0 .net/2u *"_ivl_4", 4 0, L_0x70cdf5c71460;  1 drivers
v0x5dfd16d94150_0 .net *"_ivl_6", 0 0, L_0x5dfd16f29050;  1 drivers
L_0x5dfd16f28720 .concat [ 4 1 0 0], v0x5dfd16eedeb0_0, L_0x70cdf5c71418;
L_0x5dfd16f29050 .cmp/eq 5, L_0x5dfd16f28720, L_0x70cdf5c71460;
v0x5dfd16ee3af0_0 .array/port v0x5dfd16ee3af0, 0;
L_0x5dfd16f29280 .functor MUXZ 32, v0x5dfd16ee3af0_0, v0x5dfd16eef050_0, L_0x5dfd16f291c0, C4<>;
S_0x5dfd16e58be0 .scope generate, "L1_CPU_Dmem[1]" "L1_CPU_Dmem[1]" 4 302, 4 302 0, S_0x5dfd16eaa540;
 .timescale 0 0;
P_0x5dfd16dc3300 .param/l "dmem" 0 4 302, +C4<01>;
L_0x5dfd16f297c0 .functor AND 1, L_0x5dfd16f4d1c0, L_0x5dfd16f29680, C4<1>, C4<1>;
v0x5dfd16dceeb0_0 .net "L1_wr_a4", 0 0, L_0x5dfd16f297c0;  1 drivers
v0x5dfd16dcef70_0 .net *"_ivl_0", 4 0, L_0x5dfd16f29540;  1 drivers
v0x5dfd16dcbfe0_0 .net/2u *"_ivl_11", 31 0, L_0x70cdf5c71580;  1 drivers
v0x5dfd16dd1dc0_0 .net *"_ivl_14", 31 0, L_0x5dfd16f298d0;  1 drivers
L_0x70cdf5c714f0 .functor BUFT 1, C4<0>, C4<0>, C4<0>, C4<0>;
v0x5dfd16dd7be0_0 .net *"_ivl_3", 0 0, L_0x70cdf5c714f0;  1 drivers
L_0x70cdf5c71538 .functor BUFT 1, C4<00001>, C4<0>, C4<0>, C4<0>;
v0x5dfd16dd4cd0_0 .net/2u *"_ivl_4", 4 0, L_0x70cdf5c71538;  1 drivers
v0x5dfd16de0910_0 .net *"_ivl_6", 0 0, L_0x5dfd16f29680;  1 drivers
L_0x5dfd16f29540 .concat [ 4 1 0 0], v0x5dfd16eedeb0_0, L_0x70cdf5c714f0;
L_0x5dfd16f29680 .cmp/eq 5, L_0x5dfd16f29540, L_0x70cdf5c71538;
v0x5dfd16ee3af0_1 .array/port v0x5dfd16ee3af0, 1;
L_0x5dfd16f298d0 .functor MUXZ 32, v0x5dfd16ee3af0_1, v0x5dfd16eef050_0, L_0x5dfd16f297c0, C4<>;
S_0x5dfd16e6ecd0 .scope generate, "L1_CPU_Dmem[2]" "L1_CPU_Dmem[2]" 4 302, 4 302 0, S_0x5dfd16eaa540;
 .timescale 0 0;
P_0x5dfd16dcc0a0 .param/l "dmem" 0 4 302, +C4<010>;
L_0x5dfd16f29ef0 .functor AND 1, L_0x5dfd16f4d1c0, L_0x5dfd16f29db0, C4<1>, C4<1>;
v0x5dfd16ddda00_0 .net "L1_wr_a4", 0 0, L_0x5dfd16f29ef0;  1 drivers
v0x5dfd16dddac0_0 .net *"_ivl_0", 4 0, L_0x5dfd16f29cc0;  1 drivers
v0x5dfd16ddaaf0_0 .net/2u *"_ivl_11", 31 0, L_0x70cdf5c71658;  1 drivers
v0x5dfd16de6770_0 .net *"_ivl_14", 31 0, L_0x5dfd16f29fb0;  1 drivers
L_0x70cdf5c715c8 .functor BUFT 1, C4<0>, C4<0>, C4<0>, C4<0>;
v0x5dfd16de3840_0 .net *"_ivl_3", 0 0, L_0x70cdf5c715c8;  1 drivers
L_0x70cdf5c71610 .functor BUFT 1, C4<00010>, C4<0>, C4<0>, C4<0>;
v0x5dfd16de96a0_0 .net/2u *"_ivl_4", 4 0, L_0x70cdf5c71610;  1 drivers
v0x5dfd16def500_0 .net *"_ivl_6", 0 0, L_0x5dfd16f29db0;  1 drivers
L_0x5dfd16f29cc0 .concat [ 4 1 0 0], v0x5dfd16eedeb0_0, L_0x70cdf5c715c8;
L_0x5dfd16f29db0 .cmp/eq 5, L_0x5dfd16f29cc0, L_0x70cdf5c71610;
v0x5dfd16ee3af0_2 .array/port v0x5dfd16ee3af0, 2;
L_0x5dfd16f29fb0 .functor MUXZ 32, v0x5dfd16ee3af0_2, v0x5dfd16eef050_0, L_0x5dfd16f29ef0, C4<>;
S_0x5dfd16e6f490 .scope generate, "L1_CPU_Dmem[3]" "L1_CPU_Dmem[3]" 4 302, 4 302 0, S_0x5dfd16eaa540;
 .timescale 0 0;
P_0x5dfd16dd4db0 .param/l "dmem" 0 4 302, +C4<011>;
L_0x5dfd16f2a3c0 .functor AND 1, L_0x5dfd16f4d1c0, L_0x5dfd16f2a280, C4<1>, C4<1>;
v0x5dfd16dec5d0_0 .net "L1_wr_a4", 0 0, L_0x5dfd16f2a3c0;  1 drivers
v0x5dfd16df8290_0 .net *"_ivl_0", 4 0, L_0x5dfd16f2a1e0;  1 drivers
v0x5dfd16df5360_0 .net/2u *"_ivl_11", 31 0, L_0x70cdf5c71730;  1 drivers
v0x5dfd16df5420_0 .net *"_ivl_14", 31 0, L_0x5dfd16f2a430;  1 drivers
L_0x70cdf5c716a0 .functor BUFT 1, C4<0>, C4<0>, C4<0>, C4<0>;
v0x5dfd16df2430_0 .net *"_ivl_3", 0 0, L_0x70cdf5c716a0;  1 drivers
L_0x70cdf5c716e8 .functor BUFT 1, C4<00011>, C4<0>, C4<0>, C4<0>;
v0x5dfd16dfe0f0_0 .net/2u *"_ivl_4", 4 0, L_0x70cdf5c716e8;  1 drivers
v0x5dfd16dfb1c0_0 .net *"_ivl_6", 0 0, L_0x5dfd16f2a280;  1 drivers
L_0x5dfd16f2a1e0 .concat [ 4 1 0 0], v0x5dfd16eedeb0_0, L_0x70cdf5c716a0;
L_0x5dfd16f2a280 .cmp/eq 5, L_0x5dfd16f2a1e0, L_0x70cdf5c716e8;
v0x5dfd16ee3af0_3 .array/port v0x5dfd16ee3af0, 3;
L_0x5dfd16f2a430 .functor MUXZ 32, v0x5dfd16ee3af0_3, v0x5dfd16eef050_0, L_0x5dfd16f2a3c0, C4<>;
S_0x5dfd16ea2c00 .scope generate, "L1_CPU_Dmem[4]" "L1_CPU_Dmem[4]" 4 302, 4 302 0, S_0x5dfd16eaa540;
 .timescale 0 0;
P_0x5dfd16de9780 .param/l "dmem" 0 4 302, +C4<0100>;
L_0x5dfd16f2a830 .functor AND 1, L_0x5dfd16f4d1c0, L_0x5dfd16f2a6f0, C4<1>, C4<1>;
v0x5dfd16e01020_0 .net "L1_wr_a4", 0 0, L_0x5dfd16f2a830;  1 drivers
v0x5dfd16e06e80_0 .net *"_ivl_0", 4 0, L_0x5dfd16f29ab0;  1 drivers
v0x5dfd16e03f50_0 .net/2u *"_ivl_11", 31 0, L_0x70cdf5c71808;  1 drivers
v0x5dfd16e04010_0 .net *"_ivl_14", 31 0, L_0x5dfd16f2a8f0;  1 drivers
L_0x70cdf5c71778 .functor BUFT 1, C4<0>, C4<0>, C4<0>, C4<0>;
v0x5dfd16e0fc10_0 .net *"_ivl_3", 0 0, L_0x70cdf5c71778;  1 drivers
L_0x70cdf5c717c0 .functor BUFT 1, C4<00100>, C4<0>, C4<0>, C4<0>;
v0x5dfd16e0cce0_0 .net/2u *"_ivl_4", 4 0, L_0x70cdf5c717c0;  1 drivers
v0x5dfd16e09db0_0 .net *"_ivl_6", 0 0, L_0x5dfd16f2a6f0;  1 drivers
L_0x5dfd16f29ab0 .concat [ 4 1 0 0], v0x5dfd16eedeb0_0, L_0x70cdf5c71778;
L_0x5dfd16f2a6f0 .cmp/eq 5, L_0x5dfd16f29ab0, L_0x70cdf5c717c0;
v0x5dfd16ee3af0_4 .array/port v0x5dfd16ee3af0, 4;
L_0x5dfd16f2a8f0 .functor MUXZ 32, v0x5dfd16ee3af0_4, v0x5dfd16eef050_0, L_0x5dfd16f2a830, C4<>;
S_0x5dfd16eac0c0 .scope generate, "L1_CPU_Dmem[5]" "L1_CPU_Dmem[5]" 4 302, 4 302 0, S_0x5dfd16eaa540;
 .timescale 0 0;
P_0x5dfd16df8370 .param/l "dmem" 0 4 302, +C4<0101>;
L_0x5dfd16f2ad80 .functor AND 1, L_0x5dfd16f4d1c0, L_0x5dfd16f2ac10, C4<1>, C4<1>;
v0x5dfd16ea95c0_0 .net "L1_wr_a4", 0 0, L_0x5dfd16f2ad80;  1 drivers
v0x5dfd16e34e30_0 .net *"_ivl_0", 4 0, L_0x5dfd16f2ab20;  1 drivers
v0x5dfd16e35930_0 .net/2u *"_ivl_11", 31 0, L_0x70cdf5c718e0;  1 drivers
v0x5dfd16e359f0_0 .net *"_ivl_14", 31 0, L_0x5dfd16f2ae40;  1 drivers
L_0x70cdf5c71850 .functor BUFT 1, C4<0>, C4<0>, C4<0>, C4<0>;
v0x5dfd16e355f0_0 .net *"_ivl_3", 0 0, L_0x70cdf5c71850;  1 drivers
L_0x70cdf5c71898 .functor BUFT 1, C4<00101>, C4<0>, C4<0>, C4<0>;
v0x5dfd16e36f90_0 .net/2u *"_ivl_4", 4 0, L_0x70cdf5c71898;  1 drivers
v0x5dfd16e36c20_0 .net *"_ivl_6", 0 0, L_0x5dfd16f2ac10;  1 drivers
L_0x5dfd16f2ab20 .concat [ 4 1 0 0], v0x5dfd16eedeb0_0, L_0x70cdf5c71850;
L_0x5dfd16f2ac10 .cmp/eq 5, L_0x5dfd16f2ab20, L_0x70cdf5c71898;
v0x5dfd16ee3af0_5 .array/port v0x5dfd16ee3af0, 5;
L_0x5dfd16f2ae40 .functor MUXZ 32, v0x5dfd16ee3af0_5, v0x5dfd16eef050_0, L_0x5dfd16f2ad80, C4<>;
S_0x5dfd16daf4a0 .scope generate, "L1_CPU_Dmem[6]" "L1_CPU_Dmem[6]" 4 302, 4 302 0, S_0x5dfd16eaa540;
 .timescale 0 0;
P_0x5dfd16e01100 .param/l "dmem" 0 4 302, +C4<0110>;
L_0x5dfd16f2b410 .functor AND 1, L_0x5dfd16f4d1c0, L_0x5dfd16f2b2a0, C4<1>, C4<1>;
v0x5dfd16e36460_0 .net "L1_wr_a4", 0 0, L_0x5dfd16f2b410;  1 drivers
v0x5dfd16e360f0_0 .net *"_ivl_0", 4 0, L_0x5dfd16f2b1b0;  1 drivers
v0x5dfd16e38280_0 .net/2u *"_ivl_11", 31 0, L_0x70cdf5c719b8;  1 drivers
v0x5dfd16e38340_0 .net *"_ivl_14", 31 0, L_0x5dfd16f2b4d0;  1 drivers
L_0x70cdf5c71928 .functor BUFT 1, C4<0>, C4<0>, C4<0>, C4<0>;
v0x5dfd16e37ac0_0 .net *"_ivl_3", 0 0, L_0x70cdf5c71928;  1 drivers
L_0x70cdf5c71970 .functor BUFT 1, C4<00110>, C4<0>, C4<0>, C4<0>;
v0x5dfd16e37750_0 .net/2u *"_ivl_4", 4 0, L_0x70cdf5c71970;  1 drivers
v0x5dfd16e390c0_0 .net *"_ivl_6", 0 0, L_0x5dfd16f2b2a0;  1 drivers
L_0x5dfd16f2b1b0 .concat [ 4 1 0 0], v0x5dfd16eedeb0_0, L_0x70cdf5c71928;
L_0x5dfd16f2b2a0 .cmp/eq 5, L_0x5dfd16f2b1b0, L_0x70cdf5c71970;
v0x5dfd16ee3af0_6 .array/port v0x5dfd16ee3af0, 6;
L_0x5dfd16f2b4d0 .functor MUXZ 32, v0x5dfd16ee3af0_6, v0x5dfd16eef050_0, L_0x5dfd16f2b410, C4<>;
S_0x5dfd16dafc00 .scope generate, "L1_CPU_Dmem[7]" "L1_CPU_Dmem[7]" 4 302, 4 302 0, S_0x5dfd16eaa540;
 .timescale 0 0;
P_0x5dfd16e0cdc0 .param/l "dmem" 0 4 302, +C4<0111>;
L_0x5dfd16f2b960 .functor AND 1, L_0x5dfd16f4d1c0, L_0x5dfd16f2b7f0, C4<1>, C4<1>;
v0x5dfd16e38d80_0 .net "L1_wr_a4", 0 0, L_0x5dfd16f2b960;  1 drivers
v0x5dfd16e385c0_0 .net *"_ivl_0", 4 0, L_0x5dfd16f2b700;  1 drivers
v0x5dfd16e3c810_0 .net/2u *"_ivl_11", 31 0, L_0x70cdf5c71a90;  1 drivers
v0x5dfd16e3c8d0_0 .net *"_ivl_14", 31 0, L_0x5dfd16f2ba20;  1 drivers
L_0x70cdf5c71a00 .functor BUFT 1, C4<0>, C4<0>, C4<0>, C4<0>;
v0x5dfd16e3cfe0_0 .net *"_ivl_3", 0 0, L_0x70cdf5c71a00;  1 drivers
L_0x70cdf5c71a48 .functor BUFT 1, C4<00111>, C4<0>, C4<0>, C4<0>;
v0x5dfd16e577d0_0 .net/2u *"_ivl_4", 4 0, L_0x70cdf5c71a48;  1 drivers
v0x5dfd16e57390_0 .net *"_ivl_6", 0 0, L_0x5dfd16f2b7f0;  1 drivers
L_0x5dfd16f2b700 .concat [ 4 1 0 0], v0x5dfd16eedeb0_0, L_0x70cdf5c71a00;
L_0x5dfd16f2b7f0 .cmp/eq 5, L_0x5dfd16f2b700, L_0x70cdf5c71a48;
v0x5dfd16ee3af0_7 .array/port v0x5dfd16ee3af0, 7;
L_0x5dfd16f2ba20 .functor MUXZ 32, v0x5dfd16ee3af0_7, v0x5dfd16eef050_0, L_0x5dfd16f2b960, C4<>;
S_0x5dfd16db0360 .scope generate, "L1_CPU_Dmem[8]" "L1_CPU_Dmem[8]" 4 302, 4 302 0, S_0x5dfd16eaa540;
 .timescale 0 0;
P_0x5dfd16de6850 .param/l "dmem" 0 4 302, +C4<01000>;
L_0x5dfd16f2c000 .functor AND 1, L_0x5dfd16f4d1c0, L_0x5dfd16f2be90, C4<1>, C4<1>;
v0x5dfd16e57c10_0 .net "L1_wr_a4", 0 0, L_0x5dfd16f2c000;  1 drivers
v0x5dfd16e58490_0 .net *"_ivl_0", 5 0, L_0x5dfd16f2bda0;  1 drivers
v0x5dfd16e58050_0 .net/2u *"_ivl_11", 31 0, L_0x70cdf5c71b68;  1 drivers
v0x5dfd16e58110_0 .net *"_ivl_14", 31 0, L_0x5dfd16f2c0c0;  1 drivers
L_0x70cdf5c71ad8 .functor BUFT 1, C4<00>, C4<0>, C4<0>, C4<0>;
v0x5dfd16e6f170_0 .net *"_ivl_3", 1 0, L_0x70cdf5c71ad8;  1 drivers
L_0x70cdf5c71b20 .functor BUFT 1, C4<001000>, C4<0>, C4<0>, C4<0>;
v0x5dfd16e6fce0_0 .net/2u *"_ivl_4", 5 0, L_0x70cdf5c71b20;  1 drivers
v0x5dfd16e6f930_0 .net *"_ivl_6", 0 0, L_0x5dfd16f2be90;  1 drivers
L_0x5dfd16f2bda0 .concat [ 4 2 0 0], v0x5dfd16eedeb0_0, L_0x70cdf5c71ad8;
L_0x5dfd16f2be90 .cmp/eq 6, L_0x5dfd16f2bda0, L_0x70cdf5c71b20;
v0x5dfd16ee3af0_8 .array/port v0x5dfd16ee3af0, 8;
L_0x5dfd16f2c0c0 .functor MUXZ 32, v0x5dfd16ee3af0_8, v0x5dfd16eef050_0, L_0x5dfd16f2c000, C4<>;
S_0x5dfd16db0ac0 .scope generate, "L1_CPU_Dmem[9]" "L1_CPU_Dmem[9]" 4 302, 4 302 0, S_0x5dfd16eaa540;
 .timescale 0 0;
P_0x5dfd16e37070 .param/l "dmem" 0 4 302, +C4<01001>;
L_0x5dfd16f2c550 .functor AND 1, L_0x5dfd16f4d1c0, L_0x5dfd16f2c3e0, C4<1>, C4<1>;
v0x5dfd16e70300_0 .net "L1_wr_a4", 0 0, L_0x5dfd16f2c550;  1 drivers
v0x5dfd16e71c10_0 .net *"_ivl_0", 5 0, L_0x5dfd16f2c2f0;  1 drivers
v0x5dfd16e70f30_0 .net/2u *"_ivl_11", 31 0, L_0x70cdf5c71c40;  1 drivers
v0x5dfd16e70ff0_0 .net *"_ivl_14", 31 0, L_0x5dfd16f2c610;  1 drivers
L_0x70cdf5c71bb0 .functor BUFT 1, C4<00>, C4<0>, C4<0>, C4<0>;
v0x5dfd16e9a880_0 .net *"_ivl_3", 1 0, L_0x70cdf5c71bb0;  1 drivers
L_0x70cdf5c71bf8 .functor BUFT 1, C4<001001>, C4<0>, C4<0>, C4<0>;
v0x5dfd16e9a060_0 .net/2u *"_ivl_4", 5 0, L_0x70cdf5c71bf8;  1 drivers
v0x5dfd16ea3940_0 .net *"_ivl_6", 0 0, L_0x5dfd16f2c3e0;  1 drivers
L_0x5dfd16f2c2f0 .concat [ 4 2 0 0], v0x5dfd16eedeb0_0, L_0x70cdf5c71bb0;
L_0x5dfd16f2c3e0 .cmp/eq 6, L_0x5dfd16f2c2f0, L_0x70cdf5c71bf8;
v0x5dfd16ee3af0_9 .array/port v0x5dfd16ee3af0, 9;
L_0x5dfd16f2c610 .functor MUXZ 32, v0x5dfd16ee3af0_9, v0x5dfd16eef050_0, L_0x5dfd16f2c550, C4<>;
S_0x5dfd16db1220 .scope generate, "L1_CPU_Dmem[10]" "L1_CPU_Dmem[10]" 4 302, 4 302 0, S_0x5dfd16eaa540;
 .timescale 0 0;
P_0x5dfd16e361d0 .param/l "dmem" 0 4 302, +C4<01010>;
L_0x5dfd16f2cc00 .functor AND 1, L_0x5dfd16f4d1c0, L_0x5dfd16f2ca90, C4<1>, C4<1>;
v0x5dfd16ea3590_0 .net "L1_wr_a4", 0 0, L_0x5dfd16f2cc00;  1 drivers
v0x5dfd16ea3cf0_0 .net *"_ivl_0", 5 0, L_0x5dfd16f2c9a0;  1 drivers
v0x5dfd16e34af0_0 .net/2u *"_ivl_11", 31 0, L_0x70cdf5c71d18;  1 drivers
v0x5dfd16e34bb0_0 .net *"_ivl_14", 31 0, L_0x5dfd16f2ccc0;  1 drivers
L_0x70cdf5c71c88 .functor BUFT 1, C4<00>, C4<0>, C4<0>, C4<0>;
v0x5dfd16ec9020_0 .net *"_ivl_3", 1 0, L_0x70cdf5c71c88;  1 drivers
L_0x70cdf5c71cd0 .functor BUFT 1, C4<001010>, C4<0>, C4<0>, C4<0>;
v0x5dfd16e33c10_0 .net/2u *"_ivl_4", 5 0, L_0x70cdf5c71cd0;  1 drivers
v0x5dfd16e31840_0 .net *"_ivl_6", 0 0, L_0x5dfd16f2ca90;  1 drivers
L_0x5dfd16f2c9a0 .concat [ 4 2 0 0], v0x5dfd16eedeb0_0, L_0x70cdf5c71c88;
L_0x5dfd16f2ca90 .cmp/eq 6, L_0x5dfd16f2c9a0, L_0x70cdf5c71cd0;
v0x5dfd16ee3af0_10 .array/port v0x5dfd16ee3af0, 10;
L_0x5dfd16f2ccc0 .functor MUXZ 32, v0x5dfd16ee3af0_10, v0x5dfd16eef050_0, L_0x5dfd16f2cc00, C4<>;
S_0x5dfd16db1980 .scope generate, "L1_CPU_Dmem[11]" "L1_CPU_Dmem[11]" 4 302, 4 302 0, S_0x5dfd16eaa540;
 .timescale 0 0;
P_0x5dfd16e38e60 .param/l "dmem" 0 4 302, +C4<01011>;
L_0x5dfd16f2d150 .functor AND 1, L_0x5dfd16f4d1c0, L_0x5dfd16f2cfe0, C4<1>, C4<1>;
v0x5dfd16e2f470_0 .net "L1_wr_a4", 0 0, L_0x5dfd16f2d150;  1 drivers
v0x5dfd16e2d0a0_0 .net *"_ivl_0", 5 0, L_0x5dfd16f2cef0;  1 drivers
v0x5dfd16e2acd0_0 .net/2u *"_ivl_11", 31 0, L_0x70cdf5c71df0;  1 drivers
v0x5dfd16e2ad90_0 .net *"_ivl_14", 31 0, L_0x5dfd16f2d210;  1 drivers
L_0x70cdf5c71d60 .functor BUFT 1, C4<00>, C4<0>, C4<0>, C4<0>;
v0x5dfd16e28900_0 .net *"_ivl_3", 1 0, L_0x70cdf5c71d60;  1 drivers
L_0x70cdf5c71da8 .functor BUFT 1, C4<001011>, C4<0>, C4<0>, C4<0>;
v0x5dfd16e26530_0 .net/2u *"_ivl_4", 5 0, L_0x70cdf5c71da8;  1 drivers
v0x5dfd16e24160_0 .net *"_ivl_6", 0 0, L_0x5dfd16f2cfe0;  1 drivers
L_0x5dfd16f2cef0 .concat [ 4 2 0 0], v0x5dfd16eedeb0_0, L_0x70cdf5c71d60;
L_0x5dfd16f2cfe0 .cmp/eq 6, L_0x5dfd16f2cef0, L_0x70cdf5c71da8;
v0x5dfd16ee3af0_11 .array/port v0x5dfd16ee3af0, 11;
L_0x5dfd16f2d210 .functor MUXZ 32, v0x5dfd16ee3af0_11, v0x5dfd16eef050_0, L_0x5dfd16f2d150, C4<>;
S_0x5dfd16e34740 .scope generate, "L1_CPU_Dmem[12]" "L1_CPU_Dmem[12]" 4 302, 4 302 0, S_0x5dfd16eaa540;
 .timescale 0 0;
P_0x5dfd16e578b0 .param/l "dmem" 0 4 302, +C4<01100>;
L_0x5dfd16f2d810 .functor AND 1, L_0x5dfd16f4d1c0, L_0x5dfd16f2d6a0, C4<1>, C4<1>;
v0x5dfd16e21d90_0 .net "L1_wr_a4", 0 0, L_0x5dfd16f2d810;  1 drivers
v0x5dfd16e1f9c0_0 .net *"_ivl_0", 5 0, L_0x5dfd16f2d5b0;  1 drivers
v0x5dfd16e1d5f0_0 .net/2u *"_ivl_11", 31 0, L_0x70cdf5c71ec8;  1 drivers
v0x5dfd16e1d6b0_0 .net *"_ivl_14", 31 0, L_0x5dfd16f2d8d0;  1 drivers
L_0x70cdf5c71e38 .functor BUFT 1, C4<00>, C4<0>, C4<0>, C4<0>;
v0x5dfd16e1b220_0 .net *"_ivl_3", 1 0, L_0x70cdf5c71e38;  1 drivers
L_0x70cdf5c71e80 .functor BUFT 1, C4<001100>, C4<0>, C4<0>, C4<0>;
v0x5dfd16ea2fb0_0 .net/2u *"_ivl_4", 5 0, L_0x70cdf5c71e80;  1 drivers
v0x5dfd16ea08f0_0 .net *"_ivl_6", 0 0, L_0x5dfd16f2d6a0;  1 drivers
L_0x5dfd16f2d5b0 .concat [ 4 2 0 0], v0x5dfd16eedeb0_0, L_0x70cdf5c71e38;
L_0x5dfd16f2d6a0 .cmp/eq 6, L_0x5dfd16f2d5b0, L_0x70cdf5c71e80;
v0x5dfd16ee3af0_12 .array/port v0x5dfd16ee3af0, 12;
L_0x5dfd16f2d8d0 .functor MUXZ 32, v0x5dfd16ee3af0_12, v0x5dfd16eef050_0, L_0x5dfd16f2d810, C4<>;
S_0x5dfd16daed40 .scope generate, "L1_CPU_Dmem[13]" "L1_CPU_Dmem[13]" 4 302, 4 302 0, S_0x5dfd16eaa540;
 .timescale 0 0;
P_0x5dfd16e58570 .param/l "dmem" 0 4 302, +C4<01101>;
L_0x5dfd16f2dd60 .functor AND 1, L_0x5dfd16f4d1c0, L_0x5dfd16f2dbf0, C4<1>, C4<1>;
v0x5dfd16ea0cc0_0 .net "L1_wr_a4", 0 0, L_0x5dfd16f2dd60;  1 drivers
v0x5dfd16ea2830_0 .net *"_ivl_0", 5 0, L_0x5dfd16f2db00;  1 drivers
v0x5dfd16e6e960_0 .net/2u *"_ivl_11", 31 0, L_0x70cdf5c71fa0;  1 drivers
v0x5dfd16e6ea20_0 .net *"_ivl_14", 31 0, L_0x5dfd16f2de20;  1 drivers
L_0x70cdf5c71f10 .functor BUFT 1, C4<00>, C4<0>, C4<0>, C4<0>;
v0x5dfd16e54380_0 .net *"_ivl_3", 1 0, L_0x70cdf5c71f10;  1 drivers
L_0x70cdf5c71f58 .functor BUFT 1, C4<001101>, C4<0>, C4<0>, C4<0>;
v0x5dfd16e3bcd0_0 .net/2u *"_ivl_4", 5 0, L_0x70cdf5c71f58;  1 drivers
v0x5dfd16e6e3d0_0 .net *"_ivl_6", 0 0, L_0x5dfd16f2dbf0;  1 drivers
L_0x5dfd16f2db00 .concat [ 4 2 0 0], v0x5dfd16eedeb0_0, L_0x70cdf5c71f10;
L_0x5dfd16f2dbf0 .cmp/eq 6, L_0x5dfd16f2db00, L_0x70cdf5c71f58;
v0x5dfd16ee3af0_13 .array/port v0x5dfd16ee3af0, 13;
L_0x5dfd16f2de20 .functor MUXZ 32, v0x5dfd16ee3af0_13, v0x5dfd16eef050_0, L_0x5dfd16f2dd60, C4<>;
S_0x5dfd16dac340 .scope generate, "L1_CPU_Dmem[14]" "L1_CPU_Dmem[14]" 4 302, 4 302 0, S_0x5dfd16eaa540;
 .timescale 0 0;
P_0x5dfd16e6e500 .param/l "dmem" 0 4 302, +C4<01110>;
L_0x5dfd16f2e460 .functor AND 1, L_0x5dfd16f4d1c0, L_0x5dfd16f2e2f0, C4<1>, C4<1>;
v0x5dfd16e6d7e0_0 .net "L1_wr_a4", 0 0, L_0x5dfd16f2e460;  1 drivers
v0x5dfd16e6d8a0_0 .net *"_ivl_0", 5 0, L_0x5dfd16f2e200;  1 drivers
v0x5dfd16e6cbf0_0 .net/2u *"_ivl_11", 31 0, L_0x70cdf5c72078;  1 drivers
v0x5dfd16e6cc90_0 .net *"_ivl_14", 31 0, L_0x5dfd16f2e520;  1 drivers
L_0x70cdf5c71fe8 .functor BUFT 1, C4<00>, C4<0>, C4<0>, C4<0>;
v0x5dfd16e6c000_0 .net *"_ivl_3", 1 0, L_0x70cdf5c71fe8;  1 drivers
L_0x70cdf5c72030 .functor BUFT 1, C4<001110>, C4<0>, C4<0>, C4<0>;
v0x5dfd16e6b410_0 .net/2u *"_ivl_4", 5 0, L_0x70cdf5c72030;  1 drivers
v0x5dfd16e6b4f0_0 .net *"_ivl_6", 0 0, L_0x5dfd16f2e2f0;  1 drivers
L_0x5dfd16f2e200 .concat [ 4 2 0 0], v0x5dfd16eedeb0_0, L_0x70cdf5c71fe8;
L_0x5dfd16f2e2f0 .cmp/eq 6, L_0x5dfd16f2e200, L_0x70cdf5c72030;
v0x5dfd16ee3af0_14 .array/port v0x5dfd16ee3af0, 14;
L_0x5dfd16f2e520 .functor MUXZ 32, v0x5dfd16ee3af0_14, v0x5dfd16eef050_0, L_0x5dfd16f2e460, C4<>;
S_0x5dfd16daca10 .scope generate, "L1_CPU_Dmem[15]" "L1_CPU_Dmem[15]" 4 302, 4 302 0, S_0x5dfd16eaa540;
 .timescale 0 0;
P_0x5dfd16e9a140 .param/l "dmem" 0 4 302, +C4<01111>;
L_0x5dfd16f2e9e0 .functor AND 1, L_0x5dfd16f4d1c0, L_0x5dfd16f2e870, C4<1>, C4<1>;
v0x5dfd16e6a820_0 .net "L1_wr_a4", 0 0, L_0x5dfd16f2e9e0;  1 drivers
v0x5dfd16e6a900_0 .net *"_ivl_0", 5 0, L_0x5dfd16f2e780;  1 drivers
v0x5dfd16e69c30_0 .net/2u *"_ivl_11", 31 0, L_0x70cdf5c72150;  1 drivers
v0x5dfd16e69d10_0 .net *"_ivl_14", 31 0, L_0x5dfd16f2eaa0;  1 drivers
L_0x70cdf5c720c0 .functor BUFT 1, C4<00>, C4<0>, C4<0>, C4<0>;
v0x5dfd16e69040_0 .net *"_ivl_3", 1 0, L_0x70cdf5c720c0;  1 drivers
L_0x70cdf5c72108 .functor BUFT 1, C4<001111>, C4<0>, C4<0>, C4<0>;
v0x5dfd16e682a0_0 .net/2u *"_ivl_4", 5 0, L_0x70cdf5c72108;  1 drivers
v0x5dfd16e68380_0 .net *"_ivl_6", 0 0, L_0x5dfd16f2e870;  1 drivers
L_0x5dfd16f2e780 .concat [ 4 2 0 0], v0x5dfd16eedeb0_0, L_0x70cdf5c720c0;
L_0x5dfd16f2e870 .cmp/eq 6, L_0x5dfd16f2e780, L_0x70cdf5c72108;
v0x5dfd16ee3af0_15 .array/port v0x5dfd16ee3af0, 15;
L_0x5dfd16f2eaa0 .functor MUXZ 32, v0x5dfd16ee3af0_15, v0x5dfd16eef050_0, L_0x5dfd16f2e9e0, C4<>;
S_0x5dfd16dad0e0 .scope generate, "L1_CPU_Imem[0]" "L1_CPU_Imem[0]" 4 272, 4 272 0, S_0x5dfd16eaa540;
 .timescale 0 0;
P_0x5dfd16e33d10 .param/l "imem" 0 4 272, +C4<00>;
L_0x5dfd16d94ed0 .functor BUFZ 32, L_0x70cdf5c74118, C4<00000000000000000000000000000000>, C4<00000000000000000000000000000000>, C4<00000000000000000000000000000000>;
S_0x5dfd16dad7b0 .scope generate, "L1_CPU_Imem[1]" "L1_CPU_Imem[1]" 4 272, 4 272 0, S_0x5dfd16eaa540;
 .timescale 0 0;
P_0x5dfd16e26630 .param/l "imem" 0 4 272, +C4<01>;
L_0x5dfd16d949f0 .functor BUFZ 32, L_0x70cdf5c74160, C4<00000000000000000000000000000000>, C4<00000000000000000000000000000000>, C4<00000000000000000000000000000000>;
S_0x5dfd16dade80 .scope generate, "L1_CPU_Imem[2]" "L1_CPU_Imem[2]" 4 272, 4 272 0, S_0x5dfd16eaa540;
 .timescale 0 0;
P_0x5dfd16ea30b0 .param/l "imem" 0 4 272, +C4<010>;
L_0x5dfd16d94510 .functor BUFZ 32, L_0x70cdf5c741a8, C4<00000000000000000000000000000000>, C4<00000000000000000000000000000000>, C4<00000000000000000000000000000000>;
S_0x5dfd16dae5e0 .scope generate, "L1_CPU_Imem[3]" "L1_CPU_Imem[3]" 4 272, 4 272 0, S_0x5dfd16eaa540;
 .timescale 0 0;
P_0x5dfd16e3bdb0 .param/l "imem" 0 4 272, +C4<011>;
L_0x5dfd16d94030 .functor BUFZ 32, L_0x70cdf5c741f0, C4<00000000000000000000000000000000>, C4<00000000000000000000000000000000>, C4<00000000000000000000000000000000>;
S_0x5dfd16e34040 .scope generate, "L1_CPU_Imem[4]" "L1_CPU_Imem[4]" 4 272, 4 272 0, S_0x5dfd16eaa540;
 .timescale 0 0;
P_0x5dfd16e67b40 .param/l "imem" 0 4 272, +C4<0100>;
L_0x5dfd16f06950 .functor BUFZ 32, L_0x70cdf5c74238, C4<00000000000000000000000000000000>, C4<00000000000000000000000000000000>, C4<00000000000000000000000000000000>;
S_0x5dfd16ea02c0 .scope generate, "L1_CPU_Imem[5]" "L1_CPU_Imem[5]" 4 272, 4 272 0, S_0x5dfd16eaa540;
 .timescale 0 0;
P_0x5dfd16e672b0 .param/l "imem" 0 4 272, +C4<0101>;
L_0x5dfd16f06a20 .functor BUFZ 32, L_0x70cdf5c74280, C4<00000000000000000000000000000000>, C4<00000000000000000000000000000000>, C4<00000000000000000000000000000000>;
S_0x5dfd16e31c70 .scope generate, "L1_CPU_Imem[6]" "L1_CPU_Imem[6]" 4 272, 4 272 0, S_0x5dfd16eaa540;
 .timescale 0 0;
P_0x5dfd16e66a40 .param/l "imem" 0 4 272, +C4<0110>;
L_0x5dfd16f06af0 .functor BUFZ 32, L_0x70cdf5c742c8, C4<00000000000000000000000000000000>, C4<00000000000000000000000000000000>, C4<00000000000000000000000000000000>;
S_0x5dfd16e2f8a0 .scope generate, "L1_CPU_Imem[7]" "L1_CPU_Imem[7]" 4 272, 4 272 0, S_0x5dfd16eaa540;
 .timescale 0 0;
P_0x5dfd16e66b50 .param/l "imem" 0 4 272, +C4<0111>;
L_0x5dfd16f06bc0 .functor BUFZ 32, L_0x70cdf5c74310, C4<00000000000000000000000000000000>, C4<00000000000000000000000000000000>, C4<00000000000000000000000000000000>;
S_0x5dfd16e2d4d0 .scope generate, "L1_CPU_Imem[8]" "L1_CPU_Imem[8]" 4 272, 4 272 0, S_0x5dfd16eaa540;
 .timescale 0 0;
P_0x5dfd16e662e0 .param/l "imem" 0 4 272, +C4<01000>;
L_0x5dfd16f06c90 .functor BUFZ 32, L_0x70cdf5c74358, C4<00000000000000000000000000000000>, C4<00000000000000000000000000000000>, C4<00000000000000000000000000000000>;
S_0x5dfd16e2b100 .scope generate, "L1_CPU_Imem[9]" "L1_CPU_Imem[9]" 4 272, 4 272 0, S_0x5dfd16eaa540;
 .timescale 0 0;
P_0x5dfd16e65a50 .param/l "imem" 0 4 272, +C4<01001>;
L_0x5dfd16f06d60 .functor BUFZ 32, L_0x70cdf5c743a0, C4<00000000000000000000000000000000>, C4<00000000000000000000000000000000>, C4<00000000000000000000000000000000>;
S_0x5dfd16e28d30 .scope generate, "L1_CPU_Imem[10]" "L1_CPU_Imem[10]" 4 272, 4 272 0, S_0x5dfd16eaa540;
 .timescale 0 0;
P_0x5dfd16e65270 .param/l "imem" 0 4 272, +C4<01010>;
L_0x5dfd16f06e30 .functor BUFZ 32, L_0x70cdf5c743e8, C4<00000000000000000000000000000000>, C4<00000000000000000000000000000000>, C4<00000000000000000000000000000000>;
S_0x5dfd16e26960 .scope generate, "L1_CPU_Imem[11]" "L1_CPU_Imem[11]" 4 272, 4 272 0, S_0x5dfd16eaa540;
 .timescale 0 0;
P_0x5dfd16e65380 .param/l "imem" 0 4 272, +C4<01011>;
L_0x5dfd16f06f00 .functor BUFZ 32, L_0x70cdf5c74430, C4<00000000000000000000000000000000>, C4<00000000000000000000000000000000>, C4<00000000000000000000000000000000>;
S_0x5dfd16e24590 .scope generate, "L1_CPU_Imem[12]" "L1_CPU_Imem[12]" 4 272, 4 272 0, S_0x5dfd16eaa540;
 .timescale 0 0;
P_0x5dfd16e64ba0 .param/l "imem" 0 4 272, +C4<01100>;
L_0x5dfd16f06fd0 .functor BUFZ 32, L_0x70cdf5c74478, C4<00000000000000000000000000000000>, C4<00000000000000000000000000000000>, C4<00000000000000000000000000000000>;
S_0x5dfd16dc0790 .scope generate, "L1_CPU_Xreg[0]" "L1_CPU_Xreg[0]" 4 282, 4 282 0, S_0x5dfd16eaa540;
 .timescale 0 0;
P_0x5dfd16e643c0 .param/l "xreg" 0 4 282, +C4<00>;
L_0x5dfd16f071f0 .functor AND 1, L_0x5dfd16f4a830, L_0x5dfd16f070d0, C4<1>, C4<1>;
L_0x5dfd16f07590 .functor AND 1, L_0x5dfd16f071f0, L_0x5dfd16f07420, C4<1>, C4<1>;
v0x5dfd16e63760_0 .net "L1_wr_a3", 0 0, L_0x5dfd16f07590;  1 drivers
L_0x70cdf5c6f018 .functor BUFT 1, C4<00000>, C4<0>, C4<0>, C4<0>;
v0x5dfd16e63820_0 .net/2u *"_ivl_0", 4 0, L_0x70cdf5c6f018;  1 drivers
L_0x70cdf5c6f0a8 .functor BUFT 1, C4<000000>, C4<0>, C4<0>, C4<0>;
v0x5dfd16e62ae0_0 .net/2u *"_ivl_10", 5 0, L_0x70cdf5c6f0a8;  1 drivers
v0x5dfd16e62ba0_0 .net *"_ivl_12", 0 0, L_0x5dfd16f07420;  1 drivers
v0x5dfd16e62350_0 .net/2u *"_ivl_17", 31 0, L_0x70cdf5c6f0f0;  1 drivers
v0x5dfd16e616d0_0 .net *"_ivl_2", 0 0, L_0x5dfd16f070d0;  1 drivers
v0x5dfd16e61790_0 .net *"_ivl_20", 31 0, L_0x5dfd16f176b0;  1 drivers
v0x5dfd16e60f40_0 .net *"_ivl_5", 0 0, L_0x5dfd16f071f0;  1 drivers
v0x5dfd16e61000_0 .net *"_ivl_6", 5 0, L_0x5dfd16f072e0;  1 drivers
L_0x70cdf5c6f060 .functor BUFT 1, C4<0>, C4<0>, C4<0>, C4<0>;
v0x5dfd16e602c0_0 .net *"_ivl_9", 0 0, L_0x70cdf5c6f060;  1 drivers
L_0x5dfd16f070d0 .cmp/ne 5, L_0x5dfd16f4b4e0, L_0x70cdf5c6f018;
L_0x5dfd16f072e0 .concat [ 5 1 0 0], L_0x5dfd16f4b4e0, L_0x70cdf5c6f060;
L_0x5dfd16f07420 .cmp/eq 6, L_0x5dfd16f072e0, L_0x70cdf5c6f0a8;
v0x5dfd16ee4590_0 .array/port v0x5dfd16ee4590, 0;
L_0x5dfd16f176b0 .functor MUXZ 32, v0x5dfd16ee4590_0, L_0x5dfd16f4abf0, L_0x5dfd16f07590, C4<>;
S_0x5dfd16e221c0 .scope generate, "L1_CPU_Xreg[1]" "L1_CPU_Xreg[1]" 4 282, 4 282 0, S_0x5dfd16eaa540;
 .timescale 0 0;
P_0x5dfd16e603c0 .param/l "xreg" 0 4 282, +C4<01>;
L_0x5dfd16f17ae0 .functor AND 1, L_0x5dfd16f4a830, L_0x5dfd16f179f0, C4<1>, C4<1>;
L_0x5dfd16f17e60 .functor AND 1, L_0x5dfd16f17ae0, L_0x5dfd16f17d20, C4<1>, C4<1>;
v0x5dfd16e5fbc0_0 .net "L1_wr_a3", 0 0, L_0x5dfd16f17e60;  1 drivers
L_0x70cdf5c6f138 .functor BUFT 1, C4<00000>, C4<0>, C4<0>, C4<0>;
v0x5dfd16e5eeb0_0 .net/2u *"_ivl_0", 4 0, L_0x70cdf5c6f138;  1 drivers
L_0x70cdf5c6f1c8 .functor BUFT 1, C4<000001>, C4<0>, C4<0>, C4<0>;
v0x5dfd16e5ef90_0 .net/2u *"_ivl_10", 5 0, L_0x70cdf5c6f1c8;  1 drivers
v0x5dfd16e5e720_0 .net *"_ivl_12", 0 0, L_0x5dfd16f17d20;  1 drivers
v0x5dfd16e5e7e0_0 .net/2u *"_ivl_17", 31 0, L_0x70cdf5c6f210;  1 drivers
v0x5dfd16e5db10_0 .net *"_ivl_2", 0 0, L_0x5dfd16f179f0;  1 drivers
v0x5dfd16e5d310_0 .net *"_ivl_20", 31 0, L_0x5dfd16f17f70;  1 drivers
v0x5dfd16e5d3f0_0 .net *"_ivl_5", 0 0, L_0x5dfd16f17ae0;  1 drivers
v0x5dfd16e5c720_0 .net *"_ivl_6", 5 0, L_0x5dfd16f17bf0;  1 drivers
L_0x70cdf5c6f180 .functor BUFT 1, C4<0>, C4<0>, C4<0>, C4<0>;
v0x5dfd16e5c800_0 .net *"_ivl_9", 0 0, L_0x70cdf5c6f180;  1 drivers
L_0x5dfd16f179f0 .cmp/ne 5, L_0x5dfd16f4b4e0, L_0x70cdf5c6f138;
L_0x5dfd16f17bf0 .concat [ 5 1 0 0], L_0x5dfd16f4b4e0, L_0x70cdf5c6f180;
L_0x5dfd16f17d20 .cmp/eq 6, L_0x5dfd16f17bf0, L_0x70cdf5c6f1c8;
v0x5dfd16ee4590_1 .array/port v0x5dfd16ee4590, 1;
L_0x5dfd16f17f70 .functor MUXZ 32, v0x5dfd16ee4590_1, L_0x5dfd16f4abf0, L_0x5dfd16f17e60, C4<>;
S_0x5dfd16e1fdf0 .scope generate, "L1_CPU_Xreg[2]" "L1_CPU_Xreg[2]" 4 282, 4 282 0, S_0x5dfd16eaa540;
 .timescale 0 0;
P_0x5dfd16e5bb50 .param/l "xreg" 0 4 282, +C4<010>;
L_0x5dfd16f183a0 .functor AND 1, L_0x5dfd16f4a830, L_0x5dfd16f18300, C4<1>, C4<1>;
L_0x5dfd16f18690 .functor AND 1, L_0x5dfd16f183a0, L_0x5dfd16f18550, C4<1>, C4<1>;
v0x5dfd16e5af40_0 .net "L1_wr_a3", 0 0, L_0x5dfd16f18690;  1 drivers
L_0x70cdf5c6f258 .functor BUFT 1, C4<00000>, C4<0>, C4<0>, C4<0>;
v0x5dfd16e5b000_0 .net/2u *"_ivl_0", 4 0, L_0x70cdf5c6f258;  1 drivers
L_0x70cdf5c6f2e8 .functor BUFT 1, C4<000010>, C4<0>, C4<0>, C4<0>;
v0x5dfd16e5a350_0 .net/2u *"_ivl_10", 5 0, L_0x70cdf5c6f2e8;  1 drivers
v0x5dfd16e5a410_0 .net *"_ivl_12", 0 0, L_0x5dfd16f18550;  1 drivers
v0x5dfd16e59760_0 .net/2u *"_ivl_17", 31 0, L_0x70cdf5c6f330;  1 drivers
v0x5dfd16e4a500_0 .net *"_ivl_2", 0 0, L_0x5dfd16f18300;  1 drivers
v0x5dfd16e4a5c0_0 .net *"_ivl_20", 31 0, L_0x5dfd16f187a0;  1 drivers
v0x5dfd16e46330_0 .net *"_ivl_5", 0 0, L_0x5dfd16f183a0;  1 drivers
v0x5dfd16e463f0_0 .net *"_ivl_6", 5 0, L_0x5dfd16f18460;  1 drivers
L_0x70cdf5c6f2a0 .functor BUFT 1, C4<0>, C4<0>, C4<0>, C4<0>;
v0x5dfd16e031a0_0 .net *"_ivl_9", 0 0, L_0x70cdf5c6f2a0;  1 drivers
L_0x5dfd16f18300 .cmp/ne 5, L_0x5dfd16f4b4e0, L_0x70cdf5c6f258;
L_0x5dfd16f18460 .concat [ 5 1 0 0], L_0x5dfd16f4b4e0, L_0x70cdf5c6f2a0;
L_0x5dfd16f18550 .cmp/eq 6, L_0x5dfd16f18460, L_0x70cdf5c6f2e8;
v0x5dfd16ee4590_2 .array/port v0x5dfd16ee4590, 2;
L_0x5dfd16f187a0 .functor MUXZ 32, v0x5dfd16ee4590_2, L_0x5dfd16f4abf0, L_0x5dfd16f18690, C4<>;
S_0x5dfd16e1da20 .scope generate, "L1_CPU_Xreg[3]" "L1_CPU_Xreg[3]" 4 282, 4 282 0, S_0x5dfd16eaa540;
 .timescale 0 0;
P_0x5dfd16d49cc0 .param/l "xreg" 0 4 282, +C4<011>;
L_0x5dfd16f18af0 .functor AND 1, L_0x5dfd16f4a830, L_0x5dfd16f18a00, C4<1>, C4<1>;
L_0x5dfd16f18e20 .functor AND 1, L_0x5dfd16f18af0, L_0x5dfd16f18ce0, C4<1>, C4<1>;
v0x5dfd16d49da0_0 .net "L1_wr_a3", 0 0, L_0x5dfd16f18e20;  1 drivers
L_0x70cdf5c6f378 .functor BUFT 1, C4<00000>, C4<0>, C4<0>, C4<0>;
v0x5dfd16d49e60_0 .net/2u *"_ivl_0", 4 0, L_0x70cdf5c6f378;  1 drivers
L_0x70cdf5c6f408 .functor BUFT 1, C4<000011>, C4<0>, C4<0>, C4<0>;
v0x5dfd16e001c0_0 .net/2u *"_ivl_10", 5 0, L_0x70cdf5c6f408;  1 drivers
v0x5dfd16e00280_0 .net *"_ivl_12", 0 0, L_0x5dfd16f18ce0;  1 drivers
v0x5dfd16dfd290_0 .net/2u *"_ivl_17", 31 0, L_0x70cdf5c6f450;  1 drivers
v0x5dfd16dfa360_0 .net *"_ivl_2", 0 0, L_0x5dfd16f18a00;  1 drivers
v0x5dfd16dfa420_0 .net *"_ivl_20", 31 0, L_0x5dfd16f18f30;  1 drivers
v0x5dfd16e1b650_0 .net *"_ivl_5", 0 0, L_0x5dfd16f18af0;  1 drivers
v0x5dfd16e1b710_0 .net *"_ivl_6", 5 0, L_0x5dfd16f18bf0;  1 drivers
L_0x70cdf5c6f3c0 .functor BUFT 1, C4<0>, C4<0>, C4<0>, C4<0>;
v0x5dfd16e19350_0 .net *"_ivl_9", 0 0, L_0x70cdf5c6f3c0;  1 drivers
L_0x5dfd16f18a00 .cmp/ne 5, L_0x5dfd16f4b4e0, L_0x70cdf5c6f378;
L_0x5dfd16f18bf0 .concat [ 5 1 0 0], L_0x5dfd16f4b4e0, L_0x70cdf5c6f3c0;
L_0x5dfd16f18ce0 .cmp/eq 6, L_0x5dfd16f18bf0, L_0x70cdf5c6f408;
v0x5dfd16ee4590_3 .array/port v0x5dfd16ee4590, 3;
L_0x5dfd16f18f30 .functor MUXZ 32, v0x5dfd16ee4590_3, L_0x5dfd16f4abf0, L_0x5dfd16f18e20, C4<>;
S_0x5dfd16e16eb0 .scope generate, "L1_CPU_Xreg[4]" "L1_CPU_Xreg[4]" 4 282, 4 282 0, S_0x5dfd16eaa540;
 .timescale 0 0;
P_0x5dfd16e14ae0 .param/l "xreg" 0 4 282, +C4<0100>;
L_0x5dfd16f193b0 .functor AND 1, L_0x5dfd16f4a830, L_0x5dfd16f192c0, C4<1>, C4<1>;
L_0x5dfd16f196a0 .functor AND 1, L_0x5dfd16f193b0, L_0x5dfd16f19560, C4<1>, C4<1>;
v0x5dfd16e14ba0_0 .net "L1_wr_a3", 0 0, L_0x5dfd16f196a0;  1 drivers
L_0x70cdf5c6f498 .functor BUFT 1, C4<00000>, C4<0>, C4<0>, C4<0>;
v0x5dfd16e126b0_0 .net/2u *"_ivl_0", 4 0, L_0x70cdf5c6f498;  1 drivers
L_0x70cdf5c6f528 .functor BUFT 1, C4<000100>, C4<0>, C4<0>, C4<0>;
v0x5dfd16e12770_0 .net/2u *"_ivl_10", 5 0, L_0x70cdf5c6f528;  1 drivers
v0x5dfd16e10040_0 .net *"_ivl_12", 0 0, L_0x5dfd16f19560;  1 drivers
v0x5dfd16e100e0_0 .net/2u *"_ivl_17", 31 0, L_0x70cdf5c6f570;  1 drivers
v0x5dfd16e0d150_0 .net *"_ivl_2", 0 0, L_0x5dfd16f192c0;  1 drivers
v0x5dfd16e0d210_0 .net *"_ivl_20", 31 0, L_0x5dfd16f197b0;  1 drivers
v0x5dfd16dbd8c0_0 .net *"_ivl_5", 0 0, L_0x5dfd16f193b0;  1 drivers
v0x5dfd16dbd980_0 .net *"_ivl_6", 5 0, L_0x5dfd16f19470;  1 drivers
L_0x70cdf5c6f4e0 .functor BUFT 1, C4<0>, C4<0>, C4<0>, C4<0>;
v0x5dfd16e0a2b0_0 .net *"_ivl_9", 0 0, L_0x70cdf5c6f4e0;  1 drivers
L_0x5dfd16f192c0 .cmp/ne 5, L_0x5dfd16f4b4e0, L_0x70cdf5c6f498;
L_0x5dfd16f19470 .concat [ 5 1 0 0], L_0x5dfd16f4b4e0, L_0x70cdf5c6f4e0;
L_0x5dfd16f19560 .cmp/eq 6, L_0x5dfd16f19470, L_0x70cdf5c6f528;
v0x5dfd16ee4590_4 .array/port v0x5dfd16ee4590, 4;
L_0x5dfd16f197b0 .functor MUXZ 32, v0x5dfd16ee4590_4, L_0x5dfd16f4abf0, L_0x5dfd16f196a0, C4<>;
S_0x5dfd16e04380 .scope generate, "L1_CPU_Xreg[5]" "L1_CPU_Xreg[5]" 4 282, 4 282 0, S_0x5dfd16eaa540;
 .timescale 0 0;
P_0x5dfd16e07340 .param/l "xreg" 0 4 282, +C4<0101>;
L_0x5dfd16f19b00 .functor AND 1, L_0x5dfd16f4a830, L_0x5dfd16f19a10, C4<1>, C4<1>;
L_0x5dfd16f19e20 .functor AND 1, L_0x5dfd16f19b00, L_0x5dfd16f19cb0, C4<1>, C4<1>;
v0x5dfd16e01450_0 .net "L1_wr_a3", 0 0, L_0x5dfd16f19e20;  1 drivers
L_0x70cdf5c6f5b8 .functor BUFT 1, C4<00000>, C4<0>, C4<0>, C4<0>;
v0x5dfd16e01510_0 .net/2u *"_ivl_0", 4 0, L_0x70cdf5c6f5b8;  1 drivers
L_0x70cdf5c6f648 .functor BUFT 1, C4<000101>, C4<0>, C4<0>, C4<0>;
v0x5dfd16dfe520_0 .net/2u *"_ivl_10", 5 0, L_0x70cdf5c6f648;  1 drivers
v0x5dfd16dfe5e0_0 .net *"_ivl_12", 0 0, L_0x5dfd16f19cb0;  1 drivers
v0x5dfd16dfb5f0_0 .net/2u *"_ivl_17", 31 0, L_0x70cdf5c6f690;  1 drivers
v0x5dfd16df86c0_0 .net *"_ivl_2", 0 0, L_0x5dfd16f19a10;  1 drivers
v0x5dfd16df8780_0 .net *"_ivl_20", 31 0, L_0x5dfd16f19f30;  1 drivers
v0x5dfd16df5790_0 .net *"_ivl_5", 0 0, L_0x5dfd16f19b00;  1 drivers
v0x5dfd16df5850_0 .net *"_ivl_6", 5 0, L_0x5dfd16f19bc0;  1 drivers
L_0x70cdf5c6f600 .functor BUFT 1, C4<0>, C4<0>, C4<0>, C4<0>;
v0x5dfd16df2860_0 .net *"_ivl_9", 0 0, L_0x70cdf5c6f600;  1 drivers
L_0x5dfd16f19a10 .cmp/ne 5, L_0x5dfd16f4b4e0, L_0x70cdf5c6f5b8;
L_0x5dfd16f19bc0 .concat [ 5 1 0 0], L_0x5dfd16f4b4e0, L_0x70cdf5c6f600;
L_0x5dfd16f19cb0 .cmp/eq 6, L_0x5dfd16f19bc0, L_0x70cdf5c6f648;
v0x5dfd16ee4590_5 .array/port v0x5dfd16ee4590, 5;
L_0x5dfd16f19f30 .functor MUXZ 32, v0x5dfd16ee4590_5, L_0x5dfd16f4abf0, L_0x5dfd16f19e20, C4<>;
S_0x5dfd16def930 .scope generate, "L1_CPU_Xreg[6]" "L1_CPU_Xreg[6]" 4 282, 4 282 0, S_0x5dfd16eaa540;
 .timescale 0 0;
P_0x5dfd16df2960 .param/l "xreg" 0 4 282, +C4<0110>;
L_0x5dfd16f1a2c0 .functor AND 1, L_0x5dfd16f4a830, L_0x5dfd16f1a1d0, C4<1>, C4<1>;
L_0x5dfd16f1a5e0 .functor AND 1, L_0x5dfd16f1a2c0, L_0x5dfd16f1a470, C4<1>, C4<1>;
v0x5dfd16dba9b0_0 .net "L1_wr_a3", 0 0, L_0x5dfd16f1a5e0;  1 drivers
L_0x70cdf5c6f6d8 .functor BUFT 1, C4<00000>, C4<0>, C4<0>, C4<0>;
v0x5dfd16dbaa70_0 .net/2u *"_ivl_0", 4 0, L_0x70cdf5c6f6d8;  1 drivers
L_0x70cdf5c6f768 .functor BUFT 1, C4<000110>, C4<0>, C4<0>, C4<0>;
v0x5dfd16deca40_0 .net/2u *"_ivl_10", 5 0, L_0x70cdf5c6f768;  1 drivers
v0x5dfd16decb00_0 .net *"_ivl_12", 0 0, L_0x5dfd16f1a470;  1 drivers
v0x5dfd16de9af0_0 .net/2u *"_ivl_17", 31 0, L_0x70cdf5c6f7b0;  1 drivers
v0x5dfd16de6ba0_0 .net *"_ivl_2", 0 0, L_0x5dfd16f1a1d0;  1 drivers
v0x5dfd16de6c60_0 .net *"_ivl_20", 31 0, L_0x5dfd16f1a6f0;  1 drivers
v0x5dfd16e53a40_0 .net *"_ivl_5", 0 0, L_0x5dfd16f1a2c0;  1 drivers
v0x5dfd16e53b00_0 .net *"_ivl_6", 5 0, L_0x5dfd16f1a380;  1 drivers
L_0x70cdf5c6f720 .functor BUFT 1, C4<0>, C4<0>, C4<0>, C4<0>;
v0x5dfd16de3d40_0 .net *"_ivl_9", 0 0, L_0x70cdf5c6f720;  1 drivers
L_0x5dfd16f1a1d0 .cmp/ne 5, L_0x5dfd16f4b4e0, L_0x70cdf5c6f6d8;
L_0x5dfd16f1a380 .concat [ 5 1 0 0], L_0x5dfd16f4b4e0, L_0x70cdf5c6f720;
L_0x5dfd16f1a470 .cmp/eq 6, L_0x5dfd16f1a380, L_0x70cdf5c6f768;
v0x5dfd16ee4590_6 .array/port v0x5dfd16ee4590, 6;
L_0x5dfd16f1a6f0 .functor MUXZ 32, v0x5dfd16ee4590_6, L_0x5dfd16f4abf0, L_0x5dfd16f1a5e0, C4<>;
S_0x5dfd16de0d40 .scope generate, "L1_CPU_Xreg[7]" "L1_CPU_Xreg[7]" 4 282, 4 282 0, S_0x5dfd16eaa540;
 .timescale 0 0;
P_0x5dfd16de9c20 .param/l "xreg" 0 4 282, +C4<0111>;
L_0x5dfd16f1aa40 .functor AND 1, L_0x5dfd16f4a830, L_0x5dfd16f1a950, C4<1>, C4<1>;
L_0x5dfd16f1aea0 .functor AND 1, L_0x5dfd16f1aa40, L_0x5dfd16f1ad30, C4<1>, C4<1>;
v0x5dfd16dddec0_0 .net "L1_wr_a3", 0 0, L_0x5dfd16f1aea0;  1 drivers
L_0x70cdf5c6f7f8 .functor BUFT 1, C4<00000>, C4<0>, C4<0>, C4<0>;
v0x5dfd16ddaf20_0 .net/2u *"_ivl_0", 4 0, L_0x70cdf5c6f7f8;  1 drivers
L_0x70cdf5c6f888 .functor BUFT 1, C4<000111>, C4<0>, C4<0>, C4<0>;
v0x5dfd16ddb000_0 .net/2u *"_ivl_10", 5 0, L_0x70cdf5c6f888;  1 drivers
v0x5dfd16dd8010_0 .net *"_ivl_12", 0 0, L_0x5dfd16f1ad30;  1 drivers
v0x5dfd16dd80d0_0 .net/2u *"_ivl_17", 31 0, L_0x70cdf5c6f8d0;  1 drivers
v0x5dfd16dd5100_0 .net *"_ivl_2", 0 0, L_0x5dfd16f1a950;  1 drivers
v0x5dfd16dd51c0_0 .net *"_ivl_20", 31 0, L_0x5dfd16f1afb0;  1 drivers
v0x5dfd16dd21f0_0 .net *"_ivl_5", 0 0, L_0x5dfd16f1aa40;  1 drivers
v0x5dfd16dd22b0_0 .net *"_ivl_6", 5 0, L_0x5dfd16f1ac10;  1 drivers
L_0x70cdf5c6f840 .functor BUFT 1, C4<0>, C4<0>, C4<0>, C4<0>;
v0x5dfd16db7b30_0 .net *"_ivl_9", 0 0, L_0x70cdf5c6f840;  1 drivers
L_0x5dfd16f1a950 .cmp/ne 5, L_0x5dfd16f4b4e0, L_0x70cdf5c6f7f8;
L_0x5dfd16f1ac10 .concat [ 5 1 0 0], L_0x5dfd16f4b4e0, L_0x70cdf5c6f840;
L_0x5dfd16f1ad30 .cmp/eq 6, L_0x5dfd16f1ac10, L_0x70cdf5c6f888;
v0x5dfd16ee4590_7 .array/port v0x5dfd16ee4590, 7;
L_0x5dfd16f1afb0 .functor MUXZ 32, v0x5dfd16ee4590_7, L_0x5dfd16f4abf0, L_0x5dfd16f1aea0, C4<>;
S_0x5dfd16dcf2e0 .scope generate, "L1_CPU_Xreg[8]" "L1_CPU_Xreg[8]" 4 282, 4 282 0, S_0x5dfd16eaa540;
 .timescale 0 0;
P_0x5dfd16dcc3d0 .param/l "xreg" 0 4 282, +C4<01000>;
L_0x5dfd16f1b670 .functor AND 1, L_0x5dfd16f4a830, L_0x5dfd16f1b580, C4<1>, C4<1>;
L_0x5dfd16f1b9c0 .functor AND 1, L_0x5dfd16f1b670, L_0x5dfd16f1b850, C4<1>, C4<1>;
v0x5dfd16dcc4b0_0 .net "L1_wr_a3", 0 0, L_0x5dfd16f1b9c0;  1 drivers
L_0x70cdf5c6f918 .functor BUFT 1, C4<00000>, C4<0>, C4<0>, C4<0>;
v0x5dfd16e3d500_0 .net/2u *"_ivl_0", 4 0, L_0x70cdf5c6f918;  1 drivers
L_0x70cdf5c6f9a8 .functor BUFT 1, C4<001000>, C4<0>, C4<0>, C4<0>;
v0x5dfd16e3d5e0_0 .net/2u *"_ivl_10", 5 0, L_0x70cdf5c6f9a8;  1 drivers
v0x5dfd16e3b720_0 .net *"_ivl_12", 0 0, L_0x5dfd16f1b850;  1 drivers
v0x5dfd16e3b7e0_0 .net/2u *"_ivl_17", 31 0, L_0x70cdf5c6f9f0;  1 drivers
v0x5dfd16dc9550_0 .net *"_ivl_2", 0 0, L_0x5dfd16f1b580;  1 drivers
v0x5dfd16dc65b0_0 .net *"_ivl_20", 31 0, L_0x5dfd16f1bad0;  1 drivers
v0x5dfd16dc6690_0 .net *"_ivl_5", 0 0, L_0x5dfd16f1b670;  1 drivers
v0x5dfd16dc36a0_0 .net *"_ivl_6", 5 0, L_0x5dfd16f1b730;  1 drivers
L_0x70cdf5c6f960 .functor BUFT 1, C4<0>, C4<0>, C4<0>, C4<0>;
v0x5dfd16db4af0_0 .net *"_ivl_9", 0 0, L_0x70cdf5c6f960;  1 drivers
L_0x5dfd16f1b580 .cmp/ne 5, L_0x5dfd16f4b4e0, L_0x70cdf5c6f918;
L_0x5dfd16f1b730 .concat [ 5 1 0 0], L_0x5dfd16f4b4e0, L_0x70cdf5c6f960;
L_0x5dfd16f1b850 .cmp/eq 6, L_0x5dfd16f1b730, L_0x70cdf5c6f9a8;
v0x5dfd16ee4590_8 .array/port v0x5dfd16ee4590, 8;
L_0x5dfd16f1bad0 .functor MUXZ 32, v0x5dfd16ee4590_8, L_0x5dfd16f4abf0, L_0x5dfd16f1b9c0, C4<>;
S_0x5dfd16ea23e0 .scope generate, "L1_CPU_Xreg[9]" "L1_CPU_Xreg[9]" 4 282, 4 282 0, S_0x5dfd16eaa540;
 .timescale 0 0;
P_0x5dfd16dc9610 .param/l "xreg" 0 4 282, +C4<01001>;
L_0x5dfd16f1be20 .functor AND 1, L_0x5dfd16f4a830, L_0x5dfd16f1bd30, C4<1>, C4<1>;
L_0x5dfd16f1c110 .functor AND 1, L_0x5dfd16f1be20, L_0x5dfd16f1bfd0, C4<1>, C4<1>;
v0x5dfd16e997f0_0 .net "L1_wr_a3", 0 0, L_0x5dfd16f1c110;  1 drivers
L_0x70cdf5c6fa38 .functor BUFT 1, C4<00000>, C4<0>, C4<0>, C4<0>;
v0x5dfd16e998b0_0 .net/2u *"_ivl_0", 4 0, L_0x70cdf5c6fa38;  1 drivers
L_0x70cdf5c6fac8 .functor BUFT 1, C4<001001>, C4<0>, C4<0>, C4<0>;
v0x5dfd16e564d0_0 .net/2u *"_ivl_10", 5 0, L_0x70cdf5c6fac8;  1 drivers
v0x5dfd16e56590_0 .net *"_ivl_12", 0 0, L_0x5dfd16f1bfd0;  1 drivers
v0x5dfd16e559a0_0 .net/2u *"_ivl_17", 31 0, L_0x70cdf5c6fb10;  1 drivers
v0x5dfd16e54e70_0 .net *"_ivl_2", 0 0, L_0x5dfd16f1bd30;  1 drivers
v0x5dfd16e54f30_0 .net *"_ivl_20", 31 0, L_0x5dfd16f1c220;  1 drivers
v0x5dfd16e499b0_0 .net *"_ivl_5", 0 0, L_0x5dfd16f1be20;  1 drivers
v0x5dfd16e49a70_0 .net *"_ivl_6", 5 0, L_0x5dfd16f1bee0;  1 drivers
L_0x70cdf5c6fa80 .functor BUFT 1, C4<0>, C4<0>, C4<0>, C4<0>;
v0x5dfd16e47f80_0 .net *"_ivl_9", 0 0, L_0x70cdf5c6fa80;  1 drivers
L_0x5dfd16f1bd30 .cmp/ne 5, L_0x5dfd16f4b4e0, L_0x70cdf5c6fa38;
L_0x5dfd16f1bee0 .concat [ 5 1 0 0], L_0x5dfd16f4b4e0, L_0x70cdf5c6fa80;
L_0x5dfd16f1bfd0 .cmp/eq 6, L_0x5dfd16f1bee0, L_0x70cdf5c6fac8;
v0x5dfd16ee4590_9 .array/port v0x5dfd16ee4590, 9;
L_0x5dfd16f1c220 .functor MUXZ 32, v0x5dfd16ee4590_9, L_0x5dfd16f4abf0, L_0x5dfd16f1c110, C4<>;
S_0x5dfd16e45750 .scope generate, "L1_CPU_Xreg[10]" "L1_CPU_Xreg[10]" 4 282, 4 282 0, S_0x5dfd16eaa540;
 .timescale 0 0;
P_0x5dfd16e49b10 .param/l "xreg" 0 4 282, +C4<01010>;
L_0x5dfd16f1c580 .functor AND 1, L_0x5dfd16f4a830, L_0x5dfd16f1c490, C4<1>, C4<1>;
L_0x5dfd16f1c8a0 .functor AND 1, L_0x5dfd16f1c580, L_0x5dfd16f1c730, C4<1>, C4<1>;
v0x5dfd16e41df0_0 .net "L1_wr_a3", 0 0, L_0x5dfd16f1c8a0;  1 drivers
L_0x70cdf5c6fb58 .functor BUFT 1, C4<00000>, C4<0>, C4<0>, C4<0>;
v0x5dfd16e41ed0_0 .net/2u *"_ivl_0", 4 0, L_0x70cdf5c6fb58;  1 drivers
L_0x70cdf5c6fbe8 .functor BUFT 1, C4<001010>, C4<0>, C4<0>, C4<0>;
v0x5dfd16e0edb0_0 .net/2u *"_ivl_10", 5 0, L_0x70cdf5c6fbe8;  1 drivers
v0x5dfd16e0ee70_0 .net *"_ivl_12", 0 0, L_0x5dfd16f1c730;  1 drivers
v0x5dfd16e0be80_0 .net/2u *"_ivl_17", 31 0, L_0x70cdf5c6fc30;  1 drivers
v0x5dfd16e08f50_0 .net *"_ivl_2", 0 0, L_0x5dfd16f1c490;  1 drivers
v0x5dfd16e09010_0 .net *"_ivl_20", 31 0, L_0x5dfd16f1c9b0;  1 drivers
v0x5dfd16e06020_0 .net *"_ivl_5", 0 0, L_0x5dfd16f1c580;  1 drivers
v0x5dfd16e060e0_0 .net *"_ivl_6", 5 0, L_0x5dfd16f1c640;  1 drivers
L_0x70cdf5c6fba0 .functor BUFT 1, C4<0>, C4<0>, C4<0>, C4<0>;
v0x5dfd16df7500_0 .net *"_ivl_9", 0 0, L_0x70cdf5c6fba0;  1 drivers
L_0x5dfd16f1c490 .cmp/ne 5, L_0x5dfd16f4b4e0, L_0x70cdf5c6fb58;
L_0x5dfd16f1c640 .concat [ 5 1 0 0], L_0x5dfd16f4b4e0, L_0x70cdf5c6fba0;
L_0x5dfd16f1c730 .cmp/eq 6, L_0x5dfd16f1c640, L_0x70cdf5c6fbe8;
v0x5dfd16ee4590_10 .array/port v0x5dfd16ee4590, 10;
L_0x5dfd16f1c9b0 .functor MUXZ 32, v0x5dfd16ee4590_10, L_0x5dfd16f4abf0, L_0x5dfd16f1c8a0, C4<>;
S_0x5dfd16df4500 .scope generate, "L1_CPU_Xreg[11]" "L1_CPU_Xreg[11]" 4 282, 4 282 0, S_0x5dfd16eaa540;
 .timescale 0 0;
P_0x5dfd16e06180 .param/l "xreg" 0 4 282, +C4<01011>;
L_0x5dfd16f1cd00 .functor AND 1, L_0x5dfd16f4a830, L_0x5dfd16f1cc10, C4<1>, C4<1>;
L_0x5dfd16f1cff0 .functor AND 1, L_0x5dfd16f1cd00, L_0x5dfd16f1ceb0, C4<1>, C4<1>;
v0x5dfd16df15d0_0 .net "L1_wr_a3", 0 0, L_0x5dfd16f1cff0;  1 drivers
L_0x70cdf5c6fc78 .functor BUFT 1, C4<00000>, C4<0>, C4<0>, C4<0>;
v0x5dfd16df1690_0 .net/2u *"_ivl_0", 4 0, L_0x70cdf5c6fc78;  1 drivers
L_0x70cdf5c6fd08 .functor BUFT 1, C4<001011>, C4<0>, C4<0>, C4<0>;
v0x5dfd16dee6a0_0 .net/2u *"_ivl_10", 5 0, L_0x70cdf5c6fd08;  1 drivers
v0x5dfd16dee760_0 .net *"_ivl_12", 0 0, L_0x5dfd16f1ceb0;  1 drivers
v0x5dfd16deb770_0 .net/2u *"_ivl_17", 31 0, L_0x70cdf5c6fd50;  1 drivers
v0x5dfd16de8840_0 .net *"_ivl_2", 0 0, L_0x5dfd16f1cc10;  1 drivers
v0x5dfd16de8900_0 .net *"_ivl_20", 31 0, L_0x5dfd16f1d100;  1 drivers
v0x5dfd16de5910_0 .net *"_ivl_5", 0 0, L_0x5dfd16f1cd00;  1 drivers
v0x5dfd16de59d0_0 .net *"_ivl_6", 5 0, L_0x5dfd16f1cdc0;  1 drivers
L_0x70cdf5c6fcc0 .functor BUFT 1, C4<0>, C4<0>, C4<0>, C4<0>;
v0x5dfd16de2ab0_0 .net *"_ivl_9", 0 0, L_0x70cdf5c6fcc0;  1 drivers
L_0x5dfd16f1cc10 .cmp/ne 5, L_0x5dfd16f4b4e0, L_0x70cdf5c6fc78;
L_0x5dfd16f1cdc0 .concat [ 5 1 0 0], L_0x5dfd16f4b4e0, L_0x70cdf5c6fcc0;
L_0x5dfd16f1ceb0 .cmp/eq 6, L_0x5dfd16f1cdc0, L_0x70cdf5c6fd08;
v0x5dfd16ee4590_11 .array/port v0x5dfd16ee4590, 11;
L_0x5dfd16f1d100 .functor MUXZ 32, v0x5dfd16ee4590_11, L_0x5dfd16f4abf0, L_0x5dfd16f1cff0, C4<>;
S_0x5dfd16ddfab0 .scope generate, "L1_CPU_Xreg[12]" "L1_CPU_Xreg[12]" 4 282, 4 282 0, S_0x5dfd16eaa540;
 .timescale 0 0;
P_0x5dfd16de5a70 .param/l "xreg" 0 4 282, +C4<01100>;
L_0x5dfd16f1d4c0 .functor AND 1, L_0x5dfd16f4a830, L_0x5dfd16f1d3d0, C4<1>, C4<1>;
L_0x5dfd16f1d7b0 .functor AND 1, L_0x5dfd16f1d4c0, L_0x5dfd16f1d670, C4<1>, C4<1>;
v0x5dfd16ddcba0_0 .net "L1_wr_a3", 0 0, L_0x5dfd16f1d7b0;  1 drivers
L_0x70cdf5c6fd98 .functor BUFT 1, C4<00000>, C4<0>, C4<0>, C4<0>;
v0x5dfd16ddcc60_0 .net/2u *"_ivl_0", 4 0, L_0x70cdf5c6fd98;  1 drivers
L_0x70cdf5c6fe28 .functor BUFT 1, C4<001100>, C4<0>, C4<0>, C4<0>;
v0x5dfd16dd9c90_0 .net/2u *"_ivl_10", 5 0, L_0x70cdf5c6fe28;  1 drivers
v0x5dfd16dd9d50_0 .net *"_ivl_12", 0 0, L_0x5dfd16f1d670;  1 drivers
v0x5dfd16dd6d80_0 .net/2u *"_ivl_17", 31 0, L_0x70cdf5c6fe70;  1 drivers
v0x5dfd16dd3e70_0 .net *"_ivl_2", 0 0, L_0x5dfd16f1d3d0;  1 drivers
v0x5dfd16dd3f30_0 .net *"_ivl_20", 31 0, L_0x5dfd16f1d8c0;  1 drivers
v0x5dfd16dd0f60_0 .net *"_ivl_5", 0 0, L_0x5dfd16f1d4c0;  1 drivers
v0x5dfd16dd1020_0 .net *"_ivl_6", 5 0, L_0x5dfd16f1d580;  1 drivers
L_0x70cdf5c6fde0 .functor BUFT 1, C4<0>, C4<0>, C4<0>, C4<0>;
v0x5dfd16dce120_0 .net *"_ivl_9", 0 0, L_0x70cdf5c6fde0;  1 drivers
L_0x5dfd16f1d3d0 .cmp/ne 5, L_0x5dfd16f4b4e0, L_0x70cdf5c6fd98;
L_0x5dfd16f1d580 .concat [ 5 1 0 0], L_0x5dfd16f4b4e0, L_0x70cdf5c6fde0;
L_0x5dfd16f1d670 .cmp/eq 6, L_0x5dfd16f1d580, L_0x70cdf5c6fe28;
v0x5dfd16ee4590_12 .array/port v0x5dfd16ee4590, 12;
L_0x5dfd16f1d8c0 .functor MUXZ 32, v0x5dfd16ee4590_12, L_0x5dfd16f4abf0, L_0x5dfd16f1d7b0, C4<>;
S_0x5dfd16dcb140 .scope generate, "L1_CPU_Xreg[13]" "L1_CPU_Xreg[13]" 4 282, 4 282 0, S_0x5dfd16eaa540;
 .timescale 0 0;
P_0x5dfd16dd10c0 .param/l "xreg" 0 4 282, +C4<01101>;
L_0x5dfd16f1dc10 .functor AND 1, L_0x5dfd16f4a830, L_0x5dfd16f1db20, C4<1>, C4<1>;
L_0x5dfd16f1df00 .functor AND 1, L_0x5dfd16f1dc10, L_0x5dfd16f1ddc0, C4<1>, C4<1>;
v0x5dfd16dc8230_0 .net "L1_wr_a3", 0 0, L_0x5dfd16f1df00;  1 drivers
L_0x70cdf5c6feb8 .functor BUFT 1, C4<00000>, C4<0>, C4<0>, C4<0>;
v0x5dfd16dc82f0_0 .net/2u *"_ivl_0", 4 0, L_0x70cdf5c6feb8;  1 drivers
L_0x70cdf5c6ff48 .functor BUFT 1, C4<001101>, C4<0>, C4<0>, C4<0>;
v0x5dfd16dc5320_0 .net/2u *"_ivl_10", 5 0, L_0x70cdf5c6ff48;  1 drivers
v0x5dfd16dc53e0_0 .net *"_ivl_12", 0 0, L_0x5dfd16f1ddc0;  1 drivers
v0x5dfd16dc2410_0 .net/2u *"_ivl_17", 31 0, L_0x70cdf5c6ff90;  1 drivers
v0x5dfd16dbf500_0 .net *"_ivl_2", 0 0, L_0x5dfd16f1db20;  1 drivers
v0x5dfd16dbf5c0_0 .net *"_ivl_20", 31 0, L_0x5dfd16f1e010;  1 drivers
v0x5dfd16dbc5f0_0 .net *"_ivl_5", 0 0, L_0x5dfd16f1dc10;  1 drivers
v0x5dfd16dbc6b0_0 .net *"_ivl_6", 5 0, L_0x5dfd16f1dcd0;  1 drivers
L_0x70cdf5c6ff00 .functor BUFT 1, C4<0>, C4<0>, C4<0>, C4<0>;
v0x5dfd16db97b0_0 .net *"_ivl_9", 0 0, L_0x70cdf5c6ff00;  1 drivers
L_0x5dfd16f1db20 .cmp/ne 5, L_0x5dfd16f4b4e0, L_0x70cdf5c6feb8;
L_0x5dfd16f1dcd0 .concat [ 5 1 0 0], L_0x5dfd16f4b4e0, L_0x70cdf5c6ff00;
L_0x5dfd16f1ddc0 .cmp/eq 6, L_0x5dfd16f1dcd0, L_0x70cdf5c6ff48;
v0x5dfd16ee4590_13 .array/port v0x5dfd16ee4590, 13;
L_0x5dfd16f1e010 .functor MUXZ 32, v0x5dfd16ee4590_13, L_0x5dfd16f4abf0, L_0x5dfd16f1df00, C4<>;
S_0x5dfd16db67d0 .scope generate, "L1_CPU_Xreg[14]" "L1_CPU_Xreg[14]" 4 282, 4 282 0, S_0x5dfd16eaa540;
 .timescale 0 0;
P_0x5dfd16dbc750 .param/l "xreg" 0 4 282, +C4<01110>;
L_0x5dfd16f1d2c0 .functor AND 1, L_0x5dfd16f4a830, L_0x5dfd16f1e2f0, C4<1>, C4<1>;
L_0x5dfd16f1e660 .functor AND 1, L_0x5dfd16f1d2c0, L_0x5dfd16f1e520, C4<1>, C4<1>;
v0x5dfd16db3420_0 .net "L1_wr_a3", 0 0, L_0x5dfd16f1e660;  1 drivers
L_0x70cdf5c6ffd8 .functor BUFT 1, C4<00000>, C4<0>, C4<0>, C4<0>;
v0x5dfd16db34e0_0 .net/2u *"_ivl_0", 4 0, L_0x70cdf5c6ffd8;  1 drivers
L_0x70cdf5c70068 .functor BUFT 1, C4<001110>, C4<0>, C4<0>, C4<0>;
v0x5dfd16e32db0_0 .net/2u *"_ivl_10", 5 0, L_0x70cdf5c70068;  1 drivers
v0x5dfd16e32e70_0 .net *"_ivl_12", 0 0, L_0x5dfd16f1e520;  1 drivers
v0x5dfd16e309e0_0 .net/2u *"_ivl_17", 31 0, L_0x70cdf5c700b0;  1 drivers
v0x5dfd16e2e610_0 .net *"_ivl_2", 0 0, L_0x5dfd16f1e2f0;  1 drivers
v0x5dfd16e2e6d0_0 .net *"_ivl_20", 31 0, L_0x5dfd16f1e770;  1 drivers
v0x5dfd16e2c240_0 .net *"_ivl_5", 0 0, L_0x5dfd16f1d2c0;  1 drivers
v0x5dfd16e2c300_0 .net *"_ivl_6", 5 0, L_0x5dfd16f1e430;  1 drivers
L_0x70cdf5c70020 .functor BUFT 1, C4<0>, C4<0>, C4<0>, C4<0>;
v0x5dfd16e29f40_0 .net *"_ivl_9", 0 0, L_0x70cdf5c70020;  1 drivers
L_0x5dfd16f1e2f0 .cmp/ne 5, L_0x5dfd16f4b4e0, L_0x70cdf5c6ffd8;
L_0x5dfd16f1e430 .concat [ 5 1 0 0], L_0x5dfd16f4b4e0, L_0x70cdf5c70020;
L_0x5dfd16f1e520 .cmp/eq 6, L_0x5dfd16f1e430, L_0x70cdf5c70068;
v0x5dfd16ee4590_14 .array/port v0x5dfd16ee4590, 14;
L_0x5dfd16f1e770 .functor MUXZ 32, v0x5dfd16ee4590_14, L_0x5dfd16f4abf0, L_0x5dfd16f1e660, C4<>;
S_0x5dfd16e27aa0 .scope generate, "L1_CPU_Xreg[15]" "L1_CPU_Xreg[15]" 4 282, 4 282 0, S_0x5dfd16eaa540;
 .timescale 0 0;
P_0x5dfd16e2c3a0 .param/l "xreg" 0 4 282, +C4<01111>;
L_0x5dfd16f1eac0 .functor AND 1, L_0x5dfd16f4a830, L_0x5dfd16f1e9d0, C4<1>, C4<1>;
L_0x5dfd16f1efc0 .functor AND 1, L_0x5dfd16f1eac0, L_0x5dfd16f1ee80, C4<1>, C4<1>;
v0x5dfd16e256d0_0 .net "L1_wr_a3", 0 0, L_0x5dfd16f1efc0;  1 drivers
L_0x70cdf5c700f8 .functor BUFT 1, C4<00000>, C4<0>, C4<0>, C4<0>;
v0x5dfd16e25790_0 .net/2u *"_ivl_0", 4 0, L_0x70cdf5c700f8;  1 drivers
L_0x70cdf5c70188 .functor BUFT 1, C4<001111>, C4<0>, C4<0>, C4<0>;
v0x5dfd16e23300_0 .net/2u *"_ivl_10", 5 0, L_0x70cdf5c70188;  1 drivers
v0x5dfd16e233c0_0 .net *"_ivl_12", 0 0, L_0x5dfd16f1ee80;  1 drivers
v0x5dfd16e20f30_0 .net/2u *"_ivl_17", 31 0, L_0x70cdf5c701d0;  1 drivers
v0x5dfd16e1eb60_0 .net *"_ivl_2", 0 0, L_0x5dfd16f1e9d0;  1 drivers
v0x5dfd16e1ec20_0 .net *"_ivl_20", 31 0, L_0x5dfd16f1f0d0;  1 drivers
v0x5dfd16e1c790_0 .net *"_ivl_5", 0 0, L_0x5dfd16f1eac0;  1 drivers
v0x5dfd16e1c850_0 .net *"_ivl_6", 5 0, L_0x5dfd16f1ed90;  1 drivers
L_0x70cdf5c70140 .functor BUFT 1, C4<0>, C4<0>, C4<0>, C4<0>;
v0x5dfd16e1a490_0 .net *"_ivl_9", 0 0, L_0x70cdf5c70140;  1 drivers
L_0x5dfd16f1e9d0 .cmp/ne 5, L_0x5dfd16f4b4e0, L_0x70cdf5c700f8;
L_0x5dfd16f1ed90 .concat [ 5 1 0 0], L_0x5dfd16f4b4e0, L_0x70cdf5c70140;
L_0x5dfd16f1ee80 .cmp/eq 6, L_0x5dfd16f1ed90, L_0x70cdf5c70188;
v0x5dfd16ee4590_15 .array/port v0x5dfd16ee4590, 15;
L_0x5dfd16f1f0d0 .functor MUXZ 32, v0x5dfd16ee4590_15, L_0x5dfd16f4abf0, L_0x5dfd16f1efc0, C4<>;
S_0x5dfd16e17ff0 .scope generate, "L1_CPU_Xreg[16]" "L1_CPU_Xreg[16]" 4 282, 4 282 0, S_0x5dfd16eaa540;
 .timescale 0 0;
P_0x5dfd16e1c8f0 .param/l "xreg" 0 4 282, +C4<010000>;
L_0x5dfd16ee42a0 .functor AND 1, L_0x5dfd16f4a830, L_0x5dfd16ee41b0, C4<1>, C4<1>;
L_0x5dfd16f1fc10 .functor AND 1, L_0x5dfd16ee42a0, L_0x5dfd16f1fad0, C4<1>, C4<1>;
v0x5dfd16e98550_0 .net "L1_wr_a3", 0 0, L_0x5dfd16f1fc10;  1 drivers
L_0x70cdf5c70218 .functor BUFT 1, C4<00000>, C4<0>, C4<0>, C4<0>;
v0x5dfd16e98610_0 .net/2u *"_ivl_0", 4 0, L_0x70cdf5c70218;  1 drivers
L_0x70cdf5c702a8 .functor BUFT 1, C4<0010000>, C4<0>, C4<0>, C4<0>;
v0x5dfd16d5a080_0 .net/2u *"_ivl_10", 6 0, L_0x70cdf5c702a8;  1 drivers
v0x5dfd16d5a140_0 .net *"_ivl_12", 0 0, L_0x5dfd16f1fad0;  1 drivers
v0x5dfd16d5a200_0 .net/2u *"_ivl_17", 31 0, L_0x70cdf5c702f0;  1 drivers
v0x5dfd16d5a330_0 .net *"_ivl_2", 0 0, L_0x5dfd16ee41b0;  1 drivers
v0x5dfd16d5a3f0_0 .net *"_ivl_20", 31 0, L_0x5dfd16f1fd20;  1 drivers
v0x5dfd16cda760_0 .net *"_ivl_5", 0 0, L_0x5dfd16ee42a0;  1 drivers
v0x5dfd16cda820_0 .net *"_ivl_6", 6 0, L_0x5dfd16f1f9e0;  1 drivers
L_0x70cdf5c70260 .functor BUFT 1, C4<00>, C4<0>, C4<0>, C4<0>;
v0x5dfd16cda990_0 .net *"_ivl_9", 1 0, L_0x70cdf5c70260;  1 drivers
L_0x5dfd16ee41b0 .cmp/ne 5, L_0x5dfd16f4b4e0, L_0x70cdf5c70218;
L_0x5dfd16f1f9e0 .concat [ 5 2 0 0], L_0x5dfd16f4b4e0, L_0x70cdf5c70260;
L_0x5dfd16f1fad0 .cmp/eq 7, L_0x5dfd16f1f9e0, L_0x70cdf5c702a8;
v0x5dfd16ee4590_16 .array/port v0x5dfd16ee4590, 16;
L_0x5dfd16f1fd20 .functor MUXZ 32, v0x5dfd16ee4590_16, L_0x5dfd16f4abf0, L_0x5dfd16f1fc10, C4<>;
S_0x5dfd16cdaa70 .scope generate, "L1_CPU_Xreg[17]" "L1_CPU_Xreg[17]" 4 282, 4 282 0, S_0x5dfd16eaa540;
 .timescale 0 0;
P_0x5dfd16d5a4d0 .param/l "xreg" 0 4 282, +C4<010001>;
L_0x5dfd16f20040 .functor AND 1, L_0x5dfd16f4a830, L_0x5dfd16f1ff50, C4<1>, C4<1>;
L_0x5dfd16f20390 .functor AND 1, L_0x5dfd16f20040, L_0x5dfd16f20220, C4<1>, C4<1>;
v0x5dfd16d55af0_0 .net "L1_wr_a3", 0 0, L_0x5dfd16f20390;  1 drivers
L_0x70cdf5c70338 .functor BUFT 1, C4<00000>, C4<0>, C4<0>, C4<0>;
v0x5dfd16d55bb0_0 .net/2u *"_ivl_0", 4 0, L_0x70cdf5c70338;  1 drivers
L_0x70cdf5c703c8 .functor BUFT 1, C4<0010001>, C4<0>, C4<0>, C4<0>;
v0x5dfd16d55c90_0 .net/2u *"_ivl_10", 6 0, L_0x70cdf5c703c8;  1 drivers
v0x5dfd16d55d50_0 .net *"_ivl_12", 0 0, L_0x5dfd16f20220;  1 drivers
v0x5dfd16d55e10_0 .net/2u *"_ivl_17", 31 0, L_0x70cdf5c70410;  1 drivers
v0x5dfd16d4e550_0 .net *"_ivl_2", 0 0, L_0x5dfd16f1ff50;  1 drivers
v0x5dfd16d4e5f0_0 .net *"_ivl_20", 31 0, L_0x5dfd16f204a0;  1 drivers
v0x5dfd16d4e6d0_0 .net *"_ivl_5", 0 0, L_0x5dfd16f20040;  1 drivers
v0x5dfd16d4e790_0 .net *"_ivl_6", 6 0, L_0x5dfd16f20100;  1 drivers
L_0x70cdf5c70380 .functor BUFT 1, C4<00>, C4<0>, C4<0>, C4<0>;
v0x5dfd16d4e900_0 .net *"_ivl_9", 1 0, L_0x70cdf5c70380;  1 drivers
L_0x5dfd16f1ff50 .cmp/ne 5, L_0x5dfd16f4b4e0, L_0x70cdf5c70338;
L_0x5dfd16f20100 .concat [ 5 2 0 0], L_0x5dfd16f4b4e0, L_0x70cdf5c70380;
L_0x5dfd16f20220 .cmp/eq 7, L_0x5dfd16f20100, L_0x70cdf5c703c8;
v0x5dfd16ee4590_17 .array/port v0x5dfd16ee4590, 17;
L_0x5dfd16f204a0 .functor MUXZ 32, v0x5dfd16ee4590_17, L_0x5dfd16f4abf0, L_0x5dfd16f20390, C4<>;
S_0x5dfd16ecdda0 .scope generate, "L1_CPU_Xreg[18]" "L1_CPU_Xreg[18]" 4 282, 4 282 0, S_0x5dfd16eaa540;
 .timescale 0 0;
P_0x5dfd16ecdf30 .param/l "xreg" 0 4 282, +C4<010010>;
L_0x5dfd16f20890 .functor AND 1, L_0x5dfd16f4a830, L_0x5dfd16f207a0, C4<1>, C4<1>;
L_0x5dfd16f20be0 .functor AND 1, L_0x5dfd16f20890, L_0x5dfd16f20a70, C4<1>, C4<1>;
v0x5dfd16ecdfd0_0 .net "L1_wr_a3", 0 0, L_0x5dfd16f20be0;  1 drivers
L_0x70cdf5c70458 .functor BUFT 1, C4<00000>, C4<0>, C4<0>, C4<0>;
v0x5dfd16ece090_0 .net/2u *"_ivl_0", 4 0, L_0x70cdf5c70458;  1 drivers
L_0x70cdf5c704e8 .functor BUFT 1, C4<0010010>, C4<0>, C4<0>, C4<0>;
v0x5dfd16ece170_0 .net/2u *"_ivl_10", 6 0, L_0x70cdf5c704e8;  1 drivers
v0x5dfd16ece230_0 .net *"_ivl_12", 0 0, L_0x5dfd16f20a70;  1 drivers
v0x5dfd16ece2f0_0 .net/2u *"_ivl_17", 31 0, L_0x70cdf5c70530;  1 drivers
v0x5dfd16ece420_0 .net *"_ivl_2", 0 0, L_0x5dfd16f207a0;  1 drivers
v0x5dfd16ece4e0_0 .net *"_ivl_20", 31 0, L_0x5dfd16f20cf0;  1 drivers
v0x5dfd16ece5c0_0 .net *"_ivl_5", 0 0, L_0x5dfd16f20890;  1 drivers
v0x5dfd16ece680_0 .net *"_ivl_6", 6 0, L_0x5dfd16f20950;  1 drivers
L_0x70cdf5c704a0 .functor BUFT 1, C4<00>, C4<0>, C4<0>, C4<0>;
v0x5dfd16ece7f0_0 .net *"_ivl_9", 1 0, L_0x70cdf5c704a0;  1 drivers
L_0x5dfd16f207a0 .cmp/ne 5, L_0x5dfd16f4b4e0, L_0x70cdf5c70458;
L_0x5dfd16f20950 .concat [ 5 2 0 0], L_0x5dfd16f4b4e0, L_0x70cdf5c704a0;
L_0x5dfd16f20a70 .cmp/eq 7, L_0x5dfd16f20950, L_0x70cdf5c704e8;
v0x5dfd16ee4590_18 .array/port v0x5dfd16ee4590, 18;
L_0x5dfd16f20cf0 .functor MUXZ 32, v0x5dfd16ee4590_18, L_0x5dfd16f4abf0, L_0x5dfd16f20be0, C4<>;
S_0x5dfd16ece8d0 .scope generate, "L1_CPU_Xreg[19]" "L1_CPU_Xreg[19]" 4 282, 4 282 0, S_0x5dfd16eaa540;
 .timescale 0 0;
P_0x5dfd16ecea80 .param/l "xreg" 0 4 282, +C4<010011>;
L_0x5dfd16f21040 .functor AND 1, L_0x5dfd16f4a830, L_0x5dfd16f20f50, C4<1>, C4<1>;
L_0x5dfd16f21390 .functor AND 1, L_0x5dfd16f21040, L_0x5dfd16f21220, C4<1>, C4<1>;
v0x5dfd16eceb60_0 .net "L1_wr_a3", 0 0, L_0x5dfd16f21390;  1 drivers
L_0x70cdf5c70578 .functor BUFT 1, C4<00000>, C4<0>, C4<0>, C4<0>;
v0x5dfd16ecec20_0 .net/2u *"_ivl_0", 4 0, L_0x70cdf5c70578;  1 drivers
L_0x70cdf5c70608 .functor BUFT 1, C4<0010011>, C4<0>, C4<0>, C4<0>;
v0x5dfd16eced00_0 .net/2u *"_ivl_10", 6 0, L_0x70cdf5c70608;  1 drivers
v0x5dfd16ecedc0_0 .net *"_ivl_12", 0 0, L_0x5dfd16f21220;  1 drivers
v0x5dfd16ecee80_0 .net/2u *"_ivl_17", 31 0, L_0x70cdf5c70650;  1 drivers
v0x5dfd16ecefb0_0 .net *"_ivl_2", 0 0, L_0x5dfd16f20f50;  1 drivers
v0x5dfd16ecf070_0 .net *"_ivl_20", 31 0, L_0x5dfd16f214a0;  1 drivers
v0x5dfd16ecf150_0 .net *"_ivl_5", 0 0, L_0x5dfd16f21040;  1 drivers
v0x5dfd16ecf210_0 .net *"_ivl_6", 6 0, L_0x5dfd16f21100;  1 drivers
L_0x70cdf5c705c0 .functor BUFT 1, C4<00>, C4<0>, C4<0>, C4<0>;
v0x5dfd16ecf380_0 .net *"_ivl_9", 1 0, L_0x70cdf5c705c0;  1 drivers
L_0x5dfd16f20f50 .cmp/ne 5, L_0x5dfd16f4b4e0, L_0x70cdf5c70578;
L_0x5dfd16f21100 .concat [ 5 2 0 0], L_0x5dfd16f4b4e0, L_0x70cdf5c705c0;
L_0x5dfd16f21220 .cmp/eq 7, L_0x5dfd16f21100, L_0x70cdf5c70608;
v0x5dfd16ee4590_19 .array/port v0x5dfd16ee4590, 19;
L_0x5dfd16f214a0 .functor MUXZ 32, v0x5dfd16ee4590_19, L_0x5dfd16f4abf0, L_0x5dfd16f21390, C4<>;
S_0x5dfd16ecf460 .scope generate, "L1_CPU_Xreg[20]" "L1_CPU_Xreg[20]" 4 282, 4 282 0, S_0x5dfd16eaa540;
 .timescale 0 0;
P_0x5dfd16ecf610 .param/l "xreg" 0 4 282, +C4<010100>;
L_0x5dfd16f21800 .functor AND 1, L_0x5dfd16f4a830, L_0x5dfd16f20660, C4<1>, C4<1>;
L_0x5dfd16f21b50 .functor AND 1, L_0x5dfd16f21800, L_0x5dfd16f219e0, C4<1>, C4<1>;
v0x5dfd16ecf6f0_0 .net "L1_wr_a3", 0 0, L_0x5dfd16f21b50;  1 drivers
L_0x70cdf5c70698 .functor BUFT 1, C4<00000>, C4<0>, C4<0>, C4<0>;
v0x5dfd16ecf7b0_0 .net/2u *"_ivl_0", 4 0, L_0x70cdf5c70698;  1 drivers
L_0x70cdf5c70728 .functor BUFT 1, C4<0010100>, C4<0>, C4<0>, C4<0>;
v0x5dfd16ecf890_0 .net/2u *"_ivl_10", 6 0, L_0x70cdf5c70728;  1 drivers
v0x5dfd16ecf950_0 .net *"_ivl_12", 0 0, L_0x5dfd16f219e0;  1 drivers
v0x5dfd16ecfa10_0 .net/2u *"_ivl_17", 31 0, L_0x70cdf5c70770;  1 drivers
v0x5dfd16ecfb40_0 .net *"_ivl_2", 0 0, L_0x5dfd16f20660;  1 drivers
v0x5dfd16ecfc00_0 .net *"_ivl_20", 31 0, L_0x5dfd16f21c60;  1 drivers
v0x5dfd16ecfce0_0 .net *"_ivl_5", 0 0, L_0x5dfd16f21800;  1 drivers
v0x5dfd16ecfda0_0 .net *"_ivl_6", 6 0, L_0x5dfd16f218c0;  1 drivers
L_0x70cdf5c706e0 .functor BUFT 1, C4<00>, C4<0>, C4<0>, C4<0>;
v0x5dfd16ecff10_0 .net *"_ivl_9", 1 0, L_0x70cdf5c706e0;  1 drivers
L_0x5dfd16f20660 .cmp/ne 5, L_0x5dfd16f4b4e0, L_0x70cdf5c70698;
L_0x5dfd16f218c0 .concat [ 5 2 0 0], L_0x5dfd16f4b4e0, L_0x70cdf5c706e0;
L_0x5dfd16f219e0 .cmp/eq 7, L_0x5dfd16f218c0, L_0x70cdf5c70728;
v0x5dfd16ee4590_20 .array/port v0x5dfd16ee4590, 20;
L_0x5dfd16f21c60 .functor MUXZ 32, v0x5dfd16ee4590_20, L_0x5dfd16f4abf0, L_0x5dfd16f21b50, C4<>;
S_0x5dfd16ecfff0 .scope generate, "L1_CPU_Xreg[21]" "L1_CPU_Xreg[21]" 4 282, 4 282 0, S_0x5dfd16eaa540;
 .timescale 0 0;
P_0x5dfd16ed01a0 .param/l "xreg" 0 4 282, +C4<010101>;
L_0x5dfd16f21fb0 .functor AND 1, L_0x5dfd16f4a830, L_0x5dfd16f21ec0, C4<1>, C4<1>;
L_0x5dfd16f22300 .functor AND 1, L_0x5dfd16f21fb0, L_0x5dfd16f22190, C4<1>, C4<1>;
v0x5dfd16ed0280_0 .net "L1_wr_a3", 0 0, L_0x5dfd16f22300;  1 drivers
L_0x70cdf5c707b8 .functor BUFT 1, C4<00000>, C4<0>, C4<0>, C4<0>;
v0x5dfd16ed0340_0 .net/2u *"_ivl_0", 4 0, L_0x70cdf5c707b8;  1 drivers
L_0x70cdf5c70848 .functor BUFT 1, C4<0010101>, C4<0>, C4<0>, C4<0>;
v0x5dfd16ed0420_0 .net/2u *"_ivl_10", 6 0, L_0x70cdf5c70848;  1 drivers
v0x5dfd16ed04e0_0 .net *"_ivl_12", 0 0, L_0x5dfd16f22190;  1 drivers
v0x5dfd16ed05a0_0 .net/2u *"_ivl_17", 31 0, L_0x70cdf5c70890;  1 drivers
v0x5dfd16ed06d0_0 .net *"_ivl_2", 0 0, L_0x5dfd16f21ec0;  1 drivers
v0x5dfd16ed0790_0 .net *"_ivl_20", 31 0, L_0x5dfd16f22410;  1 drivers
v0x5dfd16ed0870_0 .net *"_ivl_5", 0 0, L_0x5dfd16f21fb0;  1 drivers
v0x5dfd16ed0930_0 .net *"_ivl_6", 6 0, L_0x5dfd16f22070;  1 drivers
L_0x70cdf5c70800 .functor BUFT 1, C4<00>, C4<0>, C4<0>, C4<0>;
v0x5dfd16ed0aa0_0 .net *"_ivl_9", 1 0, L_0x70cdf5c70800;  1 drivers
L_0x5dfd16f21ec0 .cmp/ne 5, L_0x5dfd16f4b4e0, L_0x70cdf5c707b8;
L_0x5dfd16f22070 .concat [ 5 2 0 0], L_0x5dfd16f4b4e0, L_0x70cdf5c70800;
L_0x5dfd16f22190 .cmp/eq 7, L_0x5dfd16f22070, L_0x70cdf5c70848;
v0x5dfd16ee4590_21 .array/port v0x5dfd16ee4590, 21;
L_0x5dfd16f22410 .functor MUXZ 32, v0x5dfd16ee4590_21, L_0x5dfd16f4abf0, L_0x5dfd16f22300, C4<>;
S_0x5dfd16ed0b80 .scope generate, "L1_CPU_Xreg[22]" "L1_CPU_Xreg[22]" 4 282, 4 282 0, S_0x5dfd16eaa540;
 .timescale 0 0;
P_0x5dfd16ed0d30 .param/l "xreg" 0 4 282, +C4<010110>;
L_0x5dfd16f22820 .functor AND 1, L_0x5dfd16f4a830, L_0x5dfd16f22730, C4<1>, C4<1>;
L_0x5dfd16f22b70 .functor AND 1, L_0x5dfd16f22820, L_0x5dfd16f22a00, C4<1>, C4<1>;
v0x5dfd16ed0e10_0 .net "L1_wr_a3", 0 0, L_0x5dfd16f22b70;  1 drivers
L_0x70cdf5c708d8 .functor BUFT 1, C4<00000>, C4<0>, C4<0>, C4<0>;
v0x5dfd16ed0ed0_0 .net/2u *"_ivl_0", 4 0, L_0x70cdf5c708d8;  1 drivers
L_0x70cdf5c70968 .functor BUFT 1, C4<0010110>, C4<0>, C4<0>, C4<0>;
v0x5dfd16ed0fb0_0 .net/2u *"_ivl_10", 6 0, L_0x70cdf5c70968;  1 drivers
v0x5dfd16ed1070_0 .net *"_ivl_12", 0 0, L_0x5dfd16f22a00;  1 drivers
v0x5dfd16ed1130_0 .net/2u *"_ivl_17", 31 0, L_0x70cdf5c709b0;  1 drivers
v0x5dfd16ed1260_0 .net *"_ivl_2", 0 0, L_0x5dfd16f22730;  1 drivers
v0x5dfd16ed1320_0 .net *"_ivl_20", 31 0, L_0x5dfd16f22c80;  1 drivers
v0x5dfd16ed1400_0 .net *"_ivl_5", 0 0, L_0x5dfd16f22820;  1 drivers
v0x5dfd16ed14c0_0 .net *"_ivl_6", 6 0, L_0x5dfd16f228e0;  1 drivers
L_0x70cdf5c70920 .functor BUFT 1, C4<00>, C4<0>, C4<0>, C4<0>;
v0x5dfd16ed1630_0 .net *"_ivl_9", 1 0, L_0x70cdf5c70920;  1 drivers
L_0x5dfd16f22730 .cmp/ne 5, L_0x5dfd16f4b4e0, L_0x70cdf5c708d8;
L_0x5dfd16f228e0 .concat [ 5 2 0 0], L_0x5dfd16f4b4e0, L_0x70cdf5c70920;
L_0x5dfd16f22a00 .cmp/eq 7, L_0x5dfd16f228e0, L_0x70cdf5c70968;
v0x5dfd16ee4590_22 .array/port v0x5dfd16ee4590, 22;
L_0x5dfd16f22c80 .functor MUXZ 32, v0x5dfd16ee4590_22, L_0x5dfd16f4abf0, L_0x5dfd16f22b70, C4<>;
S_0x5dfd16ed1710 .scope generate, "L1_CPU_Xreg[23]" "L1_CPU_Xreg[23]" 4 282, 4 282 0, S_0x5dfd16eaa540;
 .timescale 0 0;
P_0x5dfd16ed18c0 .param/l "xreg" 0 4 282, +C4<010111>;
L_0x5dfd16f22fd0 .functor AND 1, L_0x5dfd16f4a830, L_0x5dfd16f22ee0, C4<1>, C4<1>;
L_0x5dfd16f23320 .functor AND 1, L_0x5dfd16f22fd0, L_0x5dfd16f231b0, C4<1>, C4<1>;
v0x5dfd16ed19a0_0 .net "L1_wr_a3", 0 0, L_0x5dfd16f23320;  1 drivers
L_0x70cdf5c709f8 .functor BUFT 1, C4<00000>, C4<0>, C4<0>, C4<0>;
v0x5dfd16ed1a60_0 .net/2u *"_ivl_0", 4 0, L_0x70cdf5c709f8;  1 drivers
L_0x70cdf5c70a88 .functor BUFT 1, C4<0010111>, C4<0>, C4<0>, C4<0>;
v0x5dfd16ed1b40_0 .net/2u *"_ivl_10", 6 0, L_0x70cdf5c70a88;  1 drivers
v0x5dfd16ed1c00_0 .net *"_ivl_12", 0 0, L_0x5dfd16f231b0;  1 drivers
v0x5dfd16ed1cc0_0 .net/2u *"_ivl_17", 31 0, L_0x70cdf5c70ad0;  1 drivers
v0x5dfd16ed1df0_0 .net *"_ivl_2", 0 0, L_0x5dfd16f22ee0;  1 drivers
v0x5dfd16ed1eb0_0 .net *"_ivl_20", 31 0, L_0x5dfd16f23430;  1 drivers
v0x5dfd16ed1f90_0 .net *"_ivl_5", 0 0, L_0x5dfd16f22fd0;  1 drivers
v0x5dfd16ed2050_0 .net *"_ivl_6", 6 0, L_0x5dfd16f23090;  1 drivers
L_0x70cdf5c70a40 .functor BUFT 1, C4<00>, C4<0>, C4<0>, C4<0>;
v0x5dfd16ed21c0_0 .net *"_ivl_9", 1 0, L_0x70cdf5c70a40;  1 drivers
L_0x5dfd16f22ee0 .cmp/ne 5, L_0x5dfd16f4b4e0, L_0x70cdf5c709f8;
L_0x5dfd16f23090 .concat [ 5 2 0 0], L_0x5dfd16f4b4e0, L_0x70cdf5c70a40;
L_0x5dfd16f231b0 .cmp/eq 7, L_0x5dfd16f23090, L_0x70cdf5c70a88;
v0x5dfd16ee4590_23 .array/port v0x5dfd16ee4590, 23;
L_0x5dfd16f23430 .functor MUXZ 32, v0x5dfd16ee4590_23, L_0x5dfd16f4abf0, L_0x5dfd16f23320, C4<>;
S_0x5dfd16ed22a0 .scope generate, "L1_CPU_Xreg[24]" "L1_CPU_Xreg[24]" 4 282, 4 282 0, S_0x5dfd16eaa540;
 .timescale 0 0;
P_0x5dfd16ed2450 .param/l "xreg" 0 4 282, +C4<011000>;
L_0x5dfd16f23850 .functor AND 1, L_0x5dfd16f4a830, L_0x5dfd16f23760, C4<1>, C4<1>;
L_0x5dfd16f23ba0 .functor AND 1, L_0x5dfd16f23850, L_0x5dfd16f23a30, C4<1>, C4<1>;
v0x5dfd16ed2530_0 .net "L1_wr_a3", 0 0, L_0x5dfd16f23ba0;  1 drivers
L_0x70cdf5c70b18 .functor BUFT 1, C4<00000>, C4<0>, C4<0>, C4<0>;
v0x5dfd16ed25f0_0 .net/2u *"_ivl_0", 4 0, L_0x70cdf5c70b18;  1 drivers
L_0x70cdf5c70ba8 .functor BUFT 1, C4<0011000>, C4<0>, C4<0>, C4<0>;
v0x5dfd16ed26d0_0 .net/2u *"_ivl_10", 6 0, L_0x70cdf5c70ba8;  1 drivers
v0x5dfd16ed2790_0 .net *"_ivl_12", 0 0, L_0x5dfd16f23a30;  1 drivers
v0x5dfd16ed2850_0 .net/2u *"_ivl_17", 31 0, L_0x70cdf5c70bf0;  1 drivers
v0x5dfd16ed2980_0 .net *"_ivl_2", 0 0, L_0x5dfd16f23760;  1 drivers
v0x5dfd16ed2a40_0 .net *"_ivl_20", 31 0, L_0x5dfd16f23cb0;  1 drivers
v0x5dfd16ed2b20_0 .net *"_ivl_5", 0 0, L_0x5dfd16f23850;  1 drivers
v0x5dfd16ed2be0_0 .net *"_ivl_6", 6 0, L_0x5dfd16f23910;  1 drivers
L_0x70cdf5c70b60 .functor BUFT 1, C4<00>, C4<0>, C4<0>, C4<0>;
v0x5dfd16ed2d50_0 .net *"_ivl_9", 1 0, L_0x70cdf5c70b60;  1 drivers
L_0x5dfd16f23760 .cmp/ne 5, L_0x5dfd16f4b4e0, L_0x70cdf5c70b18;
L_0x5dfd16f23910 .concat [ 5 2 0 0], L_0x5dfd16f4b4e0, L_0x70cdf5c70b60;
L_0x5dfd16f23a30 .cmp/eq 7, L_0x5dfd16f23910, L_0x70cdf5c70ba8;
v0x5dfd16ee4590_24 .array/port v0x5dfd16ee4590, 24;
L_0x5dfd16f23cb0 .functor MUXZ 32, v0x5dfd16ee4590_24, L_0x5dfd16f4abf0, L_0x5dfd16f23ba0, C4<>;
S_0x5dfd16ed2e30 .scope generate, "L1_CPU_Xreg[25]" "L1_CPU_Xreg[25]" 4 282, 4 282 0, S_0x5dfd16eaa540;
 .timescale 0 0;
P_0x5dfd16ed2fe0 .param/l "xreg" 0 4 282, +C4<011001>;
L_0x5dfd16f24000 .functor AND 1, L_0x5dfd16f4a830, L_0x5dfd16f23f10, C4<1>, C4<1>;
L_0x5dfd16f24350 .functor AND 1, L_0x5dfd16f24000, L_0x5dfd16f241e0, C4<1>, C4<1>;
v0x5dfd16ed30c0_0 .net "L1_wr_a3", 0 0, L_0x5dfd16f24350;  1 drivers
L_0x70cdf5c70c38 .functor BUFT 1, C4<00000>, C4<0>, C4<0>, C4<0>;
v0x5dfd16ed3180_0 .net/2u *"_ivl_0", 4 0, L_0x70cdf5c70c38;  1 drivers
L_0x70cdf5c70cc8 .functor BUFT 1, C4<0011001>, C4<0>, C4<0>, C4<0>;
v0x5dfd16ed3260_0 .net/2u *"_ivl_10", 6 0, L_0x70cdf5c70cc8;  1 drivers
v0x5dfd16ed3320_0 .net *"_ivl_12", 0 0, L_0x5dfd16f241e0;  1 drivers
v0x5dfd16ed33e0_0 .net/2u *"_ivl_17", 31 0, L_0x70cdf5c70d10;  1 drivers
v0x5dfd16ed3510_0 .net *"_ivl_2", 0 0, L_0x5dfd16f23f10;  1 drivers
v0x5dfd16ed35d0_0 .net *"_ivl_20", 31 0, L_0x5dfd16f24460;  1 drivers
v0x5dfd16ed36b0_0 .net *"_ivl_5", 0 0, L_0x5dfd16f24000;  1 drivers
v0x5dfd16ed3770_0 .net *"_ivl_6", 6 0, L_0x5dfd16f240c0;  1 drivers
L_0x70cdf5c70c80 .functor BUFT 1, C4<00>, C4<0>, C4<0>, C4<0>;
v0x5dfd16ed38e0_0 .net *"_ivl_9", 1 0, L_0x70cdf5c70c80;  1 drivers
L_0x5dfd16f23f10 .cmp/ne 5, L_0x5dfd16f4b4e0, L_0x70cdf5c70c38;
L_0x5dfd16f240c0 .concat [ 5 2 0 0], L_0x5dfd16f4b4e0, L_0x70cdf5c70c80;
L_0x5dfd16f241e0 .cmp/eq 7, L_0x5dfd16f240c0, L_0x70cdf5c70cc8;
v0x5dfd16ee4590_25 .array/port v0x5dfd16ee4590, 25;
L_0x5dfd16f24460 .functor MUXZ 32, v0x5dfd16ee4590_25, L_0x5dfd16f4abf0, L_0x5dfd16f24350, C4<>;
S_0x5dfd16ed39c0 .scope generate, "L1_CPU_Xreg[26]" "L1_CPU_Xreg[26]" 4 282, 4 282 0, S_0x5dfd16eaa540;
 .timescale 0 0;
P_0x5dfd16ed3b70 .param/l "xreg" 0 4 282, +C4<011010>;
L_0x5dfd16f24890 .functor AND 1, L_0x5dfd16f4a830, L_0x5dfd16f247a0, C4<1>, C4<1>;
L_0x5dfd16f24be0 .functor AND 1, L_0x5dfd16f24890, L_0x5dfd16f24a70, C4<1>, C4<1>;
v0x5dfd16ed3c50_0 .net "L1_wr_a3", 0 0, L_0x5dfd16f24be0;  1 drivers
L_0x70cdf5c70d58 .functor BUFT 1, C4<00000>, C4<0>, C4<0>, C4<0>;
v0x5dfd16ed3d10_0 .net/2u *"_ivl_0", 4 0, L_0x70cdf5c70d58;  1 drivers
L_0x70cdf5c70de8 .functor BUFT 1, C4<0011010>, C4<0>, C4<0>, C4<0>;
v0x5dfd16ed3df0_0 .net/2u *"_ivl_10", 6 0, L_0x70cdf5c70de8;  1 drivers
v0x5dfd16ed3eb0_0 .net *"_ivl_12", 0 0, L_0x5dfd16f24a70;  1 drivers
v0x5dfd16ed3f70_0 .net/2u *"_ivl_17", 31 0, L_0x70cdf5c70e30;  1 drivers
v0x5dfd16ed40a0_0 .net *"_ivl_2", 0 0, L_0x5dfd16f247a0;  1 drivers
v0x5dfd16ed4160_0 .net *"_ivl_20", 31 0, L_0x5dfd16f24cf0;  1 drivers
v0x5dfd16ed4240_0 .net *"_ivl_5", 0 0, L_0x5dfd16f24890;  1 drivers
v0x5dfd16ed4300_0 .net *"_ivl_6", 6 0, L_0x5dfd16f24950;  1 drivers
L_0x70cdf5c70da0 .functor BUFT 1, C4<00>, C4<0>, C4<0>, C4<0>;
v0x5dfd16ed4470_0 .net *"_ivl_9", 1 0, L_0x70cdf5c70da0;  1 drivers
L_0x5dfd16f247a0 .cmp/ne 5, L_0x5dfd16f4b4e0, L_0x70cdf5c70d58;
L_0x5dfd16f24950 .concat [ 5 2 0 0], L_0x5dfd16f4b4e0, L_0x70cdf5c70da0;
L_0x5dfd16f24a70 .cmp/eq 7, L_0x5dfd16f24950, L_0x70cdf5c70de8;
v0x5dfd16ee4590_26 .array/port v0x5dfd16ee4590, 26;
L_0x5dfd16f24cf0 .functor MUXZ 32, v0x5dfd16ee4590_26, L_0x5dfd16f4abf0, L_0x5dfd16f24be0, C4<>;
S_0x5dfd16ed4550 .scope generate, "L1_CPU_Xreg[27]" "L1_CPU_Xreg[27]" 4 282, 4 282 0, S_0x5dfd16eaa540;
 .timescale 0 0;
P_0x5dfd16ed4700 .param/l "xreg" 0 4 282, +C4<011011>;
L_0x5dfd16f25040 .functor AND 1, L_0x5dfd16f4a830, L_0x5dfd16f24f50, C4<1>, C4<1>;
L_0x5dfd16f25390 .functor AND 1, L_0x5dfd16f25040, L_0x5dfd16f25220, C4<1>, C4<1>;
v0x5dfd16ed47e0_0 .net "L1_wr_a3", 0 0, L_0x5dfd16f25390;  1 drivers
L_0x70cdf5c70e78 .functor BUFT 1, C4<00000>, C4<0>, C4<0>, C4<0>;
v0x5dfd16ed48a0_0 .net/2u *"_ivl_0", 4 0, L_0x70cdf5c70e78;  1 drivers
L_0x70cdf5c70f08 .functor BUFT 1, C4<0011011>, C4<0>, C4<0>, C4<0>;
v0x5dfd16ed4980_0 .net/2u *"_ivl_10", 6 0, L_0x70cdf5c70f08;  1 drivers
v0x5dfd16ed4a40_0 .net *"_ivl_12", 0 0, L_0x5dfd16f25220;  1 drivers
v0x5dfd16ed4b00_0 .net/2u *"_ivl_17", 31 0, L_0x70cdf5c70f50;  1 drivers
v0x5dfd16ed4c30_0 .net *"_ivl_2", 0 0, L_0x5dfd16f24f50;  1 drivers
v0x5dfd16ed4cf0_0 .net *"_ivl_20", 31 0, L_0x5dfd16f254a0;  1 drivers
v0x5dfd16ed4dd0_0 .net *"_ivl_5", 0 0, L_0x5dfd16f25040;  1 drivers
v0x5dfd16ed4e90_0 .net *"_ivl_6", 6 0, L_0x5dfd16f25100;  1 drivers
L_0x70cdf5c70ec0 .functor BUFT 1, C4<00>, C4<0>, C4<0>, C4<0>;
v0x5dfd16ed5000_0 .net *"_ivl_9", 1 0, L_0x70cdf5c70ec0;  1 drivers
L_0x5dfd16f24f50 .cmp/ne 5, L_0x5dfd16f4b4e0, L_0x70cdf5c70e78;
L_0x5dfd16f25100 .concat [ 5 2 0 0], L_0x5dfd16f4b4e0, L_0x70cdf5c70ec0;
L_0x5dfd16f25220 .cmp/eq 7, L_0x5dfd16f25100, L_0x70cdf5c70f08;
v0x5dfd16ee4590_27 .array/port v0x5dfd16ee4590, 27;
L_0x5dfd16f254a0 .functor MUXZ 32, v0x5dfd16ee4590_27, L_0x5dfd16f4abf0, L_0x5dfd16f25390, C4<>;
S_0x5dfd16ed50e0 .scope generate, "L1_CPU_Xreg[28]" "L1_CPU_Xreg[28]" 4 282, 4 282 0, S_0x5dfd16eaa540;
 .timescale 0 0;
P_0x5dfd16ed5290 .param/l "xreg" 0 4 282, +C4<011100>;
L_0x5dfd16f258e0 .functor AND 1, L_0x5dfd16f4a830, L_0x5dfd16f257f0, C4<1>, C4<1>;
L_0x5dfd16f25c30 .functor AND 1, L_0x5dfd16f258e0, L_0x5dfd16f25ac0, C4<1>, C4<1>;
v0x5dfd16ed5370_0 .net "L1_wr_a3", 0 0, L_0x5dfd16f25c30;  1 drivers
L_0x70cdf5c70f98 .functor BUFT 1, C4<00000>, C4<0>, C4<0>, C4<0>;
v0x5dfd16ed5430_0 .net/2u *"_ivl_0", 4 0, L_0x70cdf5c70f98;  1 drivers
L_0x70cdf5c71028 .functor BUFT 1, C4<0011100>, C4<0>, C4<0>, C4<0>;
v0x5dfd16ed5510_0 .net/2u *"_ivl_10", 6 0, L_0x70cdf5c71028;  1 drivers
v0x5dfd16ed55d0_0 .net *"_ivl_12", 0 0, L_0x5dfd16f25ac0;  1 drivers
v0x5dfd16ed5690_0 .net/2u *"_ivl_17", 31 0, L_0x70cdf5c71070;  1 drivers
v0x5dfd16ed57c0_0 .net *"_ivl_2", 0 0, L_0x5dfd16f257f0;  1 drivers
v0x5dfd16ed5880_0 .net *"_ivl_20", 31 0, L_0x5dfd16f25d40;  1 drivers
v0x5dfd16ed5960_0 .net *"_ivl_5", 0 0, L_0x5dfd16f258e0;  1 drivers
v0x5dfd16ed5a20_0 .net *"_ivl_6", 6 0, L_0x5dfd16f259a0;  1 drivers
L_0x70cdf5c70fe0 .functor BUFT 1, C4<00>, C4<0>, C4<0>, C4<0>;
v0x5dfd16ed5b90_0 .net *"_ivl_9", 1 0, L_0x70cdf5c70fe0;  1 drivers
L_0x5dfd16f257f0 .cmp/ne 5, L_0x5dfd16f4b4e0, L_0x70cdf5c70f98;
L_0x5dfd16f259a0 .concat [ 5 2 0 0], L_0x5dfd16f4b4e0, L_0x70cdf5c70fe0;
L_0x5dfd16f25ac0 .cmp/eq 7, L_0x5dfd16f259a0, L_0x70cdf5c71028;
v0x5dfd16ee4590_28 .array/port v0x5dfd16ee4590, 28;
L_0x5dfd16f25d40 .functor MUXZ 32, v0x5dfd16ee4590_28, L_0x5dfd16f4abf0, L_0x5dfd16f25c30, C4<>;
S_0x5dfd16ed5c70 .scope generate, "L1_CPU_Xreg[29]" "L1_CPU_Xreg[29]" 4 282, 4 282 0, S_0x5dfd16eaa540;
 .timescale 0 0;
P_0x5dfd16ed5e20 .param/l "xreg" 0 4 282, +C4<011101>;
L_0x5dfd16f26090 .functor AND 1, L_0x5dfd16f4a830, L_0x5dfd16f25fa0, C4<1>, C4<1>;
L_0x5dfd16f263e0 .functor AND 1, L_0x5dfd16f26090, L_0x5dfd16f26270, C4<1>, C4<1>;
v0x5dfd16ed5f00_0 .net "L1_wr_a3", 0 0, L_0x5dfd16f263e0;  1 drivers
L_0x70cdf5c710b8 .functor BUFT 1, C4<00000>, C4<0>, C4<0>, C4<0>;
v0x5dfd16ed5fc0_0 .net/2u *"_ivl_0", 4 0, L_0x70cdf5c710b8;  1 drivers
L_0x70cdf5c71148 .functor BUFT 1, C4<0011101>, C4<0>, C4<0>, C4<0>;
v0x5dfd16ed60a0_0 .net/2u *"_ivl_10", 6 0, L_0x70cdf5c71148;  1 drivers
v0x5dfd16ed6160_0 .net *"_ivl_12", 0 0, L_0x5dfd16f26270;  1 drivers
v0x5dfd16ed6220_0 .net/2u *"_ivl_17", 31 0, L_0x70cdf5c71190;  1 drivers
v0x5dfd16ed6350_0 .net *"_ivl_2", 0 0, L_0x5dfd16f25fa0;  1 drivers
v0x5dfd16ed6410_0 .net *"_ivl_20", 31 0, L_0x5dfd16f264f0;  1 drivers
v0x5dfd16ed64f0_0 .net *"_ivl_5", 0 0, L_0x5dfd16f26090;  1 drivers
v0x5dfd16ed65b0_0 .net *"_ivl_6", 6 0, L_0x5dfd16f26150;  1 drivers
L_0x70cdf5c71100 .functor BUFT 1, C4<00>, C4<0>, C4<0>, C4<0>;
v0x5dfd16ed6720_0 .net *"_ivl_9", 1 0, L_0x70cdf5c71100;  1 drivers
L_0x5dfd16f25fa0 .cmp/ne 5, L_0x5dfd16f4b4e0, L_0x70cdf5c710b8;
L_0x5dfd16f26150 .concat [ 5 2 0 0], L_0x5dfd16f4b4e0, L_0x70cdf5c71100;
L_0x5dfd16f26270 .cmp/eq 7, L_0x5dfd16f26150, L_0x70cdf5c71148;
v0x5dfd16ee4590_29 .array/port v0x5dfd16ee4590, 29;
L_0x5dfd16f264f0 .functor MUXZ 32, v0x5dfd16ee4590_29, L_0x5dfd16f4abf0, L_0x5dfd16f263e0, C4<>;
S_0x5dfd16ed6800 .scope generate, "L1_CPU_Xreg[30]" "L1_CPU_Xreg[30]" 4 282, 4 282 0, S_0x5dfd16eaa540;
 .timescale 0 0;
P_0x5dfd16ed69b0 .param/l "xreg" 0 4 282, +C4<011110>;
L_0x5dfd16f26940 .functor AND 1, L_0x5dfd16f4a830, L_0x5dfd16f26850, C4<1>, C4<1>;
L_0x5dfd16f26c90 .functor AND 1, L_0x5dfd16f26940, L_0x5dfd16f26b20, C4<1>, C4<1>;
v0x5dfd16ed6a90_0 .net "L1_wr_a3", 0 0, L_0x5dfd16f26c90;  1 drivers
L_0x70cdf5c711d8 .functor BUFT 1, C4<00000>, C4<0>, C4<0>, C4<0>;
v0x5dfd16ed6b50_0 .net/2u *"_ivl_0", 4 0, L_0x70cdf5c711d8;  1 drivers
L_0x70cdf5c71268 .functor BUFT 1, C4<0011110>, C4<0>, C4<0>, C4<0>;
v0x5dfd16ed6c30_0 .net/2u *"_ivl_10", 6 0, L_0x70cdf5c71268;  1 drivers
v0x5dfd16ed6cf0_0 .net *"_ivl_12", 0 0, L_0x5dfd16f26b20;  1 drivers
v0x5dfd16ed6db0_0 .net/2u *"_ivl_17", 31 0, L_0x70cdf5c712b0;  1 drivers
v0x5dfd16ed6ee0_0 .net *"_ivl_2", 0 0, L_0x5dfd16f26850;  1 drivers
v0x5dfd16ed6fa0_0 .net *"_ivl_20", 31 0, L_0x5dfd16f26da0;  1 drivers
v0x5dfd16ed7080_0 .net *"_ivl_5", 0 0, L_0x5dfd16f26940;  1 drivers
v0x5dfd16ed7140_0 .net *"_ivl_6", 6 0, L_0x5dfd16f26a00;  1 drivers
L_0x70cdf5c71220 .functor BUFT 1, C4<00>, C4<0>, C4<0>, C4<0>;
v0x5dfd16ed72b0_0 .net *"_ivl_9", 1 0, L_0x70cdf5c71220;  1 drivers
L_0x5dfd16f26850 .cmp/ne 5, L_0x5dfd16f4b4e0, L_0x70cdf5c711d8;
L_0x5dfd16f26a00 .concat [ 5 2 0 0], L_0x5dfd16f4b4e0, L_0x70cdf5c71220;
L_0x5dfd16f26b20 .cmp/eq 7, L_0x5dfd16f26a00, L_0x70cdf5c71268;
v0x5dfd16ee4590_30 .array/port v0x5dfd16ee4590, 30;
L_0x5dfd16f26da0 .functor MUXZ 32, v0x5dfd16ee4590_30, L_0x5dfd16f4abf0, L_0x5dfd16f26c90, C4<>;
S_0x5dfd16ed7390 .scope generate, "L1_CPU_Xreg[31]" "L1_CPU_Xreg[31]" 4 282, 4 282 0, S_0x5dfd16eaa540;
 .timescale 0 0;
P_0x5dfd16ed7540 .param/l "xreg" 0 4 282, +C4<011111>;
L_0x5dfd16f270f0 .functor AND 1, L_0x5dfd16f4a830, L_0x5dfd16f27000, C4<1>, C4<1>;
L_0x5dfd16f27ec0 .functor AND 1, L_0x5dfd16f270f0, L_0x5dfd16f27d80, C4<1>, C4<1>;
v0x5dfd16ed7620_0 .net "L1_wr_a3", 0 0, L_0x5dfd16f27ec0;  1 drivers
L_0x70cdf5c712f8 .functor BUFT 1, C4<00000>, C4<0>, C4<0>, C4<0>;
v0x5dfd16ed76e0_0 .net/2u *"_ivl_0", 4 0, L_0x70cdf5c712f8;  1 drivers
L_0x70cdf5c71388 .functor BUFT 1, C4<0011111>, C4<0>, C4<0>, C4<0>;
v0x5dfd16ed77c0_0 .net/2u *"_ivl_10", 6 0, L_0x70cdf5c71388;  1 drivers
v0x5dfd16ed7880_0 .net *"_ivl_12", 0 0, L_0x5dfd16f27d80;  1 drivers
v0x5dfd16ed7940_0 .net/2u *"_ivl_17", 31 0, L_0x70cdf5c713d0;  1 drivers
v0x5dfd16ed7a70_0 .net *"_ivl_2", 0 0, L_0x5dfd16f27000;  1 drivers
v0x5dfd16ed7b30_0 .net *"_ivl_20", 31 0, L_0x5dfd16f27fd0;  1 drivers
v0x5dfd16ed7c10_0 .net *"_ivl_5", 0 0, L_0x5dfd16f270f0;  1 drivers
v0x5dfd16ed7cd0_0 .net *"_ivl_6", 6 0, L_0x5dfd16ee43e0;  1 drivers
L_0x70cdf5c71340 .functor BUFT 1, C4<00>, C4<0>, C4<0>, C4<0>;
v0x5dfd16ed7e40_0 .net *"_ivl_9", 1 0, L_0x70cdf5c71340;  1 drivers
L_0x5dfd16f27000 .cmp/ne 5, L_0x5dfd16f4b4e0, L_0x70cdf5c712f8;
L_0x5dfd16ee43e0 .concat [ 5 2 0 0], L_0x5dfd16f4b4e0, L_0x70cdf5c71340;
L_0x5dfd16f27d80 .cmp/eq 7, L_0x5dfd16ee43e0, L_0x70cdf5c71388;
v0x5dfd16ee4590_31 .array/port v0x5dfd16ee4590, 31;
L_0x5dfd16f27fd0 .functor MUXZ 32, v0x5dfd16ee4590_31, L_0x5dfd16f4abf0, L_0x5dfd16f27ec0, C4<>;
S_0x5dfd16ed7f20 .scope generate, "L1gen_CPU_Dmem[0]" "L1gen_CPU_Dmem[0]" 5 684, 5 684 0, S_0x5dfd16eaa540;
 .timescale 0 0;
P_0x5dfd16ed80d0 .param/l "dmem" 0 5 684, +C4<00>;
E_0x5dfd16db0fe0 .event posedge, v0x5dfd16ee0820_0;
S_0x5dfd16ed81d0 .scope generate, "L1gen_CPU_Dmem[1]" "L1gen_CPU_Dmem[1]" 5 684, 5 684 0, S_0x5dfd16eaa540;
 .timescale 0 0;
P_0x5dfd16ed83d0 .param/l "dmem" 0 5 684, +C4<01>;
S_0x5dfd16ed84b0 .scope generate, "L1gen_CPU_Dmem[2]" "L1gen_CPU_Dmem[2]" 5 684, 5 684 0, S_0x5dfd16eaa540;
 .timescale 0 0;
P_0x5dfd16ed8690 .param/l "dmem" 0 5 684, +C4<010>;
S_0x5dfd16ed8770 .scope generate, "L1gen_CPU_Dmem[3]" "L1gen_CPU_Dmem[3]" 5 684, 5 684 0, S_0x5dfd16eaa540;
 .timescale 0 0;
P_0x5dfd16ed8d60 .param/l "dmem" 0 5 684, +C4<011>;
S_0x5dfd16ed8e00 .scope generate, "L1gen_CPU_Dmem[4]" "L1gen_CPU_Dmem[4]" 5 684, 5 684 0, S_0x5dfd16eaa540;
 .timescale 0 0;
P_0x5dfd16ed8fe0 .param/l "dmem" 0 5 684, +C4<0100>;
S_0x5dfd16ed9080 .scope generate, "L1gen_CPU_Dmem[5]" "L1gen_CPU_Dmem[5]" 5 684, 5 684 0, S_0x5dfd16eaa540;
 .timescale 0 0;
P_0x5dfd16ed9260 .param/l "dmem" 0 5 684, +C4<0101>;
S_0x5dfd16ed9300 .scope generate, "L1gen_CPU_Dmem[6]" "L1gen_CPU_Dmem[6]" 5 684, 5 684 0, S_0x5dfd16eaa540;
 .timescale 0 0;
P_0x5dfd16ed94e0 .param/l "dmem" 0 5 684, +C4<0110>;
S_0x5dfd16ed9580 .scope generate, "L1gen_CPU_Dmem[7]" "L1gen_CPU_Dmem[7]" 5 684, 5 684 0, S_0x5dfd16eaa540;
 .timescale 0 0;
P_0x5dfd16ed9760 .param/l "dmem" 0 5 684, +C4<0111>;
S_0x5dfd16ed9800 .scope generate, "L1gen_CPU_Dmem[8]" "L1gen_CPU_Dmem[8]" 5 684, 5 684 0, S_0x5dfd16eaa540;
 .timescale 0 0;
P_0x5dfd16ed99e0 .param/l "dmem" 0 5 684, +C4<01000>;
S_0x5dfd16ed9a80 .scope generate, "L1gen_CPU_Dmem[9]" "L1gen_CPU_Dmem[9]" 5 684, 5 684 0, S_0x5dfd16eaa540;
 .timescale 0 0;
P_0x5dfd16ed9c60 .param/l "dmem" 0 5 684, +C4<01001>;
S_0x5dfd16ed9d20 .scope generate, "L1gen_CPU_Dmem[10]" "L1gen_CPU_Dmem[10]" 5 684, 5 684 0, S_0x5dfd16eaa540;
 .timescale 0 0;
P_0x5dfd16ed9f20 .param/l "dmem" 0 5 684, +C4<01010>;
S_0x5dfd16eda000 .scope generate, "L1gen_CPU_Dmem[11]" "L1gen_CPU_Dmem[11]" 5 684, 5 684 0, S_0x5dfd16eaa540;
 .timescale 0 0;
P_0x5dfd16eda1e0 .param/l "dmem" 0 5 684, +C4<01011>;
S_0x5dfd16eda2c0 .scope generate, "L1gen_CPU_Dmem[12]" "L1gen_CPU_Dmem[12]" 5 684, 5 684 0, S_0x5dfd16eaa540;
 .timescale 0 0;
P_0x5dfd16eda4a0 .param/l "dmem" 0 5 684, +C4<01100>;
S_0x5dfd16eda580 .scope generate, "L1gen_CPU_Dmem[13]" "L1gen_CPU_Dmem[13]" 5 684, 5 684 0, S_0x5dfd16eaa540;
 .timescale 0 0;
P_0x5dfd16eda760 .param/l "dmem" 0 5 684, +C4<01101>;
S_0x5dfd16eda840 .scope generate, "L1gen_CPU_Dmem[14]" "L1gen_CPU_Dmem[14]" 5 684, 5 684 0, S_0x5dfd16eaa540;
 .timescale 0 0;
P_0x5dfd16edaa20 .param/l "dmem" 0 5 684, +C4<01110>;
S_0x5dfd16edab00 .scope generate, "L1gen_CPU_Dmem[15]" "L1gen_CPU_Dmem[15]" 5 684, 5 684 0, S_0x5dfd16eaa540;
 .timescale 0 0;
P_0x5dfd16edace0 .param/l "dmem" 0 5 684, +C4<01111>;
S_0x5dfd16edadc0 .scope generate, "L1gen_CPU_Xreg[0]" "L1gen_CPU_Xreg[0]" 5 693, 5 693 0, S_0x5dfd16eaa540;
 .timescale 0 0;
P_0x5dfd16edafa0 .param/l "xreg" 0 5 693, +C4<00>;
S_0x5dfd16edb080 .scope generate, "L1gen_CPU_Xreg[1]" "L1gen_CPU_Xreg[1]" 5 693, 5 693 0, S_0x5dfd16eaa540;
 .timescale 0 0;
P_0x5dfd16edb260 .param/l "xreg" 0 5 693, +C4<01>;
S_0x5dfd16edb340 .scope generate, "L1gen_CPU_Xreg[2]" "L1gen_CPU_Xreg[2]" 5 693, 5 693 0, S_0x5dfd16eaa540;
 .timescale 0 0;
P_0x5dfd16edb520 .param/l "xreg" 0 5 693, +C4<010>;
S_0x5dfd16edb600 .scope generate, "L1gen_CPU_Xreg[3]" "L1gen_CPU_Xreg[3]" 5 693, 5 693 0, S_0x5dfd16eaa540;
 .timescale 0 0;
P_0x5dfd16edb7e0 .param/l "xreg" 0 5 693, +C4<011>;
S_0x5dfd16edb8c0 .scope generate, "L1gen_CPU_Xreg[4]" "L1gen_CPU_Xreg[4]" 5 693, 5 693 0, S_0x5dfd16eaa540;
 .timescale 0 0;
P_0x5dfd16edbaa0 .param/l "xreg" 0 5 693, +C4<0100>;
S_0x5dfd16edbb80 .scope generate, "L1gen_CPU_Xreg[5]" "L1gen_CPU_Xreg[5]" 5 693, 5 693 0, S_0x5dfd16eaa540;
 .timescale 0 0;
P_0x5dfd16edbd60 .param/l "xreg" 0 5 693, +C4<0101>;
S_0x5dfd16edbe40 .scope generate, "L1gen_CPU_Xreg[6]" "L1gen_CPU_Xreg[6]" 5 693, 5 693 0, S_0x5dfd16eaa540;
 .timescale 0 0;
P_0x5dfd16edc020 .param/l "xreg" 0 5 693, +C4<0110>;
S_0x5dfd16edc100 .scope generate, "L1gen_CPU_Xreg[7]" "L1gen_CPU_Xreg[7]" 5 693, 5 693 0, S_0x5dfd16eaa540;
 .timescale 0 0;
P_0x5dfd16edc2e0 .param/l "xreg" 0 5 693, +C4<0111>;
S_0x5dfd16edc3c0 .scope generate, "L1gen_CPU_Xreg[8]" "L1gen_CPU_Xreg[8]" 5 693, 5 693 0, S_0x5dfd16eaa540;
 .timescale 0 0;
P_0x5dfd16edc5a0 .param/l "xreg" 0 5 693, +C4<01000>;
S_0x5dfd16edc680 .scope generate, "L1gen_CPU_Xreg[9]" "L1gen_CPU_Xreg[9]" 5 693, 5 693 0, S_0x5dfd16eaa540;
 .timescale 0 0;
P_0x5dfd16edc860 .param/l "xreg" 0 5 693, +C4<01001>;
S_0x5dfd16edc940 .scope generate, "L1gen_CPU_Xreg[10]" "L1gen_CPU_Xreg[10]" 5 693, 5 693 0, S_0x5dfd16eaa540;
 .timescale 0 0;
P_0x5dfd16edcb20 .param/l "xreg" 0 5 693, +C4<01010>;
S_0x5dfd16edcc00 .scope generate, "L1gen_CPU_Xreg[11]" "L1gen_CPU_Xreg[11]" 5 693, 5 693 0, S_0x5dfd16eaa540;
 .timescale 0 0;
P_0x5dfd16edcde0 .param/l "xreg" 0 5 693, +C4<01011>;
S_0x5dfd16edcec0 .scope generate, "L1gen_CPU_Xreg[12]" "L1gen_CPU_Xreg[12]" 5 693, 5 693 0, S_0x5dfd16eaa540;
 .timescale 0 0;
P_0x5dfd16edd0a0 .param/l "xreg" 0 5 693, +C4<01100>;
S_0x5dfd16edd180 .scope generate, "L1gen_CPU_Xreg[13]" "L1gen_CPU_Xreg[13]" 5 693, 5 693 0, S_0x5dfd16eaa540;
 .timescale 0 0;
P_0x5dfd16edd360 .param/l "xreg" 0 5 693, +C4<01101>;
S_0x5dfd16edd440 .scope generate, "L1gen_CPU_Xreg[14]" "L1gen_CPU_Xreg[14]" 5 693, 5 693 0, S_0x5dfd16eaa540;
 .timescale 0 0;
P_0x5dfd16edd620 .param/l "xreg" 0 5 693, +C4<01110>;
S_0x5dfd16edd700 .scope generate, "L1gen_CPU_Xreg[15]" "L1gen_CPU_Xreg[15]" 5 693, 5 693 0, S_0x5dfd16eaa540;
 .timescale 0 0;
P_0x5dfd16edd8e0 .param/l "xreg" 0 5 693, +C4<01111>;
S_0x5dfd16edd9c0 .scope generate, "L1gen_CPU_Xreg[16]" "L1gen_CPU_Xreg[16]" 5 693, 5 693 0, S_0x5dfd16eaa540;
 .timescale 0 0;
P_0x5dfd16eddba0 .param/l "xreg" 0 5 693, +C4<010000>;
S_0x5dfd16eddc80 .scope generate, "L1gen_CPU_Xreg[17]" "L1gen_CPU_Xreg[17]" 5 693, 5 693 0, S_0x5dfd16eaa540;
 .timescale 0 0;
P_0x5dfd16edde60 .param/l "xreg" 0 5 693, +C4<010001>;
S_0x5dfd16eddf40 .scope generate, "L1gen_CPU_Xreg[18]" "L1gen_CPU_Xreg[18]" 5 693, 5 693 0, S_0x5dfd16eaa540;
 .timescale 0 0;
P_0x5dfd16ede120 .param/l "xreg" 0 5 693, +C4<010010>;
S_0x5dfd16ede200 .scope generate, "L1gen_CPU_Xreg[19]" "L1gen_CPU_Xreg[19]" 5 693, 5 693 0, S_0x5dfd16eaa540;
 .timescale 0 0;
P_0x5dfd16ede3e0 .param/l "xreg" 0 5 693, +C4<010011>;
S_0x5dfd16ede4c0 .scope generate, "L1gen_CPU_Xreg[20]" "L1gen_CPU_Xreg[20]" 5 693, 5 693 0, S_0x5dfd16eaa540;
 .timescale 0 0;
P_0x5dfd16ede6a0 .param/l "xreg" 0 5 693, +C4<010100>;
S_0x5dfd16ede780 .scope generate, "L1gen_CPU_Xreg[21]" "L1gen_CPU_Xreg[21]" 5 693, 5 693 0, S_0x5dfd16eaa540;
 .timescale 0 0;
P_0x5dfd16ede960 .param/l "xreg" 0 5 693, +C4<010101>;
S_0x5dfd16edea40 .scope generate, "L1gen_CPU_Xreg[22]" "L1gen_CPU_Xreg[22]" 5 693, 5 693 0, S_0x5dfd16eaa540;
 .timescale 0 0;
P_0x5dfd16edec20 .param/l "xreg" 0 5 693, +C4<010110>;
S_0x5dfd16eded00 .scope generate, "L1gen_CPU_Xreg[23]" "L1gen_CPU_Xreg[23]" 5 693, 5 693 0, S_0x5dfd16eaa540;
 .timescale 0 0;
P_0x5dfd16edeee0 .param/l "xreg" 0 5 693, +C4<010111>;
S_0x5dfd16edefc0 .scope generate, "L1gen_CPU_Xreg[24]" "L1gen_CPU_Xreg[24]" 5 693, 5 693 0, S_0x5dfd16eaa540;
 .timescale 0 0;
P_0x5dfd16edf1a0 .param/l "xreg" 0 5 693, +C4<011000>;
S_0x5dfd16edf280 .scope generate, "L1gen_CPU_Xreg[25]" "L1gen_CPU_Xreg[25]" 5 693, 5 693 0, S_0x5dfd16eaa540;
 .timescale 0 0;
P_0x5dfd16edf460 .param/l "xreg" 0 5 693, +C4<011001>;
S_0x5dfd16edf540 .scope generate, "L1gen_CPU_Xreg[26]" "L1gen_CPU_Xreg[26]" 5 693, 5 693 0, S_0x5dfd16eaa540;
 .timescale 0 0;
P_0x5dfd16edf720 .param/l "xreg" 0 5 693, +C4<011010>;
S_0x5dfd16edf800 .scope generate, "L1gen_CPU_Xreg[27]" "L1gen_CPU_Xreg[27]" 5 693, 5 693 0, S_0x5dfd16eaa540;
 .timescale 0 0;
P_0x5dfd16edf9e0 .param/l "xreg" 0 5 693, +C4<011011>;
S_0x5dfd16edfac0 .scope generate, "L1gen_CPU_Xreg[28]" "L1gen_CPU_Xreg[28]" 5 693, 5 693 0, S_0x5dfd16eaa540;
 .timescale 0 0;
P_0x5dfd16edfca0 .param/l "xreg" 0 5 693, +C4<011100>;
S_0x5dfd16edfd80 .scope generate, "L1gen_CPU_Xreg[29]" "L1gen_CPU_Xreg[29]" 5 693, 5 693 0, S_0x5dfd16eaa540;
 .timescale 0 0;
P_0x5dfd16edff60 .param/l "xreg" 0 5 693, +C4<011101>;
S_0x5dfd16ee0040 .scope generate, "L1gen_CPU_Xreg[30]" "L1gen_CPU_Xreg[30]" 5 693, 5 693 0, S_0x5dfd16eaa540;
 .timescale 0 0;
P_0x5dfd16ee0220 .param/l "xreg" 0 5 693, +C4<011110>;
S_0x5dfd16ee0300 .scope generate, "L1gen_CPU_Xreg[31]" "L1gen_CPU_Xreg[31]" 5 693, 5 693 0, S_0x5dfd16eaa540;
 .timescale 0 0;
P_0x5dfd16ee04e0 .param/l "xreg" 0 5 693, +C4<011111>;
S_0x5dfd16ee05c0 .scope module, "gen_clkP_CPU_dmem_rd_en_a5" "clk_gate" 5 713, 6 33 0, S_0x5dfd16eaa540;
 .timescale -9 -12;
    .port_info 0 /OUTPUT 1 "gated_clk";
    .port_info 1 /INPUT 1 "free_clk";
    .port_info 2 /INPUT 1 "func_en";
    .port_info 3 /INPUT 1 "pwr_en";
    .port_info 4 /INPUT 1 "gating_override";
L_0x5dfd16f2ef00 .functor BUFZ 1, L_0x5dfd16f2ee90, C4<0>, C4<0>, C4<0>;
v0x5dfd16ee0820_0 .net "free_clk", 0 0, L_0x5dfd16f2ee90;  alias, 1 drivers
L_0x70cdf5c72198 .functor BUFT 1, C4<1>, C4<0>, C4<0>, C4<0>;
v0x5dfd16ee08e0_0 .net "func_en", 0 0, L_0x70cdf5c72198;  1 drivers
v0x5dfd16ee09a0_0 .net "gated_clk", 0 0, L_0x5dfd16f2ef00;  alias, 1 drivers
L_0x70cdf5c721e0 .functor BUFT 1, C4<0>, C4<0>, C4<0>, C4<0>;
v0x5dfd16ee0a40_0 .net "gating_override", 0 0, L_0x70cdf5c721e0;  1 drivers
v0x5dfd16ee0b00_0 .net "pwr_en", 0 0, L_0x5dfd16f4ced0;  alias, 1 drivers
S_0x5dfd16ee0cb0 .scope module, "gen_clkP_CPU_rd_valid_a2" "clk_gate" 5 714, 6 33 0, S_0x5dfd16eaa540;
 .timescale -9 -12;
    .port_info 0 /OUTPUT 1 "gated_clk";
    .port_info 1 /INPUT 1 "free_clk";
    .port_info 2 /INPUT 1 "func_en";
    .port_info 3 /INPUT 1 "pwr_en";
    .port_info 4 /INPUT 1 "gating_override";
L_0x5dfd16f2efc0 .functor BUFZ 1, L_0x5dfd16f2ee90, C4<0>, C4<0>, C4<0>;
v0x5dfd16ee0f10_0 .net "free_clk", 0 0, L_0x5dfd16f2ee90;  alias, 1 drivers
L_0x70cdf5c72228 .functor BUFT 1, C4<1>, C4<0>, C4<0>, C4<0>;
v0x5dfd16ee0fd0_0 .net "func_en", 0 0, L_0x70cdf5c72228;  1 drivers
v0x5dfd16ee1070_0 .net "gated_clk", 0 0, L_0x5dfd16f2efc0;  alias, 1 drivers
L_0x70cdf5c72270 .functor BUFT 1, C4<0>, C4<0>, C4<0>, C4<0>;
v0x5dfd16ee1110_0 .net "gating_override", 0 0, L_0x70cdf5c72270;  1 drivers
v0x5dfd16ee11d0_0 .net "pwr_en", 0 0, L_0x5dfd16f3aec0;  alias, 1 drivers
S_0x5dfd16ee1380 .scope module, "gen_clkP_CPU_rd_valid_a3" "clk_gate" 5 715, 6 33 0, S_0x5dfd16eaa540;
 .timescale -9 -12;
    .port_info 0 /OUTPUT 1 "gated_clk";
    .port_info 1 /INPUT 1 "free_clk";
    .port_info 2 /INPUT 1 "func_en";
    .port_info 3 /INPUT 1 "pwr_en";
    .port_info 4 /INPUT 1 "gating_override";
L_0x5dfd16f2f080 .functor BUFZ 1, L_0x5dfd16f2ee90, C4<0>, C4<0>, C4<0>;
v0x5dfd16ee15e0_0 .net "free_clk", 0 0, L_0x5dfd16f2ee90;  alias, 1 drivers
L_0x70cdf5c722b8 .functor BUFT 1, C4<1>, C4<0>, C4<0>, C4<0>;
v0x5dfd16ee16f0_0 .net "func_en", 0 0, L_0x70cdf5c722b8;  1 drivers
v0x5dfd16ee17b0_0 .net "gated_clk", 0 0, L_0x5dfd16f2f080;  alias, 1 drivers
L_0x70cdf5c72300 .functor BUFT 1, C4<0>, C4<0>, C4<0>, C4<0>;
v0x5dfd16ee1850_0 .net "gating_override", 0 0, L_0x70cdf5c72300;  1 drivers
v0x5dfd16ee1910_0 .net "pwr_en", 0 0, v0x5dfd16eed8b0_0;  1 drivers
S_0x5dfd16ee1ac0 .scope module, "gen_clkP_CPU_rd_valid_a4" "clk_gate" 5 716, 6 33 0, S_0x5dfd16eaa540;
 .timescale -9 -12;
    .port_info 0 /OUTPUT 1 "gated_clk";
    .port_info 1 /INPUT 1 "free_clk";
    .port_info 2 /INPUT 1 "func_en";
    .port_info 3 /INPUT 1 "pwr_en";
    .port_info 4 /INPUT 1 "gating_override";
L_0x5dfd16f2f170 .functor BUFZ 1, L_0x5dfd16f2ee90, C4<0>, C4<0>, C4<0>;
v0x5dfd16ee1d20_0 .net "free_clk", 0 0, L_0x5dfd16f2ee90;  alias, 1 drivers
L_0x70cdf5c72348 .functor BUFT 1, C4<1>, C4<0>, C4<0>, C4<0>;
v0x5dfd16ee1de0_0 .net "func_en", 0 0, L_0x70cdf5c72348;  1 drivers
v0x5dfd16ee1ea0_0 .net "gated_clk", 0 0, L_0x5dfd16f2f170;  alias, 1 drivers
L_0x70cdf5c72390 .functor BUFT 1, C4<0>, C4<0>, C4<0>, C4<0>;
v0x5dfd16ee1f40_0 .net "gating_override", 0 0, L_0x70cdf5c72390;  1 drivers
v0x5dfd16ee2000_0 .net "pwr_en", 0 0, v0x5dfd16eed950_0;  1 drivers
S_0x5dfd16ee21b0 .scope module, "gen_clkP_CPU_rd_valid_a5" "clk_gate" 5 717, 6 33 0, S_0x5dfd16eaa540;
 .timescale -9 -12;
    .port_info 0 /OUTPUT 1 "gated_clk";
    .port_info 1 /INPUT 1 "free_clk";
    .port_info 2 /INPUT 1 "func_en";
    .port_info 3 /INPUT 1 "pwr_en";
    .port_info 4 /INPUT 1 "gating_override";
L_0x5dfd16f2f260 .functor BUFZ 1, L_0x5dfd16f2ee90, C4<0>, C4<0>, C4<0>;
v0x5dfd16ee2410_0 .net "free_clk", 0 0, L_0x5dfd16f2ee90;  alias, 1 drivers
L_0x70cdf5c723d8 .functor BUFT 1, C4<1>, C4<0>, C4<0>, C4<0>;
v0x5dfd16ee2560_0 .net "func_en", 0 0, L_0x70cdf5c723d8;  1 drivers
v0x5dfd16ee2620_0 .net "gated_clk", 0 0, L_0x5dfd16f2f260;  alias, 1 drivers
L_0x70cdf5c72420 .functor BUFT 1, C4<0>, C4<0>, C4<0>, C4<0>;
v0x5dfd16ee26c0_0 .net "gating_override", 0 0, L_0x70cdf5c72420;  1 drivers
v0x5dfd16ee2780_0 .net "pwr_en", 0 0, v0x5dfd16eed9f0_0;  1 drivers
S_0x5dfd16ee28e0 .scope module, "gen_clkP_CPU_rs1_valid_a2" "clk_gate" 5 718, 6 33 0, S_0x5dfd16eaa540;
 .timescale -9 -12;
    .port_info 0 /OUTPUT 1 "gated_clk";
    .port_info 1 /INPUT 1 "free_clk";
    .port_info 2 /INPUT 1 "func_en";
    .port_info 3 /INPUT 1 "pwr_en";
    .port_info 4 /INPUT 1 "gating_override";
L_0x5dfd16f2f350 .functor BUFZ 1, L_0x5dfd16f2ee90, C4<0>, C4<0>, C4<0>;
v0x5dfd16ee2b40_0 .net "free_clk", 0 0, L_0x5dfd16f2ee90;  alias, 1 drivers
L_0x70cdf5c72468 .functor BUFT 1, C4<1>, C4<0>, C4<0>, C4<0>;
v0x5dfd16ee2c00_0 .net "func_en", 0 0, L_0x70cdf5c72468;  1 drivers
v0x5dfd16ee2cc0_0 .net "gated_clk", 0 0, L_0x5dfd16f2f350;  alias, 1 drivers
L_0x70cdf5c724b0 .functor BUFT 1, C4<0>, C4<0>, C4<0>, C4<0>;
v0x5dfd16ee2d60_0 .net "gating_override", 0 0, L_0x70cdf5c724b0;  1 drivers
v0x5dfd16ee2e20_0 .net "pwr_en", 0 0, L_0x5dfd16f3ac70;  alias, 1 drivers
S_0x5dfd16ee2fd0 .scope module, "gen_clkP_CPU_rs2_valid_a2" "clk_gate" 5 719, 6 33 0, S_0x5dfd16eaa540;
 .timescale -9 -12;
    .port_info 0 /OUTPUT 1 "gated_clk";
    .port_info 1 /INPUT 1 "free_clk";
    .port_info 2 /INPUT 1 "func_en";
    .port_info 3 /INPUT 1 "pwr_en";
    .port_info 4 /INPUT 1 "gating_override";
L_0x5dfd16f2f440 .functor BUFZ 1, L_0x5dfd16f2ee90, C4<0>, C4<0>, C4<0>;
v0x5dfd16ee3230_0 .net "free_clk", 0 0, L_0x5dfd16f2ee90;  alias, 1 drivers
L_0x70cdf5c724f8 .functor BUFT 1, C4<1>, C4<0>, C4<0>, C4<0>;
v0x5dfd16ee32f0_0 .net "func_en", 0 0, L_0x70cdf5c724f8;  1 drivers
v0x5dfd16ee33b0_0 .net "gated_clk", 0 0, L_0x5dfd16f2f440;  alias, 1 drivers
L_0x70cdf5c72540 .functor BUFT 1, C4<0>, C4<0>, C4<0>, C4<0>;
v0x5dfd16ee3450_0 .net "gating_override", 0 0, L_0x70cdf5c72540;  1 drivers
v0x5dfd16ee3510_0 .net "pwr_en", 0 0, L_0x5dfd16f3a950;  alias, 1 drivers
S_0x5dfd16f04700 .scope module, "dac" "avsddac" 3 32, 7 1 0, S_0x5dfd16eab300;
 .timescale 0 0;
    .port_info 0 /OUTPUT 1 "OUT";
    .port_info 1 /INPUT 10 "D";
    .port_info 2 /INPUT 1 "VREFH";
    .port_info 3 /INPUT 1 "VREFL";
v0x5dfd16f048f0_0 .net "D", 9 0, v0x5dfd16eefa30_0;  alias, 1 drivers
v0x5dfd16f04a00_0 .net "Dext", 10 0, L_0x5dfd16f4f8e0;  1 drivers
L_0x70cdf5c74670 .functor BUFT 1, C4<1>, C4<0>, C4<0>, C4<0>;
v0x5dfd16f04ac0_0 .net "EN", 0 0, L_0x70cdf5c74670;  1 drivers
v0x5dfd16f04b90_0 .var/real "NaN", 0 0;
v0x5dfd16f04c50_0 .var/real "OUT", 0 0;
v0x5dfd16f04d60_0 .net/real "VREFH", 0 0, L_0x5dfd16f4fa70;  1 drivers
o0x70cdf5cc5d88 .functor BUFZ 1, Cr<m0gfc1>; HiZ drive
v0x5dfd16f04e20_0 .net/real "VREFL", 0 0, o0x70cdf5cc5d88;  0 drivers
L_0x70cdf5c74628 .functor BUFT 1, C4<0>, C4<0>, C4<0>, C4<0>;
v0x5dfd16f04ee0_0 .net/2u *"_ivl_0", 0 0, L_0x70cdf5c74628;  1 drivers
E_0x5dfd16ea8450 .event edge, v0x5dfd16f04e20_0, v0x5dfd16f04d60_0, v0x5dfd16f04ac0_0, v0x5dfd16eefa30_0;
L_0x5dfd16f4f8e0 .concat [ 10 1 0 0], v0x5dfd16eefa30_0, L_0x70cdf5c74628;
S_0x5dfd16f05040 .scope module, "pll" "avsdpll" 3 24, 8 1 0, S_0x5dfd16eab300;
 .timescale 0 0;
    .port_info 0 /OUTPUT 1 "CLK";
    .port_info 1 /INPUT 1 "VCO_IN";
    .port_info 2 /INPUT 1 "ENb_CP";
    .port_info 3 /INPUT 1 "ENb_VCO";
    .port_info 4 /INPUT 1 "REF";
v0x5dfd16f05310_0 .var "CLK", 0 0;
v0x5dfd16f05400_0 .net "ENb_CP", 0 0, v0x5dfd16f061b0_0;  alias, 1 drivers
v0x5dfd16f054a0_0 .net "ENb_VCO", 0 0, v0x5dfd16f06270_0;  alias, 1 drivers
v0x5dfd16f05570_0 .net "REF", 0 0, v0x5dfd16f06420_0;  alias, 1 drivers
v0x5dfd16f05630_0 .net "VCO_IN", 0 0, v0x5dfd16f06510_0;  alias, 1 drivers
v0x5dfd16f05740_0 .var/real "lastedge", 0 0;
v0x5dfd16f05800_0 .var/real "period", 0 0;
v0x5dfd16f058c0_0 .var/real "refpd", 0 0;
E_0x5dfd16ea73f0 .event posedge, v0x5dfd16f05570_0;
E_0x5dfd16ea5d40 .event edge, v0x5dfd16f054a0_0, v0x5dfd16ee36c0_0;
    .scope S_0x5dfd16ed7f20;
T_0 ;
    %wait E_0x5dfd16db0fe0;
    %ix/load 4, 0, 0;
    %flag_set/imm 4, 0;
    %load/vec4a v0x5dfd16ee37a0, 4;
    %ix/load 3, 0, 0;
    %flag_set/imm 4, 0;
    %ix/load 4, 0, 0; Constant delay
    %assign/vec4/a/d v0x5dfd16ee3af0, 0, 4;
    %jmp T_0;
    .thread T_0;
    .scope S_0x5dfd16ed81d0;
T_1 ;
    %wait E_0x5dfd16db0fe0;
    %ix/load 4, 1, 0;
    %flag_set/imm 4, 0;
    %load/vec4a v0x5dfd16ee37a0, 4;
    %ix/load 3, 1, 0;
    %flag_set/imm 4, 0;
    %ix/load 4, 0, 0; Constant delay
    %assign/vec4/a/d v0x5dfd16ee3af0, 0, 4;
    %jmp T_1;
    .thread T_1;
    .scope S_0x5dfd16ed84b0;
T_2 ;
    %wait E_0x5dfd16db0fe0;
    %ix/load 4, 2, 0;
    %flag_set/imm 4, 0;
    %load/vec4a v0x5dfd16ee37a0, 4;
    %ix/load 3, 2, 0;
    %flag_set/imm 4, 0;
    %ix/load 4, 0, 0; Constant delay
    %assign/vec4/a/d v0x5dfd16ee3af0, 0, 4;
    %jmp T_2;
    .thread T_2;
    .scope S_0x5dfd16ed8770;
T_3 ;
    %wait E_0x5dfd16db0fe0;
    %ix/load 4, 3, 0;
    %flag_set/imm 4, 0;
    %load/vec4a v0x5dfd16ee37a0, 4;
    %ix/load 3, 3, 0;
    %flag_set/imm 4, 0;
    %ix/load 4, 0, 0; Constant delay
    %assign/vec4/a/d v0x5dfd16ee3af0, 0, 4;
    %jmp T_3;
    .thread T_3;
    .scope S_0x5dfd16ed8e00;
T_4 ;
    %wait E_0x5dfd16db0fe0;
    %ix/load 4, 4, 0;
    %flag_set/imm 4, 0;
    %load/vec4a v0x5dfd16ee37a0, 4;
    %ix/load 3, 4, 0;
    %flag_set/imm 4, 0;
    %ix/load 4, 0, 0; Constant delay
    %assign/vec4/a/d v0x5dfd16ee3af0, 0, 4;
    %jmp T_4;
    .thread T_4;
    .scope S_0x5dfd16ed9080;
T_5 ;
    %wait E_0x5dfd16db0fe0;
    %ix/load 4, 5, 0;
    %flag_set/imm 4, 0;
    %load/vec4a v0x5dfd16ee37a0, 4;
    %ix/load 3, 5, 0;
    %flag_set/imm 4, 0;
    %ix/load 4, 0, 0; Constant delay
    %assign/vec4/a/d v0x5dfd16ee3af0, 0, 4;
    %jmp T_5;
    .thread T_5;
    .scope S_0x5dfd16ed9300;
T_6 ;
    %wait E_0x5dfd16db0fe0;
    %ix/load 4, 6, 0;
    %flag_set/imm 4, 0;
    %load/vec4a v0x5dfd16ee37a0, 4;
    %ix/load 3, 6, 0;
    %flag_set/imm 4, 0;
    %ix/load 4, 0, 0; Constant delay
    %assign/vec4/a/d v0x5dfd16ee3af0, 0, 4;
    %jmp T_6;
    .thread T_6;
    .scope S_0x5dfd16ed9580;
T_7 ;
    %wait E_0x5dfd16db0fe0;
    %ix/load 4, 7, 0;
    %flag_set/imm 4, 0;
    %load/vec4a v0x5dfd16ee37a0, 4;
    %ix/load 3, 7, 0;
    %flag_set/imm 4, 0;
    %ix/load 4, 0, 0; Constant delay
    %assign/vec4/a/d v0x5dfd16ee3af0, 0, 4;
    %jmp T_7;
    .thread T_7;
    .scope S_0x5dfd16ed9800;
T_8 ;
    %wait E_0x5dfd16db0fe0;
    %ix/load 4, 8, 0;
    %flag_set/imm 4, 0;
    %load/vec4a v0x5dfd16ee37a0, 4;
    %ix/load 3, 8, 0;
    %flag_set/imm 4, 0;
    %ix/load 4, 0, 0; Constant delay
    %assign/vec4/a/d v0x5dfd16ee3af0, 0, 4;
    %jmp T_8;
    .thread T_8;
    .scope S_0x5dfd16ed9a80;
T_9 ;
    %wait E_0x5dfd16db0fe0;
    %ix/load 4, 9, 0;
    %flag_set/imm 4, 0;
    %load/vec4a v0x5dfd16ee37a0, 4;
    %ix/load 3, 9, 0;
    %flag_set/imm 4, 0;
    %ix/load 4, 0, 0; Constant delay
    %assign/vec4/a/d v0x5dfd16ee3af0, 0, 4;
    %jmp T_9;
    .thread T_9;
    .scope S_0x5dfd16ed9d20;
T_10 ;
    %wait E_0x5dfd16db0fe0;
    %ix/load 4, 10, 0;
    %flag_set/imm 4, 0;
    %load/vec4a v0x5dfd16ee37a0, 4;
    %ix/load 3, 10, 0;
    %flag_set/imm 4, 0;
    %ix/load 4, 0, 0; Constant delay
    %assign/vec4/a/d v0x5dfd16ee3af0, 0, 4;
    %jmp T_10;
    .thread T_10;
    .scope S_0x5dfd16eda000;
T_11 ;
    %wait E_0x5dfd16db0fe0;
    %ix/load 4, 11, 0;
    %flag_set/imm 4, 0;
    %load/vec4a v0x5dfd16ee37a0, 4;
    %ix/load 3, 11, 0;
    %flag_set/imm 4, 0;
    %ix/load 4, 0, 0; Constant delay
    %assign/vec4/a/d v0x5dfd16ee3af0, 0, 4;
    %jmp T_11;
    .thread T_11;
    .scope S_0x5dfd16eda2c0;
T_12 ;
    %wait E_0x5dfd16db0fe0;
    %ix/load 4, 12, 0;
    %flag_set/imm 4, 0;
    %load/vec4a v0x5dfd16ee37a0, 4;
    %ix/load 3, 12, 0;
    %flag_set/imm 4, 0;
    %ix/load 4, 0, 0; Constant delay
    %assign/vec4/a/d v0x5dfd16ee3af0, 0, 4;
    %jmp T_12;
    .thread T_12;
    .scope S_0x5dfd16eda580;
T_13 ;
    %wait E_0x5dfd16db0fe0;
    %ix/load 4, 13, 0;
    %flag_set/imm 4, 0;
    %load/vec4a v0x5dfd16ee37a0, 4;
    %ix/load 3, 13, 0;
    %flag_set/imm 4, 0;
    %ix/load 4, 0, 0; Constant delay
    %assign/vec4/a/d v0x5dfd16ee3af0, 0, 4;
    %jmp T_13;
    .thread T_13;
    .scope S_0x5dfd16eda840;
T_14 ;
    %wait E_0x5dfd16db0fe0;
    %ix/load 4, 14, 0;
    %flag_set/imm 4, 0;
    %load/vec4a v0x5dfd16ee37a0, 4;
    %ix/load 3, 14, 0;
    %flag_set/imm 4, 0;
    %ix/load 4, 0, 0; Constant delay
    %assign/vec4/a/d v0x5dfd16ee3af0, 0, 4;
    %jmp T_14;
    .thread T_14;
    .scope S_0x5dfd16edab00;
T_15 ;
    %wait E_0x5dfd16db0fe0;
    %ix/load 4, 15, 0;
    %flag_set/imm 4, 0;
    %load/vec4a v0x5dfd16ee37a0, 4;
    %ix/load 3, 15, 0;
    %flag_set/imm 4, 0;
    %ix/load 4, 0, 0; Constant delay
    %assign/vec4/a/d v0x5dfd16ee3af0, 0, 4;
    %jmp T_15;
    .thread T_15;
    .scope S_0x5dfd16edadc0;
T_16 ;
    %wait E_0x5dfd16db0fe0;
    %ix/load 4, 0, 0;
    %flag_set/imm 4, 0;
    %load/vec4a v0x5dfd16ee4080, 4;
    %ix/load 3, 0, 0;
    %flag_set/imm 4, 0;
    %ix/load 4, 0, 0; Constant delay
    %assign/vec4/a/d v0x5dfd16ee4590, 0, 4;
    %jmp T_16;
    .thread T_16;
    .scope S_0x5dfd16edadc0;
T_17 ;
    %wait E_0x5dfd16db0fe0;
    %ix/load 4, 0, 0;
    %flag_set/imm 4, 0;
    %load/vec4a v0x5dfd16ee4590, 4;
    %ix/load 3, 0, 0;
    %flag_set/imm 4, 0;
    %ix/load 4, 0, 0; Constant delay
    %assign/vec4/a/d v0x5dfd16ee4a50, 0, 4;
    %jmp T_17;
    .thread T_17;
    .scope S_0x5dfd16edb080;
T_18 ;
    %wait E_0x5dfd16db0fe0;
    %ix/load 4, 1, 0;
    %flag_set/imm 4, 0;
    %load/vec4a v0x5dfd16ee4080, 4;
    %ix/load 3, 1, 0;
    %flag_set/imm 4, 0;
    %ix/load 4, 0, 0; Constant delay
    %assign/vec4/a/d v0x5dfd16ee4590, 0, 4;
    %jmp T_18;
    .thread T_18;
    .scope S_0x5dfd16edb080;
T_19 ;
    %wait E_0x5dfd16db0fe0;
    %ix/load 4, 1, 0;
    %flag_set/imm 4, 0;
    %load/vec4a v0x5dfd16ee4590, 4;
    %ix/load 3, 1, 0;
    %flag_set/imm 4, 0;
    %ix/load 4, 0, 0; Constant delay
    %assign/vec4/a/d v0x5dfd16ee4a50, 0, 4;
    %jmp T_19;
    .thread T_19;
    .scope S_0x5dfd16edb340;
T_20 ;
    %wait E_0x5dfd16db0fe0;
    %ix/load 4, 2, 0;
    %flag_set/imm 4, 0;
    %load/vec4a v0x5dfd16ee4080, 4;
    %ix/load 3, 2, 0;
    %flag_set/imm 4, 0;
    %ix/load 4, 0, 0; Constant delay
    %assign/vec4/a/d v0x5dfd16ee4590, 0, 4;
    %jmp T_20;
    .thread T_20;
    .scope S_0x5dfd16edb340;
T_21 ;
    %wait E_0x5dfd16db0fe0;
    %ix/load 4, 2, 0;
    %flag_set/imm 4, 0;
    %load/vec4a v0x5dfd16ee4590, 4;
    %ix/load 3, 2, 0;
    %flag_set/imm 4, 0;
    %ix/load 4, 0, 0; Constant delay
    %assign/vec4/a/d v0x5dfd16ee4a50, 0, 4;
    %jmp T_21;
    .thread T_21;
    .scope S_0x5dfd16edb600;
T_22 ;
    %wait E_0x5dfd16db0fe0;
    %ix/load 4, 3, 0;
    %flag_set/imm 4, 0;
    %load/vec4a v0x5dfd16ee4080, 4;
    %ix/load 3, 3, 0;
    %flag_set/imm 4, 0;
    %ix/load 4, 0, 0; Constant delay
    %assign/vec4/a/d v0x5dfd16ee4590, 0, 4;
    %jmp T_22;
    .thread T_22;
    .scope S_0x5dfd16edb600;
T_23 ;
    %wait E_0x5dfd16db0fe0;
    %ix/load 4, 3, 0;
    %flag_set/imm 4, 0;
    %load/vec4a v0x5dfd16ee4590, 4;
    %ix/load 3, 3, 0;
    %flag_set/imm 4, 0;
    %ix/load 4, 0, 0; Constant delay
    %assign/vec4/a/d v0x5dfd16ee4a50, 0, 4;
    %jmp T_23;
    .thread T_23;
    .scope S_0x5dfd16edb8c0;
T_24 ;
    %wait E_0x5dfd16db0fe0;
    %ix/load 4, 4, 0;
    %flag_set/imm 4, 0;
    %load/vec4a v0x5dfd16ee4080, 4;
    %ix/load 3, 4, 0;
    %flag_set/imm 4, 0;
    %ix/load 4, 0, 0; Constant delay
    %assign/vec4/a/d v0x5dfd16ee4590, 0, 4;
    %jmp T_24;
    .thread T_24;
    .scope S_0x5dfd16edb8c0;
T_25 ;
    %wait E_0x5dfd16db0fe0;
    %ix/load 4, 4, 0;
    %flag_set/imm 4, 0;
    %load/vec4a v0x5dfd16ee4590, 4;
    %ix/load 3, 4, 0;
    %flag_set/imm 4, 0;
    %ix/load 4, 0, 0; Constant delay
    %assign/vec4/a/d v0x5dfd16ee4a50, 0, 4;
    %jmp T_25;
    .thread T_25;
    .scope S_0x5dfd16edbb80;
T_26 ;
    %wait E_0x5dfd16db0fe0;
    %ix/load 4, 5, 0;
    %flag_set/imm 4, 0;
    %load/vec4a v0x5dfd16ee4080, 4;
    %ix/load 3, 5, 0;
    %flag_set/imm 4, 0;
    %ix/load 4, 0, 0; Constant delay
    %assign/vec4/a/d v0x5dfd16ee4590, 0, 4;
    %jmp T_26;
    .thread T_26;
    .scope S_0x5dfd16edbb80;
T_27 ;
    %wait E_0x5dfd16db0fe0;
    %ix/load 4, 5, 0;
    %flag_set/imm 4, 0;
    %load/vec4a v0x5dfd16ee4590, 4;
    %ix/load 3, 5, 0;
    %flag_set/imm 4, 0;
    %ix/load 4, 0, 0; Constant delay
    %assign/vec4/a/d v0x5dfd16ee4a50, 0, 4;
    %jmp T_27;
    .thread T_27;
    .scope S_0x5dfd16edbe40;
T_28 ;
    %wait E_0x5dfd16db0fe0;
    %ix/load 4, 6, 0;
    %flag_set/imm 4, 0;
    %load/vec4a v0x5dfd16ee4080, 4;
    %ix/load 3, 6, 0;
    %flag_set/imm 4, 0;
    %ix/load 4, 0, 0; Constant delay
    %assign/vec4/a/d v0x5dfd16ee4590, 0, 4;
    %jmp T_28;
    .thread T_28;
    .scope S_0x5dfd16edbe40;
T_29 ;
    %wait E_0x5dfd16db0fe0;
    %ix/load 4, 6, 0;
    %flag_set/imm 4, 0;
    %load/vec4a v0x5dfd16ee4590, 4;
    %ix/load 3, 6, 0;
    %flag_set/imm 4, 0;
    %ix/load 4, 0, 0; Constant delay
    %assign/vec4/a/d v0x5dfd16ee4a50, 0, 4;
    %jmp T_29;
    .thread T_29;
    .scope S_0x5dfd16edc100;
T_30 ;
    %wait E_0x5dfd16db0fe0;
    %ix/load 4, 7, 0;
    %flag_set/imm 4, 0;
    %load/vec4a v0x5dfd16ee4080, 4;
    %ix/load 3, 7, 0;
    %flag_set/imm 4, 0;
    %ix/load 4, 0, 0; Constant delay
    %assign/vec4/a/d v0x5dfd16ee4590, 0, 4;
    %jmp T_30;
    .thread T_30;
    .scope S_0x5dfd16edc100;
T_31 ;
    %wait E_0x5dfd16db0fe0;
    %ix/load 4, 7, 0;
    %flag_set/imm 4, 0;
    %load/vec4a v0x5dfd16ee4590, 4;
    %ix/load 3, 7, 0;
    %flag_set/imm 4, 0;
    %ix/load 4, 0, 0; Constant delay
    %assign/vec4/a/d v0x5dfd16ee4a50, 0, 4;
    %jmp T_31;
    .thread T_31;
    .scope S_0x5dfd16edc3c0;
T_32 ;
    %wait E_0x5dfd16db0fe0;
    %ix/load 4, 8, 0;
    %flag_set/imm 4, 0;
    %load/vec4a v0x5dfd16ee4080, 4;
    %ix/load 3, 8, 0;
    %flag_set/imm 4, 0;
    %ix/load 4, 0, 0; Constant delay
    %assign/vec4/a/d v0x5dfd16ee4590, 0, 4;
    %jmp T_32;
    .thread T_32;
    .scope S_0x5dfd16edc3c0;
T_33 ;
    %wait E_0x5dfd16db0fe0;
    %ix/load 4, 8, 0;
    %flag_set/imm 4, 0;
    %load/vec4a v0x5dfd16ee4590, 4;
    %ix/load 3, 8, 0;
    %flag_set/imm 4, 0;
    %ix/load 4, 0, 0; Constant delay
    %assign/vec4/a/d v0x5dfd16ee4a50, 0, 4;
    %jmp T_33;
    .thread T_33;
    .scope S_0x5dfd16edc680;
T_34 ;
    %wait E_0x5dfd16db0fe0;
    %ix/load 4, 9, 0;
    %flag_set/imm 4, 0;
    %load/vec4a v0x5dfd16ee4080, 4;
    %ix/load 3, 9, 0;
    %flag_set/imm 4, 0;
    %ix/load 4, 0, 0; Constant delay
    %assign/vec4/a/d v0x5dfd16ee4590, 0, 4;
    %jmp T_34;
    .thread T_34;
    .scope S_0x5dfd16edc680;
T_35 ;
    %wait E_0x5dfd16db0fe0;
    %ix/load 4, 9, 0;
    %flag_set/imm 4, 0;
    %load/vec4a v0x5dfd16ee4590, 4;
    %ix/load 3, 9, 0;
    %flag_set/imm 4, 0;
    %ix/load 4, 0, 0; Constant delay
    %assign/vec4/a/d v0x5dfd16ee4a50, 0, 4;
    %jmp T_35;
    .thread T_35;
    .scope S_0x5dfd16edc940;
T_36 ;
    %wait E_0x5dfd16db0fe0;
    %ix/load 4, 10, 0;
    %flag_set/imm 4, 0;
    %load/vec4a v0x5dfd16ee4080, 4;
    %ix/load 3, 10, 0;
    %flag_set/imm 4, 0;
    %ix/load 4, 0, 0; Constant delay
    %assign/vec4/a/d v0x5dfd16ee4590, 0, 4;
    %jmp T_36;
    .thread T_36;
    .scope S_0x5dfd16edc940;
T_37 ;
    %wait E_0x5dfd16db0fe0;
    %ix/load 4, 10, 0;
    %flag_set/imm 4, 0;
    %load/vec4a v0x5dfd16ee4590, 4;
    %ix/load 3, 10, 0;
    %flag_set/imm 4, 0;
    %ix/load 4, 0, 0; Constant delay
    %assign/vec4/a/d v0x5dfd16ee4a50, 0, 4;
    %jmp T_37;
    .thread T_37;
    .scope S_0x5dfd16edcc00;
T_38 ;
    %wait E_0x5dfd16db0fe0;
    %ix/load 4, 11, 0;
    %flag_set/imm 4, 0;
    %load/vec4a v0x5dfd16ee4080, 4;
    %ix/load 3, 11, 0;
    %flag_set/imm 4, 0;
    %ix/load 4, 0, 0; Constant delay
    %assign/vec4/a/d v0x5dfd16ee4590, 0, 4;
    %jmp T_38;
    .thread T_38;
    .scope S_0x5dfd16edcc00;
T_39 ;
    %wait E_0x5dfd16db0fe0;
    %ix/load 4, 11, 0;
    %flag_set/imm 4, 0;
    %load/vec4a v0x5dfd16ee4590, 4;
    %ix/load 3, 11, 0;
    %flag_set/imm 4, 0;
    %ix/load 4, 0, 0; Constant delay
    %assign/vec4/a/d v0x5dfd16ee4a50, 0, 4;
    %jmp T_39;
    .thread T_39;
    .scope S_0x5dfd16edcec0;
T_40 ;
    %wait E_0x5dfd16db0fe0;
    %ix/load 4, 12, 0;
    %flag_set/imm 4, 0;
    %load/vec4a v0x5dfd16ee4080, 4;
    %ix/load 3, 12, 0;
    %flag_set/imm 4, 0;
    %ix/load 4, 0, 0; Constant delay
    %assign/vec4/a/d v0x5dfd16ee4590, 0, 4;
    %jmp T_40;
    .thread T_40;
    .scope S_0x5dfd16edcec0;
T_41 ;
    %wait E_0x5dfd16db0fe0;
    %ix/load 4, 12, 0;
    %flag_set/imm 4, 0;
    %load/vec4a v0x5dfd16ee4590, 4;
    %ix/load 3, 12, 0;
    %flag_set/imm 4, 0;
    %ix/load 4, 0, 0; Constant delay
    %assign/vec4/a/d v0x5dfd16ee4a50, 0, 4;
    %jmp T_41;
    .thread T_41;
    .scope S_0x5dfd16edd180;
T_42 ;
    %wait E_0x5dfd16db0fe0;
    %ix/load 4, 13, 0;
    %flag_set/imm 4, 0;
    %load/vec4a v0x5dfd16ee4080, 4;
    %ix/load 3, 13, 0;
    %flag_set/imm 4, 0;
    %ix/load 4, 0, 0; Constant delay
    %assign/vec4/a/d v0x5dfd16ee4590, 0, 4;
    %jmp T_42;
    .thread T_42;
    .scope S_0x5dfd16edd180;
T_43 ;
    %wait E_0x5dfd16db0fe0;
    %ix/load 4, 13, 0;
    %flag_set/imm 4, 0;
    %load/vec4a v0x5dfd16ee4590, 4;
    %ix/load 3, 13, 0;
    %flag_set/imm 4, 0;
    %ix/load 4, 0, 0; Constant delay
    %assign/vec4/a/d v0x5dfd16ee4a50, 0, 4;
    %jmp T_43;
    .thread T_43;
    .scope S_0x5dfd16edd440;
T_44 ;
    %wait E_0x5dfd16db0fe0;
    %ix/load 4, 14, 0;
    %flag_set/imm 4, 0;
    %load/vec4a v0x5dfd16ee4080, 4;
    %ix/load 3, 14, 0;
    %flag_set/imm 4, 0;
    %ix/load 4, 0, 0; Constant delay
    %assign/vec4/a/d v0x5dfd16ee4590, 0, 4;
    %jmp T_44;
    .thread T_44;
    .scope S_0x5dfd16edd440;
T_45 ;
    %wait E_0x5dfd16db0fe0;
    %ix/load 4, 14, 0;
    %flag_set/imm 4, 0;
    %load/vec4a v0x5dfd16ee4590, 4;
    %ix/load 3, 14, 0;
    %flag_set/imm 4, 0;
    %ix/load 4, 0, 0; Constant delay
    %assign/vec4/a/d v0x5dfd16ee4a50, 0, 4;
    %jmp T_45;
    .thread T_45;
    .scope S_0x5dfd16edd700;
T_46 ;
    %wait E_0x5dfd16db0fe0;
    %ix/load 4, 15, 0;
    %flag_set/imm 4, 0;
    %load/vec4a v0x5dfd16ee4080, 4;
    %ix/load 3, 15, 0;
    %flag_set/imm 4, 0;
    %ix/load 4, 0, 0; Constant delay
    %assign/vec4/a/d v0x5dfd16ee4590, 0, 4;
    %jmp T_46;
    .thread T_46;
    .scope S_0x5dfd16edd700;
T_47 ;
    %wait E_0x5dfd16db0fe0;
    %ix/load 4, 15, 0;
    %flag_set/imm 4, 0;
    %load/vec4a v0x5dfd16ee4590, 4;
    %ix/load 3, 15, 0;
    %flag_set/imm 4, 0;
    %ix/load 4, 0, 0; Constant delay
    %assign/vec4/a/d v0x5dfd16ee4a50, 0, 4;
    %jmp T_47;
    .thread T_47;
    .scope S_0x5dfd16edd9c0;
T_48 ;
    %wait E_0x5dfd16db0fe0;
    %ix/load 4, 16, 0;
    %flag_set/imm 4, 0;
    %load/vec4a v0x5dfd16ee4080, 4;
    %ix/load 3, 16, 0;
    %flag_set/imm 4, 0;
    %ix/load 4, 0, 0; Constant delay
    %assign/vec4/a/d v0x5dfd16ee4590, 0, 4;
    %jmp T_48;
    .thread T_48;
    .scope S_0x5dfd16edd9c0;
T_49 ;
    %wait E_0x5dfd16db0fe0;
    %ix/load 4, 16, 0;
    %flag_set/imm 4, 0;
    %load/vec4a v0x5dfd16ee4590, 4;
    %ix/load 3, 16, 0;
    %flag_set/imm 4, 0;
    %ix/load 4, 0, 0; Constant delay
    %assign/vec4/a/d v0x5dfd16ee4a50, 0, 4;
    %jmp T_49;
    .thread T_49;
    .scope S_0x5dfd16eddc80;
T_50 ;
    %wait E_0x5dfd16db0fe0;
    %ix/load 4, 17, 0;
    %flag_set/imm 4, 0;
    %load/vec4a v0x5dfd16ee4080, 4;
    %ix/load 3, 17, 0;
    %flag_set/imm 4, 0;
    %ix/load 4, 0, 0; Constant delay
    %assign/vec4/a/d v0x5dfd16ee4590, 0, 4;
    %jmp T_50;
    .thread T_50;
    .scope S_0x5dfd16eddc80;
T_51 ;
    %wait E_0x5dfd16db0fe0;
    %ix/load 4, 17, 0;
    %flag_set/imm 4, 0;
    %load/vec4a v0x5dfd16ee4590, 4;
    %ix/load 3, 17, 0;
    %flag_set/imm 4, 0;
    %ix/load 4, 0, 0; Constant delay
    %assign/vec4/a/d v0x5dfd16ee4a50, 0, 4;
    %jmp T_51;
    .thread T_51;
    .scope S_0x5dfd16eddf40;
T_52 ;
    %wait E_0x5dfd16db0fe0;
    %ix/load 4, 18, 0;
    %flag_set/imm 4, 0;
    %load/vec4a v0x5dfd16ee4080, 4;
    %ix/load 3, 18, 0;
    %flag_set/imm 4, 0;
    %ix/load 4, 0, 0; Constant delay
    %assign/vec4/a/d v0x5dfd16ee4590, 0, 4;
    %jmp T_52;
    .thread T_52;
    .scope S_0x5dfd16eddf40;
T_53 ;
    %wait E_0x5dfd16db0fe0;
    %ix/load 4, 18, 0;
    %flag_set/imm 4, 0;
    %load/vec4a v0x5dfd16ee4590, 4;
    %ix/load 3, 18, 0;
    %flag_set/imm 4, 0;
    %ix/load 4, 0, 0; Constant delay
    %assign/vec4/a/d v0x5dfd16ee4a50, 0, 4;
    %jmp T_53;
    .thread T_53;
    .scope S_0x5dfd16ede200;
T_54 ;
    %wait E_0x5dfd16db0fe0;
    %ix/load 4, 19, 0;
    %flag_set/imm 4, 0;
    %load/vec4a v0x5dfd16ee4080, 4;
    %ix/load 3, 19, 0;
    %flag_set/imm 4, 0;
    %ix/load 4, 0, 0; Constant delay
    %assign/vec4/a/d v0x5dfd16ee4590, 0, 4;
    %jmp T_54;
    .thread T_54;
    .scope S_0x5dfd16ede200;
T_55 ;
    %wait E_0x5dfd16db0fe0;
    %ix/load 4, 19, 0;
    %flag_set/imm 4, 0;
    %load/vec4a v0x5dfd16ee4590, 4;
    %ix/load 3, 19, 0;
    %flag_set/imm 4, 0;
    %ix/load 4, 0, 0; Constant delay
    %assign/vec4/a/d v0x5dfd16ee4a50, 0, 4;
    %jmp T_55;
    .thread T_55;
    .scope S_0x5dfd16ede4c0;
T_56 ;
    %wait E_0x5dfd16db0fe0;
    %ix/load 4, 20, 0;
    %flag_set/imm 4, 0;
    %load/vec4a v0x5dfd16ee4080, 4;
    %ix/load 3, 20, 0;
    %flag_set/imm 4, 0;
    %ix/load 4, 0, 0; Constant delay
    %assign/vec4/a/d v0x5dfd16ee4590, 0, 4;
    %jmp T_56;
    .thread T_56;
    .scope S_0x5dfd16ede4c0;
T_57 ;
    %wait E_0x5dfd16db0fe0;
    %ix/load 4, 20, 0;
    %flag_set/imm 4, 0;
    %load/vec4a v0x5dfd16ee4590, 4;
    %ix/load 3, 20, 0;
    %flag_set/imm 4, 0;
    %ix/load 4, 0, 0; Constant delay
    %assign/vec4/a/d v0x5dfd16ee4a50, 0, 4;
    %jmp T_57;
    .thread T_57;
    .scope S_0x5dfd16ede780;
T_58 ;
    %wait E_0x5dfd16db0fe0;
    %ix/load 4, 21, 0;
    %flag_set/imm 4, 0;
    %load/vec4a v0x5dfd16ee4080, 4;
    %ix/load 3, 21, 0;
    %flag_set/imm 4, 0;
    %ix/load 4, 0, 0; Constant delay
    %assign/vec4/a/d v0x5dfd16ee4590, 0, 4;
    %jmp T_58;
    .thread T_58;
    .scope S_0x5dfd16ede780;
T_59 ;
    %wait E_0x5dfd16db0fe0;
    %ix/load 4, 21, 0;
    %flag_set/imm 4, 0;
    %load/vec4a v0x5dfd16ee4590, 4;
    %ix/load 3, 21, 0;
    %flag_set/imm 4, 0;
    %ix/load 4, 0, 0; Constant delay
    %assign/vec4/a/d v0x5dfd16ee4a50, 0, 4;
    %jmp T_59;
    .thread T_59;
    .scope S_0x5dfd16edea40;
T_60 ;
    %wait E_0x5dfd16db0fe0;
    %ix/load 4, 22, 0;
    %flag_set/imm 4, 0;
    %load/vec4a v0x5dfd16ee4080, 4;
    %ix/load 3, 22, 0;
    %flag_set/imm 4, 0;
    %ix/load 4, 0, 0; Constant delay
    %assign/vec4/a/d v0x5dfd16ee4590, 0, 4;
    %jmp T_60;
    .thread T_60;
    .scope S_0x5dfd16edea40;
T_61 ;
    %wait E_0x5dfd16db0fe0;
    %ix/load 4, 22, 0;
    %flag_set/imm 4, 0;
    %load/vec4a v0x5dfd16ee4590, 4;
    %ix/load 3, 22, 0;
    %flag_set/imm 4, 0;
    %ix/load 4, 0, 0; Constant delay
    %assign/vec4/a/d v0x5dfd16ee4a50, 0, 4;
    %jmp T_61;
    .thread T_61;
    .scope S_0x5dfd16eded00;
T_62 ;
    %wait E_0x5dfd16db0fe0;
    %ix/load 4, 23, 0;
    %flag_set/imm 4, 0;
    %load/vec4a v0x5dfd16ee4080, 4;
    %ix/load 3, 23, 0;
    %flag_set/imm 4, 0;
    %ix/load 4, 0, 0; Constant delay
    %assign/vec4/a/d v0x5dfd16ee4590, 0, 4;
    %jmp T_62;
    .thread T_62;
    .scope S_0x5dfd16eded00;
T_63 ;
    %wait E_0x5dfd16db0fe0;
    %ix/load 4, 23, 0;
    %flag_set/imm 4, 0;
    %load/vec4a v0x5dfd16ee4590, 4;
    %ix/load 3, 23, 0;
    %flag_set/imm 4, 0;
    %ix/load 4, 0, 0; Constant delay
    %assign/vec4/a/d v0x5dfd16ee4a50, 0, 4;
    %jmp T_63;
    .thread T_63;
    .scope S_0x5dfd16edefc0;
T_64 ;
    %wait E_0x5dfd16db0fe0;
    %ix/load 4, 24, 0;
    %flag_set/imm 4, 0;
    %load/vec4a v0x5dfd16ee4080, 4;
    %ix/load 3, 24, 0;
    %flag_set/imm 4, 0;
    %ix/load 4, 0, 0; Constant delay
    %assign/vec4/a/d v0x5dfd16ee4590, 0, 4;
    %jmp T_64;
    .thread T_64;
    .scope S_0x5dfd16edefc0;
T_65 ;
    %wait E_0x5dfd16db0fe0;
    %ix/load 4, 24, 0;
    %flag_set/imm 4, 0;
    %load/vec4a v0x5dfd16ee4590, 4;
    %ix/load 3, 24, 0;
    %flag_set/imm 4, 0;
    %ix/load 4, 0, 0; Constant delay
    %assign/vec4/a/d v0x5dfd16ee4a50, 0, 4;
    %jmp T_65;
    .thread T_65;
    .scope S_0x5dfd16edf280;
T_66 ;
    %wait E_0x5dfd16db0fe0;
    %ix/load 4, 25, 0;
    %flag_set/imm 4, 0;
    %load/vec4a v0x5dfd16ee4080, 4;
    %ix/load 3, 25, 0;
    %flag_set/imm 4, 0;
    %ix/load 4, 0, 0; Constant delay
    %assign/vec4/a/d v0x5dfd16ee4590, 0, 4;
    %jmp T_66;
    .thread T_66;
    .scope S_0x5dfd16edf280;
T_67 ;
    %wait E_0x5dfd16db0fe0;
    %ix/load 4, 25, 0;
    %flag_set/imm 4, 0;
    %load/vec4a v0x5dfd16ee4590, 4;
    %ix/load 3, 25, 0;
    %flag_set/imm 4, 0;
    %ix/load 4, 0, 0; Constant delay
    %assign/vec4/a/d v0x5dfd16ee4a50, 0, 4;
    %jmp T_67;
    .thread T_67;
    .scope S_0x5dfd16edf540;
T_68 ;
    %wait E_0x5dfd16db0fe0;
    %ix/load 4, 26, 0;
    %flag_set/imm 4, 0;
    %load/vec4a v0x5dfd16ee4080, 4;
    %ix/load 3, 26, 0;
    %flag_set/imm 4, 0;
    %ix/load 4, 0, 0; Constant delay
    %assign/vec4/a/d v0x5dfd16ee4590, 0, 4;
    %jmp T_68;
    .thread T_68;
    .scope S_0x5dfd16edf540;
T_69 ;
    %wait E_0x5dfd16db0fe0;
    %ix/load 4, 26, 0;
    %flag_set/imm 4, 0;
    %load/vec4a v0x5dfd16ee4590, 4;
    %ix/load 3, 26, 0;
    %flag_set/imm 4, 0;
    %ix/load 4, 0, 0; Constant delay
    %assign/vec4/a/d v0x5dfd16ee4a50, 0, 4;
    %jmp T_69;
    .thread T_69;
    .scope S_0x5dfd16edf800;
T_70 ;
    %wait E_0x5dfd16db0fe0;
    %ix/load 4, 27, 0;
    %flag_set/imm 4, 0;
    %load/vec4a v0x5dfd16ee4080, 4;
    %ix/load 3, 27, 0;
    %flag_set/imm 4, 0;
    %ix/load 4, 0, 0; Constant delay
    %assign/vec4/a/d v0x5dfd16ee4590, 0, 4;
    %jmp T_70;
    .thread T_70;
    .scope S_0x5dfd16edf800;
T_71 ;
    %wait E_0x5dfd16db0fe0;
    %ix/load 4, 27, 0;
    %flag_set/imm 4, 0;
    %load/vec4a v0x5dfd16ee4590, 4;
    %ix/load 3, 27, 0;
    %flag_set/imm 4, 0;
    %ix/load 4, 0, 0; Constant delay
    %assign/vec4/a/d v0x5dfd16ee4a50, 0, 4;
    %jmp T_71;
    .thread T_71;
    .scope S_0x5dfd16edfac0;
T_72 ;
    %wait E_0x5dfd16db0fe0;
    %ix/load 4, 28, 0;
    %flag_set/imm 4, 0;
    %load/vec4a v0x5dfd16ee4080, 4;
    %ix/load 3, 28, 0;
    %flag_set/imm 4, 0;
    %ix/load 4, 0, 0; Constant delay
    %assign/vec4/a/d v0x5dfd16ee4590, 0, 4;
    %jmp T_72;
    .thread T_72;
    .scope S_0x5dfd16edfac0;
T_73 ;
    %wait E_0x5dfd16db0fe0;
    %ix/load 4, 28, 0;
    %flag_set/imm 4, 0;
    %load/vec4a v0x5dfd16ee4590, 4;
    %ix/load 3, 28, 0;
    %flag_set/imm 4, 0;
    %ix/load 4, 0, 0; Constant delay
    %assign/vec4/a/d v0x5dfd16ee4a50, 0, 4;
    %jmp T_73;
    .thread T_73;
    .scope S_0x5dfd16edfd80;
T_74 ;
    %wait E_0x5dfd16db0fe0;
    %ix/load 4, 29, 0;
    %flag_set/imm 4, 0;
    %load/vec4a v0x5dfd16ee4080, 4;
    %ix/load 3, 29, 0;
    %flag_set/imm 4, 0;
    %ix/load 4, 0, 0; Constant delay
    %assign/vec4/a/d v0x5dfd16ee4590, 0, 4;
    %jmp T_74;
    .thread T_74;
    .scope S_0x5dfd16edfd80;
T_75 ;
    %wait E_0x5dfd16db0fe0;
    %ix/load 4, 29, 0;
    %flag_set/imm 4, 0;
    %load/vec4a v0x5dfd16ee4590, 4;
    %ix/load 3, 29, 0;
    %flag_set/imm 4, 0;
    %ix/load 4, 0, 0; Constant delay
    %assign/vec4/a/d v0x5dfd16ee4a50, 0, 4;
    %jmp T_75;
    .thread T_75;
    .scope S_0x5dfd16ee0040;
T_76 ;
    %wait E_0x5dfd16db0fe0;
    %ix/load 4, 30, 0;
    %flag_set/imm 4, 0;
    %load/vec4a v0x5dfd16ee4080, 4;
    %ix/load 3, 30, 0;
    %flag_set/imm 4, 0;
    %ix/load 4, 0, 0; Constant delay
    %assign/vec4/a/d v0x5dfd16ee4590, 0, 4;
    %jmp T_76;
    .thread T_76;
    .scope S_0x5dfd16ee0040;
T_77 ;
    %wait E_0x5dfd16db0fe0;
    %ix/load 4, 30, 0;
    %flag_set/imm 4, 0;
    %load/vec4a v0x5dfd16ee4590, 4;
    %ix/load 3, 30, 0;
    %flag_set/imm 4, 0;
    %ix/load 4, 0, 0; Constant delay
    %assign/vec4/a/d v0x5dfd16ee4a50, 0, 4;
    %jmp T_77;
    .thread T_77;
    .scope S_0x5dfd16ee0300;
T_78 ;
    %wait E_0x5dfd16db0fe0;
    %ix/load 4, 31, 0;
    %flag_set/imm 4, 0;
    %load/vec4a v0x5dfd16ee4080, 4;
    %ix/load 3, 31, 0;
    %flag_set/imm 4, 0;
    %ix/load 4, 0, 0; Constant delay
    %assign/vec4/a/d v0x5dfd16ee4590, 0, 4;
    %jmp T_78;
    .thread T_78;
    .scope S_0x5dfd16ee0300;
T_79 ;
    %wait E_0x5dfd16db0fe0;
    %ix/load 4, 31, 0;
    %flag_set/imm 4, 0;
    %load/vec4a v0x5dfd16ee4590, 4;
    %ix/load 3, 31, 0;
    %flag_set/imm 4, 0;
    %ix/load 4, 0, 0; Constant delay
    %assign/vec4/a/d v0x5dfd16ee4a50, 0, 4;
    %jmp T_79;
    .thread T_79;
    .scope S_0x5dfd16eaa540;
T_80 ;
    %wait E_0x5dfd16db0fe0;
    %load/vec4 v0x5dfd16ee4b10_0;
    %assign/vec4 v0x5dfd16ee4bf0_0, 0;
    %jmp T_80;
    .thread T_80;
    .scope S_0x5dfd16eaa540;
T_81 ;
    %wait E_0x5dfd16ea7970;
    %load/vec4 v0x5dfd16f04300_0;
    %assign/vec4 v0x5dfd16ee4f20_0, 0;
    %jmp T_81;
    .thread T_81;
    .scope S_0x5dfd16eaa540;
T_82 ;
    %wait E_0x5dfd16db0fe0;
    %load/vec4 v0x5dfd16ee5670_0;
    %assign/vec4 v0x5dfd16ee5750_0, 0;
    %jmp T_82;
    .thread T_82;
    .scope S_0x5dfd16eaa540;
T_83 ;
    %wait E_0x5dfd16db0fe0;
    %load/vec4 v0x5dfd16ee5910_0;
    %assign/vec4 v0x5dfd16ee59d0_0, 0;
    %jmp T_83;
    .thread T_83;
    .scope S_0x5dfd16eaa540;
T_84 ;
    %wait E_0x5dfd16db0fe0;
    %load/vec4 v0x5dfd16ee5a90_0;
    %assign/vec4 v0x5dfd16ee5b70_0, 0;
    %jmp T_84;
    .thread T_84;
    .scope S_0x5dfd16eaa540;
T_85 ;
    %wait E_0x5dfd16db0fe0;
    %load/vec4 v0x5dfd16ee5b70_0;
    %assign/vec4 v0x5dfd16ee5c50_0, 0;
    %jmp T_85;
    .thread T_85;
    .scope S_0x5dfd16eaa540;
T_86 ;
    %wait E_0x5dfd16db0fe0;
    %load/vec4 v0x5dfd16ee5d30_0;
    %assign/vec4 v0x5dfd16ee5e10_0, 0;
    %jmp T_86;
    .thread T_86;
    .scope S_0x5dfd16eaa540;
T_87 ;
    %wait E_0x5dfd16db0fe0;
    %load/vec4 v0x5dfd16ee5e10_0;
    %assign/vec4 v0x5dfd16ee5ef0_0, 0;
    %jmp T_87;
    .thread T_87;
    .scope S_0x5dfd16eaa540;
T_88 ;
    %wait E_0x5dfd16db0fe0;
    %load/vec4 v0x5dfd16ee60b0_0;
    %assign/vec4 v0x5dfd16ee6170_0, 0;
    %jmp T_88;
    .thread T_88;
    .scope S_0x5dfd16eaa540;
T_89 ;
    %wait E_0x5dfd16db0fe0;
    %load/vec4 v0x5dfd16ee6170_0;
    %assign/vec4 v0x5dfd16ee6230_0, 0;
    %jmp T_89;
    .thread T_89;
    .scope S_0x5dfd16eaa540;
T_90 ;
    %wait E_0x5dfd16db0fe0;
    %load/vec4 v0x5dfd16ee62f0_0;
    %assign/vec4 v0x5dfd16ee63b0_0, 0;
    %jmp T_90;
    .thread T_90;
    .scope S_0x5dfd16eaa540;
T_91 ;
    %wait E_0x5dfd16db0fe0;
    %load/vec4 v0x5dfd16ee63b0_0;
    %assign/vec4 v0x5dfd16ee6470_0, 0;
    %jmp T_91;
    .thread T_91;
    .scope S_0x5dfd16eaa540;
T_92 ;
    %wait E_0x5dfd16db0fe0;
    %load/vec4 v0x5dfd16ee6530_0;
    %assign/vec4 v0x5dfd16ee65f0_0, 0;
    %jmp T_92;
    .thread T_92;
    .scope S_0x5dfd16eaa540;
T_93 ;
    %wait E_0x5dfd16db0fe0;
    %load/vec4 v0x5dfd16ee65f0_0;
    %assign/vec4 v0x5dfd16ee66b0_0, 0;
    %jmp T_93;
    .thread T_93;
    .scope S_0x5dfd16eaa540;
T_94 ;
    %wait E_0x5dfd16db0fe0;
    %load/vec4 v0x5dfd16ee6770_0;
    %assign/vec4 v0x5dfd16ee6830_0, 0;
    %jmp T_94;
    .thread T_94;
    .scope S_0x5dfd16eaa540;
T_95 ;
    %wait E_0x5dfd16db0fe0;
    %load/vec4 v0x5dfd16ee6830_0;
    %assign/vec4 v0x5dfd16ee68f0_0, 0;
    %jmp T_95;
    .thread T_95;
    .scope S_0x5dfd16eaa540;
T_96 ;
    %wait E_0x5dfd16db0fe0;
    %load/vec4 v0x5dfd16ee69b0_0;
    %assign/vec4 v0x5dfd16ee6a70_0, 0;
    %jmp T_96;
    .thread T_96;
    .scope S_0x5dfd16eaa540;
T_97 ;
    %wait E_0x5dfd16db0fe0;
    %load/vec4 v0x5dfd16ee6a70_0;
    %assign/vec4 v0x5dfd16ee6b30_0, 0;
    %jmp T_97;
    .thread T_97;
    .scope S_0x5dfd16eaa540;
T_98 ;
    %wait E_0x5dfd16db0fe0;
    %load/vec4 v0x5dfd16ee6cb0_0;
    %assign/vec4 v0x5dfd16ee6d70_0, 0;
    %jmp T_98;
    .thread T_98;
    .scope S_0x5dfd16eaa540;
T_99 ;
    %wait E_0x5dfd16db0fe0;
    %load/vec4 v0x5dfd16ee6d70_0;
    %assign/vec4 v0x5dfd16ee6e30_0, 0;
    %jmp T_99;
    .thread T_99;
    .scope S_0x5dfd16eaa540;
T_100 ;
    %wait E_0x5dfd16db0fe0;
    %load/vec4 v0x5dfd16ee6e30_0;
    %assign/vec4 v0x5dfd16ee6ef0_0, 0;
    %jmp T_100;
    .thread T_100;
    .scope S_0x5dfd16eaa540;
T_101 ;
    %wait E_0x5dfd16db0fe0;
    %load/vec4 v0x5dfd16ee6ef0_0;
    %assign/vec4 v0x5dfd16ee6fb0_0, 0;
    %jmp T_101;
    .thread T_101;
    .scope S_0x5dfd16eaa540;
T_102 ;
    %wait E_0x5dfd16db0fe0;
    %load/vec4 v0x5dfd16ee7070_0;
    %assign/vec4 v0x5dfd16ee7130_0, 0;
    %jmp T_102;
    .thread T_102;
    .scope S_0x5dfd16eaa540;
T_103 ;
    %wait E_0x5dfd16db0fe0;
    %load/vec4 v0x5dfd16ee7130_0;
    %assign/vec4 v0x5dfd16ee71f0_0, 0;
    %jmp T_103;
    .thread T_103;
    .scope S_0x5dfd16eaa540;
T_104 ;
    %wait E_0x5dfd16db0fe0;
    %load/vec4 v0x5dfd16ee71f0_0;
    %assign/vec4 v0x5dfd16ee72b0_0, 0;
    %jmp T_104;
    .thread T_104;
    .scope S_0x5dfd16eaa540;
T_105 ;
    %wait E_0x5dfd16db0fe0;
    %load/vec4 v0x5dfd16ee72b0_0;
    %assign/vec4 v0x5dfd16ee7370_0, 0;
    %jmp T_105;
    .thread T_105;
    .scope S_0x5dfd16eaa540;
T_106 ;
    %wait E_0x5dfd16db0fe0;
    %load/vec4 v0x5dfd16ee7430_0;
    %assign/vec4 v0x5dfd16ee74f0_0, 0;
    %jmp T_106;
    .thread T_106;
    .scope S_0x5dfd16eaa540;
T_107 ;
    %wait E_0x5dfd16db0fe0;
    %load/vec4 v0x5dfd16ee74f0_0;
    %assign/vec4 v0x5dfd16ee75b0_0, 0;
    %jmp T_107;
    .thread T_107;
    .scope S_0x5dfd16eaa540;
T_108 ;
    %wait E_0x5dfd16db0fe0;
    %load/vec4 v0x5dfd16ee75b0_0;
    %assign/vec4 v0x5dfd16ee7670_0, 0;
    %jmp T_108;
    .thread T_108;
    .scope S_0x5dfd16eaa540;
T_109 ;
    %wait E_0x5dfd16db0fe0;
    %load/vec4 v0x5dfd16ee7670_0;
    %assign/vec4 v0x5dfd16ee7730_0, 0;
    %jmp T_109;
    .thread T_109;
    .scope S_0x5dfd16eaa540;
T_110 ;
    %wait E_0x5dfd16db0fe0;
    %load/vec4 v0x5dfd16ee77f0_0;
    %assign/vec4 v0x5dfd16ee78b0_0, 0;
    %jmp T_110;
    .thread T_110;
    .scope S_0x5dfd16eaa540;
T_111 ;
    %wait E_0x5dfd16db0fe0;
    %load/vec4 v0x5dfd16ee78b0_0;
    %assign/vec4 v0x5dfd16ee7970_0, 0;
    %jmp T_111;
    .thread T_111;
    .scope S_0x5dfd16eaa540;
T_112 ;
    %wait E_0x5dfd16db0fe0;
    %load/vec4 v0x5dfd16ee7970_0;
    %assign/vec4 v0x5dfd16ee7e40_0, 0;
    %jmp T_112;
    .thread T_112;
    .scope S_0x5dfd16eaa540;
T_113 ;
    %wait E_0x5dfd16db0fe0;
    %load/vec4 v0x5dfd16ee7e40_0;
    %assign/vec4 v0x5dfd16ee7f00_0, 0;
    %jmp T_113;
    .thread T_113;
    .scope S_0x5dfd16eaa540;
T_114 ;
    %wait E_0x5dfd16db0fe0;
    %load/vec4 v0x5dfd16ee7fc0_0;
    %assign/vec4 v0x5dfd16ee8080_0, 0;
    %jmp T_114;
    .thread T_114;
    .scope S_0x5dfd16eaa540;
T_115 ;
    %wait E_0x5dfd16db0fe0;
    %load/vec4 v0x5dfd16ee8080_0;
    %assign/vec4 v0x5dfd16ee8140_0, 0;
    %jmp T_115;
    .thread T_115;
    .scope S_0x5dfd16eaa540;
T_116 ;
    %wait E_0x5dfd16db0fe0;
    %load/vec4 v0x5dfd16ee8140_0;
    %assign/vec4 v0x5dfd16ee8200_0, 0;
    %jmp T_116;
    .thread T_116;
    .scope S_0x5dfd16eaa540;
T_117 ;
    %wait E_0x5dfd16db0fe0;
    %load/vec4 v0x5dfd16ee8200_0;
    %assign/vec4 v0x5dfd16ee82c0_0, 0;
    %jmp T_117;
    .thread T_117;
    .scope S_0x5dfd16eaa540;
T_118 ;
    %wait E_0x5dfd16db0fe0;
    %load/vec4 v0x5dfd16ee8380_0;
    %assign/vec4 v0x5dfd16ee8440_0, 0;
    %jmp T_118;
    .thread T_118;
    .scope S_0x5dfd16eaa540;
T_119 ;
    %wait E_0x5dfd16db0fe0;
    %load/vec4 v0x5dfd16ee8440_0;
    %assign/vec4 v0x5dfd16ee8500_0, 0;
    %jmp T_119;
    .thread T_119;
    .scope S_0x5dfd16eaa540;
T_120 ;
    %wait E_0x5dfd16db0fe0;
    %load/vec4 v0x5dfd16ee8500_0;
    %assign/vec4 v0x5dfd16ee85c0_0, 0;
    %jmp T_120;
    .thread T_120;
    .scope S_0x5dfd16eaa540;
T_121 ;
    %wait E_0x5dfd16db0fe0;
    %load/vec4 v0x5dfd16ee85c0_0;
    %assign/vec4 v0x5dfd16ee8680_0, 0;
    %jmp T_121;
    .thread T_121;
    .scope S_0x5dfd16eaa540;
T_122 ;
    %wait E_0x5dfd16db0fe0;
    %load/vec4 v0x5dfd16ee88c0_0;
    %assign/vec4 v0x5dfd16ee8980_0, 0;
    %jmp T_122;
    .thread T_122;
    .scope S_0x5dfd16eaa540;
T_123 ;
    %wait E_0x5dfd16db0fe0;
    %load/vec4 v0x5dfd16ee8980_0;
    %assign/vec4 v0x5dfd16ee8a40_0, 0;
    %jmp T_123;
    .thread T_123;
    .scope S_0x5dfd16eaa540;
T_124 ;
    %wait E_0x5dfd16db0fe0;
    %load/vec4 v0x5dfd16ee8b00_0;
    %assign/vec4 v0x5dfd16ee8bc0_0, 0;
    %jmp T_124;
    .thread T_124;
    .scope S_0x5dfd16eaa540;
T_125 ;
    %wait E_0x5dfd16db0fe0;
    %load/vec4 v0x5dfd16ee8bc0_0;
    %assign/vec4 v0x5dfd16ee8c80_0, 0;
    %jmp T_125;
    .thread T_125;
    .scope S_0x5dfd16eaa540;
T_126 ;
    %wait E_0x5dfd16db0fe0;
    %load/vec4 v0x5dfd16ee8d40_0;
    %assign/vec4 v0x5dfd16ee8e00_0, 0;
    %jmp T_126;
    .thread T_126;
    .scope S_0x5dfd16eaa540;
T_127 ;
    %wait E_0x5dfd16db0fe0;
    %load/vec4 v0x5dfd16ee8e00_0;
    %assign/vec4 v0x5dfd16ee8ec0_0, 0;
    %jmp T_127;
    .thread T_127;
    .scope S_0x5dfd16eaa540;
T_128 ;
    %wait E_0x5dfd16db0fe0;
    %load/vec4 v0x5dfd16ee8f80_0;
    %assign/vec4 v0x5dfd16ee9040_0, 0;
    %jmp T_128;
    .thread T_128;
    .scope S_0x5dfd16eaa540;
T_129 ;
    %wait E_0x5dfd16db0fe0;
    %load/vec4 v0x5dfd16ee9040_0;
    %assign/vec4 v0x5dfd16ee9100_0, 0;
    %jmp T_129;
    .thread T_129;
    .scope S_0x5dfd16eaa540;
T_130 ;
    %wait E_0x5dfd16db0fe0;
    %load/vec4 v0x5dfd16ee91c0_0;
    %assign/vec4 v0x5dfd16ee9280_0, 0;
    %jmp T_130;
    .thread T_130;
    .scope S_0x5dfd16eaa540;
T_131 ;
    %wait E_0x5dfd16db0fe0;
    %load/vec4 v0x5dfd16ee9280_0;
    %assign/vec4 v0x5dfd16ee9340_0, 0;
    %jmp T_131;
    .thread T_131;
    .scope S_0x5dfd16eaa540;
T_132 ;
    %wait E_0x5dfd16db0fe0;
    %load/vec4 v0x5dfd16ee9400_0;
    %assign/vec4 v0x5dfd16ee94c0_0, 0;
    %jmp T_132;
    .thread T_132;
    .scope S_0x5dfd16eaa540;
T_133 ;
    %wait E_0x5dfd16db0fe0;
    %load/vec4 v0x5dfd16ee94c0_0;
    %assign/vec4 v0x5dfd16ee9580_0, 0;
    %jmp T_133;
    .thread T_133;
    .scope S_0x5dfd16eaa540;
T_134 ;
    %wait E_0x5dfd16db0fe0;
    %load/vec4 v0x5dfd16ee9640_0;
    %assign/vec4 v0x5dfd16ee9700_0, 0;
    %jmp T_134;
    .thread T_134;
    .scope S_0x5dfd16eaa540;
T_135 ;
    %wait E_0x5dfd16db0fe0;
    %load/vec4 v0x5dfd16ee9700_0;
    %assign/vec4 v0x5dfd16ee97c0_0, 0;
    %jmp T_135;
    .thread T_135;
    .scope S_0x5dfd16eaa540;
T_136 ;
    %wait E_0x5dfd16db0fe0;
    %load/vec4 v0x5dfd16ee9940_0;
    %assign/vec4 v0x5dfd16ee9a00_0, 0;
    %jmp T_136;
    .thread T_136;
    .scope S_0x5dfd16eaa540;
T_137 ;
    %wait E_0x5dfd16db0fe0;
    %load/vec4 v0x5dfd16ee9a00_0;
    %assign/vec4 v0x5dfd16ee9ac0_0, 0;
    %jmp T_137;
    .thread T_137;
    .scope S_0x5dfd16eaa540;
T_138 ;
    %wait E_0x5dfd16db0fe0;
    %load/vec4 v0x5dfd16ee9ac0_0;
    %assign/vec4 v0x5dfd16ee9b80_0, 0;
    %jmp T_138;
    .thread T_138;
    .scope S_0x5dfd16eaa540;
T_139 ;
    %wait E_0x5dfd16db0fe0;
    %load/vec4 v0x5dfd16ee9c40_0;
    %assign/vec4 v0x5dfd16ee9d00_0, 0;
    %jmp T_139;
    .thread T_139;
    .scope S_0x5dfd16eaa540;
T_140 ;
    %wait E_0x5dfd16db0fe0;
    %load/vec4 v0x5dfd16ee9d00_0;
    %assign/vec4 v0x5dfd16ee9dc0_0, 0;
    %jmp T_140;
    .thread T_140;
    .scope S_0x5dfd16eaa540;
T_141 ;
    %wait E_0x5dfd16db0fe0;
    %load/vec4 v0x5dfd16ee9dc0_0;
    %assign/vec4 v0x5dfd16ee9e80_0, 0;
    %jmp T_141;
    .thread T_141;
    .scope S_0x5dfd16eaa540;
T_142 ;
    %wait E_0x5dfd16db0fe0;
    %load/vec4 v0x5dfd16ee9e80_0;
    %assign/vec4 v0x5dfd16ee9f40_0, 0;
    %jmp T_142;
    .thread T_142;
    .scope S_0x5dfd16eaa540;
T_143 ;
    %wait E_0x5dfd16db0fe0;
    %load/vec4 v0x5dfd16eea000_0;
    %assign/vec4 v0x5dfd16eea0c0_0, 0;
    %jmp T_143;
    .thread T_143;
    .scope S_0x5dfd16eaa540;
T_144 ;
    %wait E_0x5dfd16db0fe0;
    %load/vec4 v0x5dfd16eea0c0_0;
    %assign/vec4 v0x5dfd16eea180_0, 0;
    %jmp T_144;
    .thread T_144;
    .scope S_0x5dfd16eaa540;
T_145 ;
    %wait E_0x5dfd16db0fe0;
    %load/vec4 v0x5dfd16eea180_0;
    %assign/vec4 v0x5dfd16eea240_0, 0;
    %jmp T_145;
    .thread T_145;
    .scope S_0x5dfd16eaa540;
T_146 ;
    %wait E_0x5dfd16db0fe0;
    %load/vec4 v0x5dfd16eea240_0;
    %assign/vec4 v0x5dfd16eea300_0, 0;
    %jmp T_146;
    .thread T_146;
    .scope S_0x5dfd16eaa540;
T_147 ;
    %wait E_0x5dfd16db0fe0;
    %load/vec4 v0x5dfd16eea3c0_0;
    %assign/vec4 v0x5dfd16eea480_0, 0;
    %jmp T_147;
    .thread T_147;
    .scope S_0x5dfd16eaa540;
T_148 ;
    %wait E_0x5dfd16db0fe0;
    %load/vec4 v0x5dfd16eea480_0;
    %assign/vec4 v0x5dfd16eea540_0, 0;
    %jmp T_148;
    .thread T_148;
    .scope S_0x5dfd16eaa540;
T_149 ;
    %wait E_0x5dfd16db0fe0;
    %load/vec4 v0x5dfd16eea600_0;
    %assign/vec4 v0x5dfd16eea6c0_0, 0;
    %jmp T_149;
    .thread T_149;
    .scope S_0x5dfd16eaa540;
T_150 ;
    %wait E_0x5dfd16db0fe0;
    %load/vec4 v0x5dfd16eea6c0_0;
    %assign/vec4 v0x5dfd16eea780_0, 0;
    %jmp T_150;
    .thread T_150;
    .scope S_0x5dfd16eaa540;
T_151 ;
    %wait E_0x5dfd16db0fe0;
    %load/vec4 v0x5dfd16eea840_0;
    %assign/vec4 v0x5dfd16eea900_0, 0;
    %jmp T_151;
    .thread T_151;
    .scope S_0x5dfd16eaa540;
T_152 ;
    %wait E_0x5dfd16db0fe0;
    %load/vec4 v0x5dfd16eea900_0;
    %assign/vec4 v0x5dfd16eea9c0_0, 0;
    %jmp T_152;
    .thread T_152;
    .scope S_0x5dfd16eaa540;
T_153 ;
    %wait E_0x5dfd16db0fe0;
    %load/vec4 v0x5dfd16eeaa80_0;
    %assign/vec4 v0x5dfd16eeab40_0, 0;
    %jmp T_153;
    .thread T_153;
    .scope S_0x5dfd16eaa540;
T_154 ;
    %wait E_0x5dfd16db0fe0;
    %load/vec4 v0x5dfd16eeab40_0;
    %assign/vec4 v0x5dfd16eeac00_0, 0;
    %jmp T_154;
    .thread T_154;
    .scope S_0x5dfd16eaa540;
T_155 ;
    %wait E_0x5dfd16db0fe0;
    %load/vec4 v0x5dfd16eeacc0_0;
    %assign/vec4 v0x5dfd16eead80_0, 0;
    %jmp T_155;
    .thread T_155;
    .scope S_0x5dfd16eaa540;
T_156 ;
    %wait E_0x5dfd16db0fe0;
    %load/vec4 v0x5dfd16eead80_0;
    %assign/vec4 v0x5dfd16eeb650_0, 0;
    %jmp T_156;
    .thread T_156;
    .scope S_0x5dfd16eaa540;
T_157 ;
    %wait E_0x5dfd16db0fe0;
    %load/vec4 v0x5dfd16eeb710_0;
    %assign/vec4 v0x5dfd16eeb7d0_0, 0;
    %jmp T_157;
    .thread T_157;
    .scope S_0x5dfd16eaa540;
T_158 ;
    %wait E_0x5dfd16db0fe0;
    %load/vec4 v0x5dfd16eeb7d0_0;
    %assign/vec4 v0x5dfd16eeb890_0, 0;
    %jmp T_158;
    .thread T_158;
    .scope S_0x5dfd16eaa540;
T_159 ;
    %wait E_0x5dfd16db0fe0;
    %load/vec4 v0x5dfd16eeb950_0;
    %assign/vec4 v0x5dfd16eeba10_0, 0;
    %jmp T_159;
    .thread T_159;
    .scope S_0x5dfd16eaa540;
T_160 ;
    %wait E_0x5dfd16db0fe0;
    %load/vec4 v0x5dfd16eeba10_0;
    %assign/vec4 v0x5dfd16eebad0_0, 0;
    %jmp T_160;
    .thread T_160;
    .scope S_0x5dfd16eaa540;
T_161 ;
    %wait E_0x5dfd16db0fe0;
    %load/vec4 v0x5dfd16eebb90_0;
    %assign/vec4 v0x5dfd16eebc50_0, 0;
    %jmp T_161;
    .thread T_161;
    .scope S_0x5dfd16eaa540;
T_162 ;
    %wait E_0x5dfd16db0fe0;
    %load/vec4 v0x5dfd16eebc50_0;
    %assign/vec4 v0x5dfd16eebd10_0, 0;
    %jmp T_162;
    .thread T_162;
    .scope S_0x5dfd16eaa540;
T_163 ;
    %wait E_0x5dfd16db0fe0;
    %load/vec4 v0x5dfd16eebdd0_0;
    %assign/vec4 v0x5dfd16eebe90_0, 0;
    %jmp T_163;
    .thread T_163;
    .scope S_0x5dfd16eaa540;
T_164 ;
    %wait E_0x5dfd16db0fe0;
    %load/vec4 v0x5dfd16eebe90_0;
    %assign/vec4 v0x5dfd16eebf50_0, 0;
    %jmp T_164;
    .thread T_164;
    .scope S_0x5dfd16eaa540;
T_165 ;
    %wait E_0x5dfd16db0fe0;
    %load/vec4 v0x5dfd16eec010_0;
    %assign/vec4 v0x5dfd16eec0d0_0, 0;
    %jmp T_165;
    .thread T_165;
    .scope S_0x5dfd16eaa540;
T_166 ;
    %wait E_0x5dfd16db0fe0;
    %load/vec4 v0x5dfd16eec0d0_0;
    %assign/vec4 v0x5dfd16eec190_0, 0;
    %jmp T_166;
    .thread T_166;
    .scope S_0x5dfd16eaa540;
T_167 ;
    %wait E_0x5dfd16db0fe0;
    %load/vec4 v0x5dfd16eec250_0;
    %assign/vec4 v0x5dfd16eec310_0, 0;
    %jmp T_167;
    .thread T_167;
    .scope S_0x5dfd16eaa540;
T_168 ;
    %wait E_0x5dfd16db0fe0;
    %load/vec4 v0x5dfd16eec310_0;
    %assign/vec4 v0x5dfd16eec3d0_0, 0;
    %jmp T_168;
    .thread T_168;
    .scope S_0x5dfd16eaa540;
T_169 ;
    %wait E_0x5dfd16db0fe0;
    %load/vec4 v0x5dfd16eec490_0;
    %assign/vec4 v0x5dfd16eec550_0, 0;
    %jmp T_169;
    .thread T_169;
    .scope S_0x5dfd16eaa540;
T_170 ;
    %wait E_0x5dfd16db0fe0;
    %load/vec4 v0x5dfd16eec550_0;
    %assign/vec4 v0x5dfd16eec610_0, 0;
    %jmp T_170;
    .thread T_170;
    .scope S_0x5dfd16eaa540;
T_171 ;
    %wait E_0x5dfd16db0fe0;
    %load/vec4 v0x5dfd16eec610_0;
    %assign/vec4 v0x5dfd16eec6d0_0, 0;
    %jmp T_171;
    .thread T_171;
    .scope S_0x5dfd16eaa540;
T_172 ;
    %wait E_0x5dfd16db0fe0;
    %load/vec4 v0x5dfd16eec6d0_0;
    %assign/vec4 v0x5dfd16eec790_0, 0;
    %jmp T_172;
    .thread T_172;
    .scope S_0x5dfd16eaa540;
T_173 ;
    %wait E_0x5dfd16db0fe0;
    %load/vec4 v0x5dfd16eec910_0;
    %assign/vec4 v0x5dfd16eec9d0_0, 0;
    %jmp T_173;
    .thread T_173;
    .scope S_0x5dfd16eaa540;
T_174 ;
    %wait E_0x5dfd16db0fe0;
    %load/vec4 v0x5dfd16eec9d0_0;
    %assign/vec4 v0x5dfd16eeca90_0, 0;
    %jmp T_174;
    .thread T_174;
    .scope S_0x5dfd16eaa540;
T_175 ;
    %wait E_0x5dfd16db0fe0;
    %load/vec4 v0x5dfd16eecb50_0;
    %assign/vec4 v0x5dfd16eecc10_0, 0;
    %jmp T_175;
    .thread T_175;
    .scope S_0x5dfd16eaa540;
T_176 ;
    %wait E_0x5dfd16db0fe0;
    %load/vec4 v0x5dfd16eecc10_0;
    %assign/vec4 v0x5dfd16eeccd0_0, 0;
    %jmp T_176;
    .thread T_176;
    .scope S_0x5dfd16eaa540;
T_177 ;
    %wait E_0x5dfd16db0fe0;
    %load/vec4 v0x5dfd16eecd90_0;
    %assign/vec4 v0x5dfd16eece70_0, 0;
    %jmp T_177;
    .thread T_177;
    .scope S_0x5dfd16eaa540;
T_178 ;
    %wait E_0x5dfd16db0fe0;
    %load/vec4 v0x5dfd16eed110_0;
    %assign/vec4 v0x5dfd16eed1f0_0, 0;
    %jmp T_178;
    .thread T_178;
    .scope S_0x5dfd16eaa540;
T_179 ;
    %wait E_0x5dfd16db0fe0;
    %load/vec4 v0x5dfd16eed1f0_0;
    %assign/vec4 v0x5dfd16eed2d0_0, 0;
    %jmp T_179;
    .thread T_179;
    .scope S_0x5dfd16eaa540;
T_180 ;
    %wait E_0x5dfd16db0fe0;
    %load/vec4 v0x5dfd16eed2d0_0;
    %assign/vec4 v0x5dfd16eed3b0_0, 0;
    %jmp T_180;
    .thread T_180;
    .scope S_0x5dfd16eaa540;
T_181 ;
    %wait E_0x5dfd16db1740;
    %load/vec4 v0x5dfd16f043e0_0;
    %assign/vec4 v0x5dfd16eed490_0, 0;
    %jmp T_181;
    .thread T_181;
    .scope S_0x5dfd16eaa540;
T_182 ;
    %wait E_0x5dfd16ea57e0;
    %load/vec4 v0x5dfd16eed490_0;
    %assign/vec4 v0x5dfd16eed570_0, 0;
    %jmp T_182;
    .thread T_182;
    .scope S_0x5dfd16eaa540;
T_183 ;
    %wait E_0x5dfd16eccf90;
    %load/vec4 v0x5dfd16eed570_0;
    %assign/vec4 v0x5dfd16eed650_0, 0;
    %jmp T_183;
    .thread T_183;
    .scope S_0x5dfd16eaa540;
T_184 ;
    %wait E_0x5dfd16ecd720;
    %load/vec4 v0x5dfd16eed650_0;
    %assign/vec4 v0x5dfd16eed730_0, 0;
    %jmp T_184;
    .thread T_184;
    .scope S_0x5dfd16eaa540;
T_185 ;
    %wait E_0x5dfd16db0fe0;
    %load/vec4 v0x5dfd16eed810_0;
    %assign/vec4 v0x5dfd16eed8b0_0, 0;
    %jmp T_185;
    .thread T_185;
    .scope S_0x5dfd16eaa540;
T_186 ;
    %wait E_0x5dfd16db0fe0;
    %load/vec4 v0x5dfd16eed8b0_0;
    %assign/vec4 v0x5dfd16eed950_0, 0;
    %jmp T_186;
    .thread T_186;
    .scope S_0x5dfd16eaa540;
T_187 ;
    %wait E_0x5dfd16db0fe0;
    %load/vec4 v0x5dfd16eed950_0;
    %assign/vec4 v0x5dfd16eed9f0_0, 0;
    %jmp T_187;
    .thread T_187;
    .scope S_0x5dfd16eaa540;
T_188 ;
    %wait E_0x5dfd16db0fe0;
    %load/vec4 v0x5dfd16eeda90_0;
    %assign/vec4 v0x5dfd16eedb30_0, 0;
    %jmp T_188;
    .thread T_188;
    .scope S_0x5dfd16eaa540;
T_189 ;
    %wait E_0x5dfd16db0fe0;
    %load/vec4 v0x5dfd16eedb30_0;
    %assign/vec4 v0x5dfd16eedbd0_0, 0;
    %jmp T_189;
    .thread T_189;
    .scope S_0x5dfd16eaa540;
T_190 ;
    %wait E_0x5dfd16db0fe0;
    %load/vec4 v0x5dfd16eedbd0_0;
    %assign/vec4 v0x5dfd16eedc70_0, 0;
    %jmp T_190;
    .thread T_190;
    .scope S_0x5dfd16eaa540;
T_191 ;
    %wait E_0x5dfd16db0fe0;
    %load/vec4 v0x5dfd16eedc70_0;
    %assign/vec4 v0x5dfd16eedd10_0, 0;
    %jmp T_191;
    .thread T_191;
    .scope S_0x5dfd16eaa540;
T_192 ;
    %wait E_0x5dfd16db0fe0;
    %load/vec4 v0x5dfd16eeddd0_0;
    %parti/s 4, 2, 3;
    %assign/vec4 v0x5dfd16eedeb0_0, 0;
    %jmp T_192;
    .thread T_192;
    .scope S_0x5dfd16eaa540;
T_193 ;
    %wait E_0x5dfd16cc4750;
    %load/vec4 v0x5dfd16f044c0_0;
    %assign/vec4 v0x5dfd16eee710_0, 0;
    %jmp T_193;
    .thread T_193;
    .scope S_0x5dfd16eaa540;
T_194 ;
    %wait E_0x5dfd16db0fe0;
    %load/vec4 v0x5dfd16eee7f0_0;
    %assign/vec4 v0x5dfd16eee890_0, 0;
    %jmp T_194;
    .thread T_194;
    .scope S_0x5dfd16eaa540;
T_195 ;
    %wait E_0x5dfd16d4f570;
    %load/vec4 v0x5dfd16f045a0_0;
    %assign/vec4 v0x5dfd16eee930_0, 0;
    %jmp T_195;
    .thread T_195;
    .scope S_0x5dfd16eaa540;
T_196 ;
    %wait E_0x5dfd16db0fe0;
    %load/vec4 v0x5dfd16eeea10_0;
    %assign/vec4 v0x5dfd16eeeab0_0, 0;
    %jmp T_196;
    .thread T_196;
    .scope S_0x5dfd16eaa540;
T_197 ;
    %wait E_0x5dfd16db0fe0;
    %load/vec4 v0x5dfd16eeecd0_0;
    %assign/vec4 v0x5dfd16eeedb0_0, 0;
    %jmp T_197;
    .thread T_197;
    .scope S_0x5dfd16eaa540;
T_198 ;
    %wait E_0x5dfd16db0fe0;
    %load/vec4 v0x5dfd16eeee90_0;
    %assign/vec4 v0x5dfd16eeef70_0, 0;
    %jmp T_198;
    .thread T_198;
    .scope S_0x5dfd16eaa540;
T_199 ;
    %wait E_0x5dfd16db0fe0;
    %load/vec4 v0x5dfd16eeef70_0;
    %assign/vec4 v0x5dfd16eef050_0, 0;
    %jmp T_199;
    .thread T_199;
    .scope S_0x5dfd16eaa540;
T_200 ;
    %wait E_0x5dfd16db0fe0;
    %load/vec4 v0x5dfd16eef1f0_0;
    %assign/vec4 v0x5dfd16eef2b0_0, 0;
    %jmp T_200;
    .thread T_200;
    .scope S_0x5dfd16eaa540;
T_201 ;
    %wait E_0x5dfd16db0fe0;
    %load/vec4 v0x5dfd16eef370_0;
    %assign/vec4 v0x5dfd16eef430_0, 0;
    %jmp T_201;
    .thread T_201;
    .scope S_0x5dfd16eaa540;
T_202 ;
    %wait E_0x5dfd16db0fe0;
    %load/vec4 v0x5dfd16eef430_0;
    %assign/vec4 v0x5dfd16eef4f0_0, 0;
    %jmp T_202;
    .thread T_202;
    .scope S_0x5dfd16eaa540;
T_203 ;
    %wait E_0x5dfd16db0fe0;
    %load/vec4 v0x5dfd16eef5b0_0;
    %assign/vec4 v0x5dfd16eef670_0, 0;
    %jmp T_203;
    .thread T_203;
    .scope S_0x5dfd16eaa540;
T_204 ;
    %wait E_0x5dfd16db0fe0;
    %load/vec4 v0x5dfd16eef670_0;
    %assign/vec4 v0x5dfd16eef730_0, 0;
    %jmp T_204;
    .thread T_204;
    .scope S_0x5dfd16eaa540;
T_205 ;
    %wait E_0x5dfd16db0fe0;
    %load/vec4 v0x5dfd16eef7f0_0;
    %assign/vec4 v0x5dfd16eef8b0_0, 0;
    %jmp T_205;
    .thread T_205;
    .scope S_0x5dfd16eaa540;
T_206 ;
    %wait E_0x5dfd16db0fe0;
    %load/vec4 v0x5dfd16eef8b0_0;
    %assign/vec4 v0x5dfd16eef970_0, 0;
    %jmp T_206;
    .thread T_206;
    .scope S_0x5dfd16eaa540;
T_207 ;
    %wait E_0x5dfd16d4f410;
    %ix/load 4, 17, 0;
    %flag_set/imm 4, 0;
    %load/vec4a v0x5dfd16ee4a50, 4;
    %pad/u 10;
    %store/vec4 v0x5dfd16eefa30_0, 0, 10;
    %jmp T_207;
    .thread T_207;
    .scope S_0x5dfd16f05040;
T_208 ;
    %pushi/real 0, 4065; load=0.00000
    %store/real v0x5dfd16f05740_0;
    %pushi/real 1677721600, 4070; load=25.0000
    %store/real v0x5dfd16f05800_0;
    %pushi/vec4 0, 0, 1;
    %assign/vec4 v0x5dfd16f05310_0, 0;
    %end;
    .thread T_208;
    .scope S_0x5dfd16f05040;
T_209 ;
    %wait E_0x5dfd16ea5d40;
    %load/vec4 v0x5dfd16f054a0_0;
    %cmpi/e 1, 0, 1;
    %jmp/0xz  T_209.0, 4;
    %load/real v0x5dfd16f05800_0;
    %pushi/real 1073741824, 4067; load=2.00000
    %div/wr;
    %pushi/real 1073741824, 4066; load=1.00000
    %mul/wr;
    %cvt/vr 64;
    %pushi/vec4 3906250000, 0, 56;
    %concati/vec4 0, 0, 8;
    %mul;
    %ix/vec4 4;
    %delayx 4;
    %load/vec4 v0x5dfd16f05310_0;
    %pushi/vec4 0, 0, 1;
    %cmp/e;
    %flag_get/vec4 6;
    %assign/vec4 v0x5dfd16f05310_0, 0;
    %jmp T_209.1;
T_209.0 ;
    %load/vec4 v0x5dfd16f054a0_0;
    %cmpi/e 0, 0, 1;
    %jmp/0xz  T_209.2, 4;
    %pushi/vec4 0, 0, 1;
    %assign/vec4 v0x5dfd16f05310_0, 0;
    %jmp T_209.3;
T_209.2 ;
    %pushi/vec4 1, 1, 1;
    %assign/vec4 v0x5dfd16f05310_0, 0;
T_209.3 ;
T_209.1 ;
    %jmp T_209;
    .thread T_209, $push;
    .scope S_0x5dfd16f05040;
T_210 ;
    %wait E_0x5dfd16ea73f0;
    %pushi/real 0, 4065; load=0.00000
    %load/real v0x5dfd16f05740_0;
    %cmp/wr;
    %jmp/0xz  T_210.0, 5;
    %vpi_func/r 8 33 "$realtime" {0 0 0};
    %load/real v0x5dfd16f05740_0;
    %sub/wr;
    %store/real v0x5dfd16f058c0_0;
    %load/real v0x5dfd16f058c0_0;
    %pushi/real 1073741824, 4069; load=8.00000
    %div/wr;
    %store/real v0x5dfd16f05800_0;
T_210.0 ;
    %vpi_func/r 8 38 "$realtime" {0 0 0};
    %store/real v0x5dfd16f05740_0;
    %jmp T_210;
    .thread T_210;
    .scope S_0x5dfd16f04700;
T_211 ;
    %pushi/real 1, 16383; load=NaN
    %store/real v0x5dfd16f04b90_0;
    %load/vec4 v0x5dfd16f04ac0_0;
    %cmpi/e 0, 0, 1;
    %jmp/0xz  T_211.0, 4;
    %pushi/real 0, 4065; load=0.00000
    %assign/wr v0x5dfd16f04c50_0, 0;
    %jmp T_211.1;
T_211.0 ;
    %load/real v0x5dfd16f04d60_0;
    %load/real v0x5dfd16f04b90_0;
    %cmp/wr;
    %flag_get/vec4 4;
    %flag_set/vec4 8;
    %jmp/0xz  T_211.2, 8;
    %load/real v0x5dfd16f04b90_0;
    %assign/wr v0x5dfd16f04c50_0, 0;
    %jmp T_211.3;
T_211.2 ;
    %load/real v0x5dfd16f04e20_0;
    %load/real v0x5dfd16f04b90_0;
    %cmp/wr;
    %flag_get/vec4 4;
    %flag_set/vec4 8;
    %jmp/0xz  T_211.4, 8;
    %load/real v0x5dfd16f04b90_0;
    %assign/wr v0x5dfd16f04c50_0, 0;
    %jmp T_211.5;
T_211.4 ;
    %load/vec4 v0x5dfd16f04ac0_0;
    %cmpi/e 1, 0, 1;
    %jmp/0xz  T_211.6, 4;
    %load/real v0x5dfd16f04e20_0;
    %vpi_func/r 7 38 "$itor", v0x5dfd16f04a00_0 {0 0 0};
    %pushi/real 2145386496, 4075; load=1023.00
    %div/wr;
    %load/real v0x5dfd16f04d60_0;
    %load/real v0x5dfd16f04e20_0;
    %sub/wr;
    %mul/wr;
    %add/wr;
    %assign/wr v0x5dfd16f04c50_0, 0;
    %jmp T_211.7;
T_211.6 ;
    %load/real v0x5dfd16f04b90_0;
    %assign/wr v0x5dfd16f04c50_0, 0;
T_211.7 ;
T_211.5 ;
T_211.3 ;
T_211.1 ;
    %end;
    .thread T_211;
    .scope S_0x5dfd16f04700;
T_212 ;
    %wait E_0x5dfd16ea8450;
    %load/vec4 v0x5dfd16f04ac0_0;
    %cmpi/e 0, 0, 1;
    %jmp/0xz  T_212.0, 4;
    %pushi/real 0, 4065; load=0.00000
    %assign/wr v0x5dfd16f04c50_0, 0;
    %jmp T_212.1;
T_212.0 ;
    %load/real v0x5dfd16f04d60_0;
    %load/real v0x5dfd16f04b90_0;
    %cmp/wr;
    %flag_get/vec4 4;
    %flag_set/vec4 8;
    %jmp/0xz  T_212.2, 8;
    %load/real v0x5dfd16f04b90_0;
    %assign/wr v0x5dfd16f04c50_0, 0;
    %jmp T_212.3;
T_212.2 ;
    %load/real v0x5dfd16f04e20_0;
    %load/real v0x5dfd16f04b90_0;
    %cmp/wr;
    %flag_get/vec4 4;
    %flag_set/vec4 8;
    %jmp/0xz  T_212.4, 8;
    %load/real v0x5dfd16f04b90_0;
    %assign/wr v0x5dfd16f04c50_0, 0;
    %jmp T_212.5;
T_212.4 ;
    %load/vec4 v0x5dfd16f04ac0_0;
    %cmpi/e 1, 0, 1;
    %jmp/0xz  T_212.6, 4;
    %load/real v0x5dfd16f04e20_0;
    %vpi_func/r 7 56 "$itor", v0x5dfd16f04a00_0 {0 0 0};
    %pushi/real 2145386496, 4075; load=1023.00
    %div/wr;
    %load/real v0x5dfd16f04d60_0;
    %load/real v0x5dfd16f04e20_0;
    %sub/wr;
    %mul/wr;
    %add/wr;
    %assign/wr v0x5dfd16f04c50_0, 0;
    %jmp T_212.7;
T_212.6 ;
    %load/real v0x5dfd16f04b90_0;
    %assign/wr v0x5dfd16f04c50_0, 0;
T_212.7 ;
T_212.5 ;
T_212.3 ;
T_212.1 ;
    %jmp T_212;
    .thread T_212, $push;
    .scope S_0x5dfd16ecbb70;
T_213 ;
    %pushi/vec4 0, 0, 1;
    %store/vec4 v0x5dfd16f067b0_0, 0, 1;
    %pushi/real 0, 4065; load=0.00000
    %store/real v0x5dfd16f066f0_0;
    %pushi/real 1771674009, 4067; load=3.30000
    %pushi/real 2516582, 4045; load=3.30000
    %add/wr;
    %store/real v0x5dfd16f06650_0;
    %pushi/vec4 0, 0, 2;
    %split/vec4 1;
    %store/vec4 v0x5dfd16f06270_0, 0, 1;
    %store/vec4 v0x5dfd16f06420_0, 0, 1;
    %pushi/vec4 0, 0, 1;
    %store/vec4 v0x5dfd16f06510_0, 0, 1;
    %delay 20000, 0;
    %pushi/vec4 1, 0, 1;
    %store/vec4 v0x5dfd16f067b0_0, 0, 1;
    %delay 100000, 0;
    %pushi/vec4 0, 0, 1;
    %store/vec4 v0x5dfd16f067b0_0, 0, 1;
    %end;
    .thread T_213;
    .scope S_0x5dfd16ecbb70;
T_214 ;
    %vpi_call 2 54 "$dumpvars", 32'sb00000000000000000000000000000000, S_0x5dfd16ecbb70 {0 0 0};
    %end;
    .thread T_214;
    .scope S_0x5dfd16ecbb70;
T_215 ;
    %pushi/vec4 600, 0, 32;
T_215.0 %dup/vec4;
    %pushi/vec4 0, 0, 32;
    %cmp/s;
    %jmp/1xz T_215.1, 5;
    %jmp/1 T_215.1, 4;
    %pushi/vec4 1, 0, 32;
    %sub;
    %pushi/vec4 1, 0, 1;
    %store/vec4 v0x5dfd16f06270_0, 0, 1;
    %delay 100000, 0;
    %load/vec4 v0x5dfd16f06420_0;
    %inv;
    %store/vec4 v0x5dfd16f06420_0, 0, 1;
    %delay 41665, 0;
    %load/vec4 v0x5dfd16f06510_0;
    %inv;
    %store/vec4 v0x5dfd16f06510_0, 0, 1;
    %jmp T_215.0;
T_215.1 ;
    %pop/vec4 1;
    %vpi_call 2 63 "$finish" {0 0 0};
    %end;
    .thread T_215;
# The file index is used to find the file name in the following table.
:file_names 9;
    "N/A";
    "<interactive>";
    "testbench.v";
    "vsdbabysoc.v";
    "rvmyth.v";
    "./rvmyth_gen.v";
    "clk_gate.v";
    "avsddac.v";
    "avsdpll.v";
