#! /usr/bin/vvp
:ivl_version "11.0 (stable)";
:ivl_delay_selection "TYPICAL";
:vpi_time_precision - 12;
:vpi_module "/usr/lib/x86_64-linux-gnu/ivl/system.vpi";
:vpi_module "/usr/lib/x86_64-linux-gnu/ivl/vhdl_sys.vpi";
:vpi_module "/usr/lib/x86_64-linux-gnu/ivl/vhdl_textio.vpi";
:vpi_module "/usr/lib/x86_64-linux-gnu/ivl/v2005_math.vpi";
:vpi_module "/usr/lib/x86_64-linux-gnu/ivl/va_math.vpi";
S_0x5ba7aec00cd0 .scope module, "vsdbabysoc_tb" "vsdbabysoc_tb" 2 16;
 .timescale -9 -12;
v0x5ba7aec3b7f0_0 .var "ENb_CP", 0 0;
v0x5ba7aec3b8b0_0 .var "ENb_VCO", 0 0;
v0x5ba7aec3b9c0_0 .net/real "OUT", 0 0, L_0x5ba7aec84f80;  1 drivers
v0x5ba7aec3ba60_0 .var "REF", 0 0;
v0x5ba7aec3bb50_0 .var "VCO_IN", 0 0;
v0x5ba7aec3bc90_0 .var/real "VREFH", 0 0;
v0x5ba7aec3bd30_0 .var/real "VREFL", 0 0;
v0x5ba7aec3bdf0_0 .var "reset", 0 0;
L_0x5ba7aec84f80 .cast/real L_0x5ba7aec84e40;
L_0x5ba7aec85070 .cast/int 1, v0x5ba7aec3bc90_0;
S_0x5ba7aebe0460 .scope module, "uut" "vsdbabysoc" 2 26, 3 1 0, S_0x5ba7aec00cd0;
 .timescale -9 -12;
    .port_info 0 /OUTPUT 1 "OUT";
    .port_info 1 /INPUT 1 "reset";
    .port_info 2 /INPUT 1 "VCO_IN";
    .port_info 3 /INPUT 1 "ENb_CP";
    .port_info 4 /INPUT 1 "ENb_VCO";
    .port_info 5 /INPUT 1 "REF";
    .port_info 6 /INPUT 1 "VREFH";
v0x5ba7aec3b060_0 .net "CLK", 0 0, v0x5ba7aec3a950_0;  1 drivers
v0x5ba7aec3b170_0 .net "ENb_CP", 0 0, v0x5ba7aec3b7f0_0;  1 drivers
v0x5ba7aec3b230_0 .net "ENb_VCO", 0 0, v0x5ba7aec3b8b0_0;  1 drivers
v0x5ba7aec3b300_0 .net "OUT", 0 0, L_0x5ba7aec84e40;  1 drivers
v0x5ba7aec3b3a0_0 .net "REF", 0 0, v0x5ba7aec3ba60_0;  1 drivers
v0x5ba7aec3b490_0 .net "RV_TO_DAC", 9 0, v0x5ba7aec25070_0;  1 drivers
v0x5ba7aec3b580_0 .net "VCO_IN", 0 0, v0x5ba7aec3bb50_0;  1 drivers
v0x5ba7aec3b620_0 .net "VREFH", 0 0, L_0x5ba7aec85070;  1 drivers
v0x5ba7aec3b6c0_0 .net "reset", 0 0, v0x5ba7aec3bdf0_0;  1 drivers
L_0x5ba7aec84e40 .cast/int 1, v0x5ba7aec3a290_0;
L_0x5ba7aec84ee0 .cast/real L_0x5ba7aec85070;
S_0x5ba7aebdf6a0 .scope module, "core" "rvmyth" 3 18, 4 14 0, S_0x5ba7aebe0460;
 .timescale -9 -12;
    .port_info 0 /OUTPUT 10 "OUT";
    .port_info 1 /INPUT 1 "CLK";
    .port_info 2 /INPUT 1 "reset";
L_0x5ba7aec64620 .functor BUFZ 1, v0x5ba7aec3a950_0, C4<0>, C4<0>, C4<0>;
L_0x5ba7aec64cc0 .functor BUFZ 1, v0x5ba7aec3bdf0_0, C4<0>, C4<0>, C4<0>;
L_0x5ba7aec64d90 .functor AND 1, L_0x5ba7aec822d0, v0x5ba7aec1e020_0, C4<1>, C4<1>;
L_0x5ba7aec64e90 .functor AND 1, L_0x5ba7aec822d0, v0x5ba7aec1e260_0, C4<1>, C4<1>;
L_0x5ba7aec66070 .functor BUFZ 32, L_0x5ba7aec832a0, C4<00000000000000000000000000000000>, C4<00000000000000000000000000000000>, C4<00000000000000000000000000000000>;
L_0x5ba7aec661b0 .functor OR 1, L_0x5ba7aec66590, L_0x5ba7aec66990, C4<0>, C4<0>;
L_0x5ba7aec66f70 .functor OR 1, L_0x5ba7aec661b0, L_0x5ba7aec66e80, C4<0>, C4<0>;
L_0x5ba7aec67470 .functor OR 1, L_0x5ba7aec66f70, L_0x5ba7aec67330, C4<0>, C4<0>;
L_0x5ba7aec679d0 .functor OR 1, L_0x5ba7aec67470, L_0x5ba7aec67890, C4<0>, C4<0>;
L_0x5ba7aec68310 .functor OR 1, L_0x5ba7aec67db0, L_0x5ba7aec681d0, C4<0>, C4<0>;
L_0x5ba7aec68860 .functor OR 1, L_0x5ba7aec68310, L_0x5ba7aec68770, C4<0>, C4<0>;
L_0x5ba7aec68db0 .functor OR 1, L_0x5ba7aec68860, L_0x5ba7aec68c70, C4<0>, C4<0>;
L_0x5ba7aec69c80 .functor OR 1, L_0x5ba7aec696a0, L_0x5ba7aec69b10, C4<0>, C4<0>;
L_0x5ba7aec6a6d0 .functor OR 1, L_0x5ba7aec6a0d0, L_0x5ba7aec6a560, C4<0>, C4<0>;
L_0x5ba7aec6fd00 .functor OR 1, L_0x5ba7aec68db0, L_0x5ba7aec6a6d0, C4<0>, C4<0>;
L_0x5ba7aec6fdc0 .functor OR 1, L_0x5ba7aec6fd00, L_0x5ba7aec69240, C4<0>, C4<0>;
L_0x5ba7aec6ff60 .functor OR 1, L_0x5ba7aec68db0, L_0x5ba7aec6a6d0, C4<0>, C4<0>;
L_0x5ba7aec6ffd0 .functor OR 1, L_0x5ba7aec6ff60, L_0x5ba7aec69240, C4<0>, C4<0>;
L_0x5ba7aec700e0 .functor OR 1, L_0x5ba7aec6ffd0, L_0x5ba7aec679d0, C4<0>, C4<0>;
L_0x5ba7aec701a0 .functor OR 1, L_0x5ba7aec68db0, L_0x5ba7aec679d0, C4<0>, C4<0>;
L_0x5ba7aec702c0 .functor OR 1, L_0x5ba7aec701a0, L_0x5ba7aec69c80, C4<0>, C4<0>;
L_0x5ba7aec70330 .functor OR 1, L_0x5ba7aec702c0, L_0x5ba7aec6abc0, C4<0>, C4<0>;
L_0x5ba7aec704b0 .functor OR 1, L_0x5ba7aec68db0, L_0x5ba7aec6a6d0, C4<0>, C4<0>;
L_0x5ba7aec70520 .functor OR 1, L_0x5ba7aec704b0, L_0x5ba7aec69240, C4<0>, C4<0>;
L_0x5ba7aec706b0 .functor OR 1, L_0x5ba7aec70520, L_0x5ba7aec679d0, C4<0>, C4<0>;
L_0x5ba7aec70770 .functor BUFZ 1, L_0x5ba7aec68db0, C4<0>, C4<0>, C4<0>;
L_0x5ba7aec76210 .functor OR 1, L_0x5ba7aec757f0, L_0x5ba7aec75a00, C4<0>, C4<0>;
L_0x5ba7aec76320 .functor BUFZ 1, v0x5ba7aec23ea0_0, C4<0>, C4<0>, C4<0>;
L_0x5ba7aec76480 .functor BUFZ 5, v0x5ba7aec23cf0_0, C4<00000>, C4<00000>, C4<00000>;
L_0x5ba7aec76520 .functor BUFZ 1, v0x5ba7aec240f0_0, C4<0>, C4<0>, C4<0>;
L_0x5ba7aec766f0 .functor BUFZ 5, v0x5ba7aec23f40_0, C4<00000>, C4<00000>, C4<00000>;
L_0x5ba7aec76860 .functor AND 1, L_0x5ba7aec75d80, L_0x5ba7aec7fca0, C4<1>, C4<1>;
L_0x5ba7aec76960 .functor AND 1, L_0x5ba7aec76f10, L_0x5ba7aec7fca0, C4<1>, C4<1>;
L_0x5ba7aec77720 .functor OR 64, L_0x5ba7aec77320, L_0x5ba7aec77410, C4<0000000000000000000000000000000000000000000000000000000000000000>, C4<0000000000000000000000000000000000000000000000000000000000000000>;
L_0x5ba7aec779a0 .functor OR 64, L_0x5ba7aec77f60, L_0x5ba7aec77880, C4<0000000000000000000000000000000000000000000000000000000000000000>, C4<0000000000000000000000000000000000000000000000000000000000000000>;
L_0x5ba7aec77c70 .functor XOR 64, L_0x5ba7aec77ab0, L_0x5ba7aec77ba0, C4<0000000000000000000000000000000000000000000000000000000000000000>, C4<0000000000000000000000000000000000000000000000000000000000000000>;
L_0x5ba7aec78000 .functor XOR 64, L_0x5ba7aec77d80, L_0x5ba7aec77e70, C4<0000000000000000000000000000000000000000000000000000000000000000>, C4<0000000000000000000000000000000000000000000000000000000000000000>;
L_0x5ba7aec781b0 .functor AND 64, L_0x5ba7aec78110, L_0x5ba7aec5e6d0, C4<1111111111111111111111111111111111111111111111111111111111111111>, C4<1111111111111111111111111111111111111111111111111111111111111111>;
L_0x5ba7aec78480 .functor AND 64, L_0x5ba7aec78270, L_0x5ba7aec78360, C4<1111111111111111111111111111111111111111111111111111111111111111>, C4<1111111111111111111111111111111111111111111111111111111111111111>;
L_0x5ba7aec78980 .functor XNOR 1, L_0x5ba7aec78a90, L_0x5ba7aec78b30, C4<0>, C4<0>;
L_0x5ba7aec7bae0 .functor XNOR 1, L_0x5ba7aec7ab00, L_0x5ba7aec7aba0, C4<0>, C4<0>;
L_0x5ba7aec7cd10 .functor OR 1, v0x5ba7aec1e6e0_0, v0x5ba7aec1f0a0_0, C4<0>, C4<0>;
L_0x5ba7aec7d6c0 .functor AND 1, v0x5ba7aec22f30_0, L_0x5ba7aec83160, C4<1>, C4<1>;
L_0x5ba7aec7fa20 .functor AND 1, L_0x5ba7aec7d6c0, L_0x5ba7aec7f930, C4<1>, C4<1>;
L_0x5ba7aec7fca0 .functor OR 1, L_0x5ba7aec7fa20, v0x5ba7aec24d70_0, C4<0>, C4<0>;
L_0x5ba7aec80420 .functor XOR 1, L_0x5ba7aec802e0, L_0x5ba7aec80380, C4<0>, C4<0>;
L_0x5ba7aec80660 .functor XOR 1, L_0x5ba7aec80240, L_0x5ba7aec80420, C4<0>, C4<0>;
L_0x5ba7aec813d0 .functor XOR 1, L_0x5ba7aec80810, L_0x5ba7aec808b0, C4<0>, C4<0>;
L_0x5ba7aec81670 .functor XOR 1, L_0x5ba7aec80770, L_0x5ba7aec813d0, C4<0>, C4<0>;
L_0x5ba7aec81a00 .functor AND 1, L_0x5ba7aec83160, L_0x5ba7aec818c0, C4<1>, C4<1>;
L_0x5ba7aec81c60 .functor AND 1, L_0x5ba7aec83160, v0x5ba7aec1e6e0_0, C4<1>, C4<1>;
L_0x5ba7aec81d70 .functor OR 1, v0x5ba7aec24ef0_0, v0x5ba7aec24fb0_0, C4<0>, C4<0>;
L_0x5ba7aec81f90 .functor OR 1, L_0x5ba7aec81d70, v0x5ba7aec24cb0_0, C4<0>, C4<0>;
L_0x5ba7aec82050 .functor OR 1, L_0x5ba7aec81f90, v0x5ba7aec24d70_0, C4<0>, C4<0>;
L_0x5ba7aec82e10 .functor OR 1, L_0x5ba7aec82050, v0x5ba7aec24a70_0, C4<0>, C4<0>;
L_0x5ba7aec82ed0 .functor OR 1, L_0x5ba7aec82e10, v0x5ba7aec24b30_0, C4<0>, C4<0>;
L_0x5ba7aec822d0 .functor AND 1, L_0x5ba7aec83160, v0x5ba7aec1e4a0_0, C4<1>, C4<1>;
L_0x5ba7aec82340 .functor BUFZ 1, v0x5ba7aec24cb0_0, C4<0>, C4<0>, C4<0>;
L_0x5ba7aec82630 .functor AND 1, v0x5ba7aec248f0_0, v0x5ba7aec1f160_0, C4<1>, C4<1>;
L_0x5ba7aec836b0 .functor BUFZ 32, L_0x5ba7aec83480, C4<00000000000000000000000000000000>, C4<00000000000000000000000000000000>, C4<00000000000000000000000000000000>;
L_0x5ba7aec839f0 .functor BUFZ 32, L_0x5ba7aec837c0, C4<00000000000000000000000000000000>, C4<00000000000000000000000000000000>, C4<00000000000000000000000000000000>;
L_0x5ba7aec84c90 .functor BUFZ 32, L_0x5ba7aec83b00, C4<00000000000000000000000000000000>, C4<00000000000000000000000000000000>, C4<00000000000000000000000000000000>;
v0x5ba7aec18ca0_0 .net "CLK", 0 0, v0x5ba7aec3a950_0;  alias, 1 drivers
v0x5ba7aec18d80 .array "CPU_Dmem_value_a4", 0 15;
v0x5ba7aec18d80_0 .net v0x5ba7aec18d80 0, 31 0, L_0x5ba7aec5ebc0; 1 drivers
v0x5ba7aec18d80_1 .net v0x5ba7aec18d80 1, 31 0, L_0x5ba7aec5f230; 1 drivers
v0x5ba7aec18d80_2 .net v0x5ba7aec18d80 2, 31 0, L_0x5ba7aec5f8c0; 1 drivers
v0x5ba7aec18d80_3 .net v0x5ba7aec18d80 3, 31 0, L_0x5ba7aec5fd40; 1 drivers
v0x5ba7aec18d80_4 .net v0x5ba7aec18d80 4, 31 0, L_0x5ba7aec60200; 1 drivers
v0x5ba7aec18d80_5 .net v0x5ba7aec18d80 5, 31 0, L_0x5ba7aec60720; 1 drivers
v0x5ba7aec18d80_6 .net v0x5ba7aec18d80 6, 31 0, L_0x5ba7aec60db0; 1 drivers
v0x5ba7aec18d80_7 .net v0x5ba7aec18d80 7, 31 0, L_0x5ba7aec61300; 1 drivers
v0x5ba7aec18d80_8 .net v0x5ba7aec18d80 8, 31 0, L_0x5ba7aec619a0; 1 drivers
v0x5ba7aec18d80_9 .net v0x5ba7aec18d80 9, 31 0, L_0x5ba7aec61ef0; 1 drivers
v0x5ba7aec18d80_10 .net v0x5ba7aec18d80 10, 31 0, L_0x5ba7aec625a0; 1 drivers
v0x5ba7aec18d80_11 .net v0x5ba7aec18d80 11, 31 0, L_0x5ba7aec62af0; 1 drivers
v0x5ba7aec18d80_12 .net v0x5ba7aec18d80 12, 31 0, L_0x5ba7aec631b0; 1 drivers
v0x5ba7aec18d80_13 .net v0x5ba7aec18d80 13, 31 0, L_0x5ba7aec63700; 1 drivers
v0x5ba7aec18d80_14 .net v0x5ba7aec18d80 14, 31 0, L_0x5ba7aec63dd0; 1 drivers
v0x5ba7aec18d80_15 .net v0x5ba7aec18d80 15, 31 0, L_0x5ba7aec64320; 1 drivers
v0x5ba7aec190d0 .array "CPU_Dmem_value_a5", 0 15, 31 0;
v0x5ba7aec19400 .array "CPU_Imem_instr_a1", 0 12;
v0x5ba7aec19400_0 .net v0x5ba7aec19400 0, 31 0, L_0x5ba7aeaca030; 1 drivers
v0x5ba7aec19400_1 .net v0x5ba7aec19400 1, 31 0, L_0x5ba7aeac9b50; 1 drivers
v0x5ba7aec19400_2 .net v0x5ba7aec19400 2, 31 0, L_0x5ba7aeac9670; 1 drivers
v0x5ba7aec19400_3 .net v0x5ba7aec19400 3, 31 0, L_0x5ba7aeac9190; 1 drivers
v0x5ba7aec19400_4 .net v0x5ba7aec19400 4, 31 0, L_0x5ba7aec3bf90; 1 drivers
v0x5ba7aec19400_5 .net v0x5ba7aec19400 5, 31 0, L_0x5ba7aec3c060; 1 drivers
v0x5ba7aec19400_6 .net v0x5ba7aec19400 6, 31 0, L_0x5ba7aec3c130; 1 drivers
v0x5ba7aec19400_7 .net v0x5ba7aec19400 7, 31 0, L_0x5ba7aec3c200; 1 drivers
v0x5ba7aec19400_8 .net v0x5ba7aec19400 8, 31 0, L_0x5ba7aec3c2d0; 1 drivers
v0x5ba7aec19400_9 .net v0x5ba7aec19400 9, 31 0, L_0x5ba7aec3c3a0; 1 drivers
v0x5ba7aec19400_10 .net v0x5ba7aec19400 10, 31 0, L_0x5ba7aec3c470; 1 drivers
v0x5ba7aec19400_11 .net v0x5ba7aec19400 11, 31 0, L_0x5ba7aec3c540; 1 drivers
v0x5ba7aec19400_12 .net v0x5ba7aec19400 12, 31 0, L_0x5ba7aec3c610; 1 drivers
v0x5ba7aec19660 .array "CPU_Xreg_value_a3", 0 31;
v0x5ba7aec19660_0 .net v0x5ba7aec19660 0, 31 0, L_0x5ba7aec4ce40; 1 drivers
v0x5ba7aec19660_1 .net v0x5ba7aec19660 1, 31 0, L_0x5ba7aec4d720; 1 drivers
v0x5ba7aec19660_2 .net v0x5ba7aec19660 2, 31 0, L_0x5ba7aec4df00; 1 drivers
v0x5ba7aec19660_3 .net v0x5ba7aec19660 3, 31 0, L_0x5ba7aec4e690; 1 drivers
v0x5ba7aec19660_4 .net v0x5ba7aec19660 4, 31 0, L_0x5ba7aec4ef70; 1 drivers
v0x5ba7aec19660_5 .net v0x5ba7aec19660 5, 31 0, L_0x5ba7aec4f720; 1 drivers
v0x5ba7aec19660_6 .net v0x5ba7aec19660 6, 31 0, L_0x5ba7aec4fee0; 1 drivers
v0x5ba7aec19660_7 .net v0x5ba7aec19660 7, 31 0, L_0x5ba7aec507a0; 1 drivers
v0x5ba7aec19660_8 .net v0x5ba7aec19660 8, 31 0, L_0x5ba7aec512c0; 1 drivers
v0x5ba7aec19660_9 .net v0x5ba7aec19660 9, 31 0, L_0x5ba7aec51a70; 1 drivers
v0x5ba7aec19660_10 .net v0x5ba7aec19660 10, 31 0, L_0x5ba7aec52200; 1 drivers
v0x5ba7aec19660_11 .net v0x5ba7aec19660 11, 31 0, L_0x5ba7aec52980; 1 drivers
v0x5ba7aec19660_12 .net v0x5ba7aec19660 12, 31 0, L_0x5ba7aec53170; 1 drivers
v0x5ba7aec19660_13 .net v0x5ba7aec19660 13, 31 0, L_0x5ba7aec538f0; 1 drivers
v0x5ba7aec19660_14 .net v0x5ba7aec19660 14, 31 0, L_0x5ba7aec54080; 1 drivers
v0x5ba7aec19660_15 .net v0x5ba7aec19660 15, 31 0, L_0x5ba7aec54a10; 1 drivers
v0x5ba7aec19660_16 .net v0x5ba7aec19660 16, 31 0, L_0x5ba7aec55630; 1 drivers
v0x5ba7aec19660_17 .net v0x5ba7aec19660 17, 31 0, L_0x5ba7aec55d80; 1 drivers
v0x5ba7aec19660_18 .net v0x5ba7aec19660 18, 31 0, L_0x5ba7aec56600; 1 drivers
v0x5ba7aec19660_19 .net v0x5ba7aec19660 19, 31 0, L_0x5ba7aec56db0; 1 drivers
v0x5ba7aec19660_20 .net v0x5ba7aec19660 20, 31 0, L_0x5ba7aec57570; 1 drivers
v0x5ba7aec19660_21 .net v0x5ba7aec19660 21, 31 0, L_0x5ba7aec57d20; 1 drivers
v0x5ba7aec19660_22 .net v0x5ba7aec19660 22, 31 0, L_0x5ba7aec58590; 1 drivers
v0x5ba7aec19660_23 .net v0x5ba7aec19660 23, 31 0, L_0x5ba7aec58d40; 1 drivers
v0x5ba7aec19660_24 .net v0x5ba7aec19660 24, 31 0, L_0x5ba7aec595c0; 1 drivers
v0x5ba7aec19660_25 .net v0x5ba7aec19660 25, 31 0, L_0x5ba7aec59d70; 1 drivers
v0x5ba7aec19660_26 .net v0x5ba7aec19660 26, 31 0, L_0x5ba7aec5a600; 1 drivers
v0x5ba7aec19660_27 .net v0x5ba7aec19660 27, 31 0, L_0x5ba7aec5adb0; 1 drivers
v0x5ba7aec19660_28 .net v0x5ba7aec19660 28, 31 0, L_0x5ba7aec5b650; 1 drivers
v0x5ba7aec19660_29 .net v0x5ba7aec19660 29, 31 0, L_0x5ba7aec5be00; 1 drivers
v0x5ba7aec19660_30 .net v0x5ba7aec19660 30, 31 0, L_0x5ba7aec5c6b0; 1 drivers
v0x5ba7aec19660_31 .net v0x5ba7aec19660 31, 31 0, L_0x5ba7aec5d8b0; 1 drivers
v0x5ba7aec19b70 .array "CPU_Xreg_value_a4", 0 31, 31 0;
v0x5ba7aec1a030 .array "CPU_Xreg_value_a5", 0 31, 31 0;
v0x5ba7aec1a0f0_0 .net "CPU_br_tgt_pc_a2", 31 0, L_0x5ba7aec767c0;  1 drivers
v0x5ba7aec1a1d0_0 .var "CPU_br_tgt_pc_a3", 31 0;
v0x5ba7aec1a340_0 .net "CPU_dec_bits_a1", 10 0, L_0x5ba7aec71840;  1 drivers
v0x5ba7aec1a420_0 .net "CPU_dmem_addr_a4", 3 0, v0x5ba7aec23490_0;  1 drivers
v0x5ba7aec1a500_0 .var "CPU_dmem_rd_data_a5", 31 0;
v0x5ba7aec1a5e0_0 .net "CPU_dmem_rd_en_a4", 0 0, L_0x5ba7aec82340;  1 drivers
v0x5ba7aec1a680_0 .net "CPU_dmem_wr_data_a4", 31 0, v0x5ba7aec24690_0;  1 drivers
v0x5ba7aec1a740_0 .net "CPU_dmem_wr_en_a4", 0 0, L_0x5ba7aec82630;  1 drivers
v0x5ba7aec1a800_0 .net "CPU_funct3_a1", 2 0, L_0x5ba7aec70dc0;  1 drivers
v0x5ba7aec1a8e0_0 .net "CPU_funct3_valid_a1", 0 0, L_0x5ba7aec706b0;  1 drivers
v0x5ba7aec1aab0_0 .net "CPU_funct7_a1", 6 0, L_0x5ba7aec71230;  1 drivers
v0x5ba7aec1ab90_0 .net "CPU_funct7_valid_a1", 0 0, L_0x5ba7aec70770;  1 drivers
v0x5ba7aec1ac50_0 .net "CPU_imem_rd_addr_a0", 31 0, L_0x5ba7aec65d60;  1 drivers
v0x5ba7aec1ad30_0 .var "CPU_imem_rd_addr_a1", 31 0;
v0x5ba7aec1ae10_0 .net "CPU_imem_rd_data_a1", 31 0, L_0x5ba7aec832a0;  1 drivers
v0x5ba7aec1aef0_0 .net "CPU_imem_rd_en_a0", 0 0, L_0x5ba7aec659c0;  1 drivers
v0x5ba7aec1afb0_0 .var "CPU_imem_rd_en_a1", 0 0;
v0x5ba7aec1b070_0 .net "CPU_imm_a1", 31 0, L_0x5ba7aec6f7c0;  1 drivers
v0x5ba7aec1b150_0 .var "CPU_imm_a2", 31 0;
v0x5ba7aec1b230_0 .var "CPU_imm_a3", 31 0;
v0x5ba7aec1b310_0 .net "CPU_inc_pc_a1", 31 0, L_0x5ba7aec66110;  1 drivers
v0x5ba7aec1b3f0_0 .var "CPU_inc_pc_a2", 31 0;
v0x5ba7aec1b4d0_0 .var "CPU_inc_pc_a3", 31 0;
v0x5ba7aec1b5b0_0 .net "CPU_instr_a1", 31 0, L_0x5ba7aec66070;  1 drivers
v0x5ba7aec1b690_0 .net "CPU_is_add_a1", 0 0, L_0x5ba7aec735c0;  1 drivers
v0x5ba7aec1b750_0 .var "CPU_is_add_a2", 0 0;
v0x5ba7aec1b810_0 .var "CPU_is_add_a3", 0 0;
v0x5ba7aec1b8d0_0 .net "CPU_is_addi_a1", 0 0, L_0x5ba7aec73170;  1 drivers
v0x5ba7aec1b990_0 .var "CPU_is_addi_a2", 0 0;
v0x5ba7aec1ba50_0 .var "CPU_is_addi_a3", 0 0;
v0x5ba7aec1bb10_0 .net "CPU_is_and_a1", 0 0, L_0x5ba7aec73870;  1 drivers
v0x5ba7aec1bbd0_0 .var "CPU_is_and_a2", 0 0;
v0x5ba7aec1bc90_0 .var "CPU_is_and_a3", 0 0;
v0x5ba7aec1bd50_0 .net "CPU_is_andi_a1", 0 0, L_0x5ba7aec73a60;  1 drivers
v0x5ba7aec1be10_0 .var "CPU_is_andi_a2", 0 0;
v0x5ba7aec1bed0_0 .var "CPU_is_andi_a3", 0 0;
v0x5ba7aec1bf90_0 .net "CPU_is_auipc_a1", 0 0, L_0x5ba7aec755e0;  1 drivers
v0x5ba7aec1c050_0 .var "CPU_is_auipc_a2", 0 0;
v0x5ba7aec1c110_0 .var "CPU_is_auipc_a3", 0 0;
v0x5ba7aec1c1d0_0 .net "CPU_is_b_instr_a1", 0 0, L_0x5ba7aec69240;  1 drivers
v0x5ba7aec1c290_0 .net "CPU_is_beq_a1", 0 0, L_0x5ba7aec71eb0;  1 drivers
v0x5ba7aec1c350_0 .var "CPU_is_beq_a2", 0 0;
v0x5ba7aec1c410_0 .var "CPU_is_beq_a3", 0 0;
v0x5ba7aec1c4d0_0 .var "CPU_is_beq_a4", 0 0;
v0x5ba7aec1c590_0 .var "CPU_is_beq_a5", 0 0;
v0x5ba7aec1c650_0 .net "CPU_is_bge_a1", 0 0, L_0x5ba7aec73030;  1 drivers
v0x5ba7aec1c710_0 .var "CPU_is_bge_a2", 0 0;
v0x5ba7aec1c7d0_0 .var "CPU_is_bge_a3", 0 0;
v0x5ba7aec1c890_0 .var "CPU_is_bge_a4", 0 0;
v0x5ba7aec1c950_0 .var "CPU_is_bge_a5", 0 0;
v0x5ba7aec1ca10_0 .net "CPU_is_bgeu_a1", 0 0, L_0x5ba7aec72df0;  1 drivers
v0x5ba7aec1cad0_0 .var "CPU_is_bgeu_a2", 0 0;
v0x5ba7aec1cb90_0 .var "CPU_is_bgeu_a3", 0 0;
v0x5ba7aec1cc50_0 .var "CPU_is_bgeu_a4", 0 0;
v0x5ba7aec1cd10_0 .var "CPU_is_bgeu_a5", 0 0;
v0x5ba7aec1cdd0_0 .net "CPU_is_blt_a1", 0 0, L_0x5ba7aec72a80;  1 drivers
v0x5ba7aec1ce90_0 .var "CPU_is_blt_a2", 0 0;
v0x5ba7aec1cf50_0 .var "CPU_is_blt_a3", 0 0;
v0x5ba7aec1d420_0 .var "CPU_is_blt_a4", 0 0;
v0x5ba7aec1d4e0_0 .var "CPU_is_blt_a5", 0 0;
v0x5ba7aec1d5a0_0 .net "CPU_is_bltu_a1", 0 0, L_0x5ba7aec72c10;  1 drivers
v0x5ba7aec1d660_0 .var "CPU_is_bltu_a2", 0 0;
v0x5ba7aec1d720_0 .var "CPU_is_bltu_a3", 0 0;
v0x5ba7aec1d7e0_0 .var "CPU_is_bltu_a4", 0 0;
v0x5ba7aec1d8a0_0 .var "CPU_is_bltu_a5", 0 0;
v0x5ba7aec1d960_0 .net "CPU_is_bne_a1", 0 0, L_0x5ba7aec72490;  1 drivers
v0x5ba7aec1da20_0 .var "CPU_is_bne_a2", 0 0;
v0x5ba7aec1dae0_0 .var "CPU_is_bne_a3", 0 0;
v0x5ba7aec1dba0_0 .var "CPU_is_bne_a4", 0 0;
v0x5ba7aec1dc60_0 .var "CPU_is_bne_a5", 0 0;
v0x5ba7aec1dd20_0 .net "CPU_is_i_instr_a1", 0 0, L_0x5ba7aec679d0;  1 drivers
v0x5ba7aec1dde0_0 .net "CPU_is_j_instr_a1", 0 0, L_0x5ba7aec6abc0;  1 drivers
v0x5ba7aec1dea0_0 .net "CPU_is_jal_a1", 0 0, L_0x5ba7aec757f0;  1 drivers
v0x5ba7aec1df60_0 .var "CPU_is_jal_a2", 0 0;
v0x5ba7aec1e020_0 .var "CPU_is_jal_a3", 0 0;
v0x5ba7aec1e0e0_0 .net "CPU_is_jalr_a1", 0 0, L_0x5ba7aec75a00;  1 drivers
v0x5ba7aec1e1a0_0 .var "CPU_is_jalr_a2", 0 0;
v0x5ba7aec1e260_0 .var "CPU_is_jalr_a3", 0 0;
v0x5ba7aec1e320_0 .net "CPU_is_jump_a1", 0 0, L_0x5ba7aec76210;  1 drivers
v0x5ba7aec1e3e0_0 .var "CPU_is_jump_a2", 0 0;
v0x5ba7aec1e4a0_0 .var "CPU_is_jump_a3", 0 0;
v0x5ba7aec1e560_0 .net "CPU_is_load_a1", 0 0, L_0x5ba7aec74a50;  1 drivers
v0x5ba7aec1e620_0 .var "CPU_is_load_a2", 0 0;
v0x5ba7aec1e6e0_0 .var "CPU_is_load_a3", 0 0;
v0x5ba7aec1e7a0_0 .net "CPU_is_lui_a1", 0 0, L_0x5ba7aec75360;  1 drivers
v0x5ba7aec1e860_0 .var "CPU_is_lui_a2", 0 0;
v0x5ba7aec1e920_0 .var "CPU_is_lui_a3", 0 0;
v0x5ba7aec1e9e0_0 .net "CPU_is_or_a1", 0 0, L_0x5ba7aec732b0;  1 drivers
v0x5ba7aec1eaa0_0 .var "CPU_is_or_a2", 0 0;
v0x5ba7aec1eb60_0 .var "CPU_is_or_a3", 0 0;
v0x5ba7aec1ec20_0 .net "CPU_is_ori_a1", 0 0, L_0x5ba7aec73440;  1 drivers
v0x5ba7aec1ece0_0 .var "CPU_is_ori_a2", 0 0;
v0x5ba7aec1eda0_0 .var "CPU_is_ori_a3", 0 0;
v0x5ba7aec1ee60_0 .net "CPU_is_r_instr_a1", 0 0, L_0x5ba7aec68db0;  1 drivers
v0x5ba7aec1ef20_0 .net "CPU_is_s_instr_a1", 0 0, L_0x5ba7aec6a6d0;  1 drivers
v0x5ba7aec1efe0_0 .var "CPU_is_s_instr_a2", 0 0;
v0x5ba7aec1f0a0_0 .var "CPU_is_s_instr_a3", 0 0;
v0x5ba7aec1f160_0 .var "CPU_is_s_instr_a4", 0 0;
v0x5ba7aec1f220_0 .net "CPU_is_sb_a1", 0 0, L_0x5ba7aec74c60;  1 drivers
v0x5ba7aec1f2e0_0 .var "CPU_is_sb_a2", 0 0;
v0x5ba7aec1f3a0_0 .var "CPU_is_sb_a3", 0 0;
v0x5ba7aec1f460_0 .var "CPU_is_sb_a4", 0 0;
v0x5ba7aec1f520_0 .var "CPU_is_sb_a5", 0 0;
v0x5ba7aec1f5e0_0 .net "CPU_is_sh_a1", 0 0, L_0x5ba7aec74f70;  1 drivers
v0x5ba7aec1f6a0_0 .var "CPU_is_sh_a2", 0 0;
v0x5ba7aec1f760_0 .var "CPU_is_sh_a3", 0 0;
v0x5ba7aec1f820_0 .var "CPU_is_sh_a4", 0 0;
v0x5ba7aec1f8e0_0 .var "CPU_is_sh_a5", 0 0;
v0x5ba7aec1f9a0_0 .net "CPU_is_sll_a1", 0 0, L_0x5ba7aec74440;  1 drivers
v0x5ba7aec1fa60_0 .var "CPU_is_sll_a2", 0 0;
v0x5ba7aec1fb20_0 .var "CPU_is_sll_a3", 0 0;
v0x5ba7aec1fbe0_0 .net "CPU_is_slli_a1", 0 0, L_0x5ba7aec74770;  1 drivers
v0x5ba7aec1fca0_0 .var "CPU_is_slli_a2", 0 0;
v0x5ba7aec1fd60_0 .var "CPU_is_slli_a3", 0 0;
v0x5ba7aec1fe20_0 .net "CPU_is_slt_a1", 0 0, L_0x5ba7aec74560;  1 drivers
v0x5ba7aec1fee0_0 .var "CPU_is_slt_a2", 0 0;
v0x5ba7aec1ffa0_0 .var "CPU_is_slt_a3", 0 0;
v0x5ba7aec20060_0 .net "CPU_is_slti_a1", 0 0, L_0x5ba7aec73ed0;  1 drivers
v0x5ba7aec20120_0 .var "CPU_is_slti_a2", 0 0;
v0x5ba7aec201e0_0 .var "CPU_is_slti_a3", 0 0;
v0x5ba7aec202a0_0 .net "CPU_is_sltiu_a1", 0 0, L_0x5ba7aec740e0;  1 drivers
v0x5ba7aec20360_0 .var "CPU_is_sltiu_a2", 0 0;
v0x5ba7aec20c30_0 .var "CPU_is_sltiu_a3", 0 0;
v0x5ba7aec20cf0_0 .net "CPU_is_sltu_a1", 0 0, L_0x5ba7aec74d60;  1 drivers
v0x5ba7aec20db0_0 .var "CPU_is_sltu_a2", 0 0;
v0x5ba7aec20e70_0 .var "CPU_is_sltu_a3", 0 0;
v0x5ba7aec20f30_0 .net "CPU_is_sra_a1", 0 0, L_0x5ba7aec74860;  1 drivers
v0x5ba7aec20ff0_0 .var "CPU_is_sra_a2", 0 0;
v0x5ba7aec210b0_0 .var "CPU_is_sra_a3", 0 0;
v0x5ba7aec21170_0 .net "CPU_is_srai_a1", 0 0, L_0x5ba7aec74320;  1 drivers
v0x5ba7aec21230_0 .var "CPU_is_srai_a2", 0 0;
v0x5ba7aec212f0_0 .var "CPU_is_srai_a3", 0 0;
v0x5ba7aec213b0_0 .net "CPU_is_srl_a1", 0 0, L_0x5ba7aec74e50;  1 drivers
v0x5ba7aec21470_0 .var "CPU_is_srl_a2", 0 0;
v0x5ba7aec21530_0 .var "CPU_is_srl_a3", 0 0;
v0x5ba7aec215f0_0 .net "CPU_is_srli_a1", 0 0, L_0x5ba7aec74200;  1 drivers
v0x5ba7aec216b0_0 .var "CPU_is_srli_a2", 0 0;
v0x5ba7aec21770_0 .var "CPU_is_srli_a3", 0 0;
v0x5ba7aec21830_0 .net "CPU_is_sub_a1", 0 0, L_0x5ba7aec73d10;  1 drivers
v0x5ba7aec218f0_0 .var "CPU_is_sub_a2", 0 0;
v0x5ba7aec219b0_0 .var "CPU_is_sub_a3", 0 0;
v0x5ba7aec21a70_0 .net "CPU_is_sw_a1", 0 0, L_0x5ba7aec75150;  1 drivers
v0x5ba7aec21b30_0 .var "CPU_is_sw_a2", 0 0;
v0x5ba7aec21bf0_0 .var "CPU_is_sw_a3", 0 0;
v0x5ba7aec21cb0_0 .var "CPU_is_sw_a4", 0 0;
v0x5ba7aec21d70_0 .var "CPU_is_sw_a5", 0 0;
v0x5ba7aec21e30_0 .net "CPU_is_u_instr_a1", 0 0, L_0x5ba7aec69c80;  1 drivers
v0x5ba7aec21ef0_0 .net "CPU_is_xor_a1", 0 0, L_0x5ba7aec73b80;  1 drivers
v0x5ba7aec21fb0_0 .var "CPU_is_xor_a2", 0 0;
v0x5ba7aec22070_0 .var "CPU_is_xor_a3", 0 0;
v0x5ba7aec22130_0 .net "CPU_is_xori_a1", 0 0, L_0x5ba7aec73700;  1 drivers
v0x5ba7aec221f0_0 .var "CPU_is_xori_a2", 0 0;
v0x5ba7aec222b0_0 .var "CPU_is_xori_a3", 0 0;
v0x5ba7aec22370_0 .net "CPU_jalr_tgt_pc_a2", 31 0, L_0x5ba7aec75c30;  1 drivers
v0x5ba7aec22450_0 .var "CPU_jalr_tgt_pc_a3", 31 0;
v0x5ba7aec22530_0 .net "CPU_ld_data_a5", 31 0, v0x5ba7aec1a500_0;  1 drivers
v0x5ba7aec22610_0 .net "CPU_opcode_a1", 6 0, L_0x5ba7aec712d0;  1 drivers
v0x5ba7aec226f0_0 .net "CPU_pc_a0", 31 0, L_0x5ba7aec65880;  1 drivers
v0x5ba7aec227d0_0 .var "CPU_pc_a1", 31 0;
v0x5ba7aec228b0_0 .var "CPU_pc_a2", 31 0;
v0x5ba7aec22990_0 .var "CPU_pc_a3", 31 0;
v0x5ba7aec22a70_0 .var "CPU_rd_a2", 4 0;
v0x5ba7aec22b50_0 .var "CPU_rd_a3", 4 0;
v0x5ba7aec22c30_0 .var "CPU_rd_a4", 4 0;
v0x5ba7aec22d10_0 .var "CPU_rd_a5", 4 0;
v0x5ba7aec22df0_0 .net "CPU_rd_valid_a1", 0 0, L_0x5ba7aec70330;  1 drivers
v0x5ba7aec22e90_0 .var "CPU_rd_valid_a2", 0 0;
v0x5ba7aec22f30_0 .var "CPU_rd_valid_a3", 0 0;
v0x5ba7aec22fd0_0 .var "CPU_rd_valid_a4", 0 0;
v0x5ba7aec23070_0 .net "CPU_reset_a0", 0 0, L_0x5ba7aec64cc0;  1 drivers
v0x5ba7aec23110_0 .var "CPU_reset_a1", 0 0;
v0x5ba7aec231b0_0 .var "CPU_reset_a2", 0 0;
v0x5ba7aec23250_0 .var "CPU_reset_a3", 0 0;
v0x5ba7aec232f0_0 .var "CPU_reset_a4", 0 0;
v0x5ba7aec233b0_0 .net "CPU_result_a3", 31 0, L_0x5ba7aec7f7f0;  1 drivers
v0x5ba7aec23490_0 .var "CPU_result_a4", 5 2;
v0x5ba7aec23570_0 .net "CPU_rf_rd_data1_a2", 31 0, L_0x5ba7aec836b0;  1 drivers
v0x5ba7aec23650_0 .net "CPU_rf_rd_data2_a2", 31 0, L_0x5ba7aec839f0;  1 drivers
v0x5ba7aec23730_0 .net "CPU_rf_rd_en1_a2", 0 0, L_0x5ba7aec76320;  1 drivers
v0x5ba7aec237f0_0 .net "CPU_rf_rd_en2_a2", 0 0, L_0x5ba7aec76520;  1 drivers
v0x5ba7aec238b0_0 .net "CPU_rf_rd_index1_a2", 4 0, L_0x5ba7aec76480;  1 drivers
v0x5ba7aec23990_0 .net "CPU_rf_rd_index2_a2", 4 0, L_0x5ba7aec766f0;  1 drivers
v0x5ba7aec23a70_0 .net "CPU_rf_wr_data_a3", 31 0, L_0x5ba7aec80060;  1 drivers
v0x5ba7aec23b50_0 .net "CPU_rf_wr_en_a3", 0 0, L_0x5ba7aec7fca0;  1 drivers
v0x5ba7aec23c10_0 .net "CPU_rf_wr_index_a3", 4 0, L_0x5ba7aec80950;  1 drivers
v0x5ba7aec23cf0_0 .var "CPU_rs1_a2", 4 0;
v0x5ba7aec23dd0_0 .net "CPU_rs1_valid_a1", 0 0, L_0x5ba7aec700e0;  1 drivers
v0x5ba7aec23ea0_0 .var "CPU_rs1_valid_a2", 0 0;
v0x5ba7aec23f40_0 .var "CPU_rs2_a2", 4 0;
v0x5ba7aec24020_0 .net "CPU_rs2_valid_a1", 0 0, L_0x5ba7aec6fdc0;  1 drivers
v0x5ba7aec240f0_0 .var "CPU_rs2_valid_a2", 0 0;
v0x5ba7aec24190_0 .net "CPU_sltiu_result_a3", 0 0, L_0x5ba7aec76c00;  1 drivers
v0x5ba7aec24250_0 .net "CPU_sltu_result_a3", 0 0, L_0x5ba7aec76b60;  1 drivers
v0x5ba7aec24310_0 .net "CPU_src1_value_a2", 31 0, L_0x5ba7aec76000;  1 drivers
v0x5ba7aec243f0_0 .var "CPU_src1_value_a3", 31 0;
v0x5ba7aec244d0_0 .net "CPU_src2_value_a2", 31 0, L_0x5ba7aec76a20;  1 drivers
v0x5ba7aec245b0_0 .var "CPU_src2_value_a3", 31 0;
v0x5ba7aec24690_0 .var "CPU_src2_value_a4", 31 0;
v0x5ba7aec24770_0 .net "CPU_taken_br_a3", 0 0, L_0x5ba7aec818c0;  1 drivers
v0x5ba7aec24830_0 .net "CPU_valid_a3", 0 0, L_0x5ba7aec83160;  1 drivers
v0x5ba7aec248f0_0 .var "CPU_valid_a4", 0 0;
v0x5ba7aec249b0_0 .net "CPU_valid_jump_a3", 0 0, L_0x5ba7aec822d0;  1 drivers
v0x5ba7aec24a70_0 .var "CPU_valid_jump_a4", 0 0;
v0x5ba7aec24b30_0 .var "CPU_valid_jump_a5", 0 0;
v0x5ba7aec24bf0_0 .net "CPU_valid_load_a3", 0 0, L_0x5ba7aec81c60;  1 drivers
v0x5ba7aec24cb0_0 .var "CPU_valid_load_a4", 0 0;
v0x5ba7aec24d70_0 .var "CPU_valid_load_a5", 0 0;
v0x5ba7aec24e30_0 .net "CPU_valid_taken_br_a3", 0 0, L_0x5ba7aec81a00;  1 drivers
v0x5ba7aec24ef0_0 .var "CPU_valid_taken_br_a4", 0 0;
v0x5ba7aec24fb0_0 .var "CPU_valid_taken_br_a5", 0 0;
v0x5ba7aec25070_0 .var "OUT", 9 0;
L_0x78855ab5b508 .functor BUFT 1, C4<00000000000000000000000000000000>, C4<0>, C4<0>, C4<0>;
v0x5ba7aec25150_0 .net/2u *"_ivl_1001", 31 0, L_0x78855ab5b508;  1 drivers
v0x5ba7aec25230_0 .net *"_ivl_1005", 31 0, L_0x5ba7aec83480;  1 drivers
v0x5ba7aec25310_0 .net *"_ivl_1007", 6 0, L_0x5ba7aec83520;  1 drivers
L_0x78855ab5b550 .functor BUFT 1, C4<00>, C4<0>, C4<0>, C4<0>;
v0x5ba7aec253f0_0 .net *"_ivl_1010", 1 0, L_0x78855ab5b550;  1 drivers
v0x5ba7aec254d0_0 .net *"_ivl_1013", 31 0, L_0x5ba7aec837c0;  1 drivers
v0x5ba7aec255b0_0 .net *"_ivl_1015", 6 0, L_0x5ba7aec83860;  1 drivers
L_0x78855ab5b598 .functor BUFT 1, C4<00>, C4<0>, C4<0>, C4<0>;
v0x5ba7aec25690_0 .net *"_ivl_1018", 1 0, L_0x78855ab5b598;  1 drivers
v0x5ba7aec25770_0 .net *"_ivl_1021", 31 0, L_0x5ba7aec83b00;  1 drivers
v0x5ba7aec25850_0 .net *"_ivl_1023", 5 0, L_0x5ba7aec84b50;  1 drivers
L_0x78855ab5b5e0 .functor BUFT 1, C4<00>, C4<0>, C4<0>, C4<0>;
v0x5ba7aec25930_0 .net *"_ivl_1026", 1 0, L_0x78855ab5b5e0;  1 drivers
L_0x78855ab59588 .functor BUFT 1, C4<00000000000000000000000000000000>, C4<0>, C4<0>, C4<0>;
v0x5ba7aec25a10_0 .net/2u *"_ivl_128", 31 0, L_0x78855ab59588;  1 drivers
v0x5ba7aec25af0_0 .net *"_ivl_131", 0 0, L_0x5ba7aec64d90;  1 drivers
v0x5ba7aec25bb0_0 .net *"_ivl_133", 0 0, L_0x5ba7aec64e90;  1 drivers
v0x5ba7aec25c70_0 .net *"_ivl_134", 31 0, L_0x5ba7aec64fb0;  1 drivers
v0x5ba7aec25d50_0 .net *"_ivl_136", 31 0, L_0x5ba7aec65100;  1 drivers
v0x5ba7aec25e30_0 .net *"_ivl_138", 31 0, L_0x5ba7aec65410;  1 drivers
v0x5ba7aec25f10_0 .net *"_ivl_140", 31 0, L_0x5ba7aec65530;  1 drivers
v0x5ba7aec25ff0_0 .net *"_ivl_147", 3 0, L_0x5ba7aec65c70;  1 drivers
L_0x78855ab595d0 .functor BUFT 1, C4<0000000000000000000000000000>, C4<0>, C4<0>, C4<0>;
v0x5ba7aec260d0_0 .net *"_ivl_151", 27 0, L_0x78855ab595d0;  1 drivers
L_0x78855ab59618 .functor BUFT 1, C4<00000000000000000000000000000100>, C4<0>, C4<0>, C4<0>;
v0x5ba7aec261b0_0 .net/2u *"_ivl_154", 31 0, L_0x78855ab59618;  1 drivers
v0x5ba7aec26290_0 .net *"_ivl_159", 4 0, L_0x5ba7aec662c0;  1 drivers
L_0x78855ab59660 .functor BUFT 1, C4<00000>, C4<0>, C4<0>, C4<0>;
v0x5ba7aec26370_0 .net/2u *"_ivl_160", 4 0, L_0x78855ab59660;  1 drivers
v0x5ba7aec26450_0 .net *"_ivl_162", 0 0, L_0x5ba7aec66590;  1 drivers
v0x5ba7aec26510_0 .net *"_ivl_165", 4 0, L_0x5ba7aec66700;  1 drivers
L_0x78855ab596a8 .functor BUFT 1, C4<00001>, C4<0>, C4<0>, C4<0>;
v0x5ba7aec265f0_0 .net/2u *"_ivl_166", 4 0, L_0x78855ab596a8;  1 drivers
v0x5ba7aec266d0_0 .net *"_ivl_168", 0 0, L_0x5ba7aec66990;  1 drivers
v0x5ba7aec26790_0 .net *"_ivl_171", 0 0, L_0x5ba7aec661b0;  1 drivers
v0x5ba7aec26850_0 .net *"_ivl_173", 4 0, L_0x5ba7aec66be0;  1 drivers
L_0x78855ab596f0 .functor BUFT 1, C4<00100>, C4<0>, C4<0>, C4<0>;
v0x5ba7aec26930_0 .net/2u *"_ivl_174", 4 0, L_0x78855ab596f0;  1 drivers
v0x5ba7aec26a10_0 .net *"_ivl_176", 0 0, L_0x5ba7aec66e80;  1 drivers
v0x5ba7aec26ad0_0 .net *"_ivl_179", 0 0, L_0x5ba7aec66f70;  1 drivers
v0x5ba7aec26b90_0 .net *"_ivl_181", 4 0, L_0x5ba7aec67080;  1 drivers
L_0x78855ab59738 .functor BUFT 1, C4<00110>, C4<0>, C4<0>, C4<0>;
v0x5ba7aec26c70_0 .net/2u *"_ivl_182", 4 0, L_0x78855ab59738;  1 drivers
v0x5ba7aec26d50_0 .net *"_ivl_184", 0 0, L_0x5ba7aec67330;  1 drivers
v0x5ba7aec26e10_0 .net *"_ivl_187", 0 0, L_0x5ba7aec67470;  1 drivers
v0x5ba7aec26ed0_0 .net *"_ivl_189", 4 0, L_0x5ba7aec675d0;  1 drivers
L_0x78855ab59780 .functor BUFT 1, C4<11001>, C4<0>, C4<0>, C4<0>;
v0x5ba7aec26fb0_0 .net/2u *"_ivl_190", 4 0, L_0x78855ab59780;  1 drivers
v0x5ba7aec27090_0 .net *"_ivl_192", 0 0, L_0x5ba7aec67890;  1 drivers
v0x5ba7aec27150_0 .net *"_ivl_197", 4 0, L_0x5ba7aec67ae0;  1 drivers
L_0x78855ab597c8 .functor BUFT 1, C4<01011>, C4<0>, C4<0>, C4<0>;
v0x5ba7aec20440_0 .net/2u *"_ivl_198", 4 0, L_0x78855ab597c8;  1 drivers
v0x5ba7aec20520_0 .net *"_ivl_200", 0 0, L_0x5ba7aec67db0;  1 drivers
v0x5ba7aec205e0_0 .net *"_ivl_203", 4 0, L_0x5ba7aec67ef0;  1 drivers
L_0x78855ab59810 .functor BUFT 1, C4<10100>, C4<0>, C4<0>, C4<0>;
v0x5ba7aec206c0_0 .net/2u *"_ivl_204", 4 0, L_0x78855ab59810;  1 drivers
v0x5ba7aec207a0_0 .net *"_ivl_206", 0 0, L_0x5ba7aec681d0;  1 drivers
v0x5ba7aec20860_0 .net *"_ivl_209", 0 0, L_0x5ba7aec68310;  1 drivers
v0x5ba7aec20920_0 .net *"_ivl_211", 4 0, L_0x5ba7aec68480;  1 drivers
L_0x78855ab59858 .functor BUFT 1, C4<01100>, C4<0>, C4<0>, C4<0>;
v0x5ba7aec20a00_0 .net/2u *"_ivl_212", 4 0, L_0x78855ab59858;  1 drivers
v0x5ba7aec20ae0_0 .net *"_ivl_214", 0 0, L_0x5ba7aec68770;  1 drivers
v0x5ba7aec28200_0 .net *"_ivl_217", 0 0, L_0x5ba7aec68860;  1 drivers
v0x5ba7aec282a0_0 .net *"_ivl_219", 4 0, L_0x5ba7aec68970;  1 drivers
L_0x78855ab598a0 .functor BUFT 1, C4<01101>, C4<0>, C4<0>, C4<0>;
v0x5ba7aec28340_0 .net/2u *"_ivl_220", 4 0, L_0x78855ab598a0;  1 drivers
v0x5ba7aec28420_0 .net *"_ivl_222", 0 0, L_0x5ba7aec68c70;  1 drivers
v0x5ba7aec284e0_0 .net *"_ivl_227", 4 0, L_0x5ba7aec68f30;  1 drivers
L_0x78855ab598e8 .functor BUFT 1, C4<11000>, C4<0>, C4<0>, C4<0>;
v0x5ba7aec285c0_0 .net/2u *"_ivl_228", 4 0, L_0x78855ab598e8;  1 drivers
v0x5ba7aec286a0_0 .net *"_ivl_233", 4 0, L_0x5ba7aec69380;  1 drivers
L_0x78855ab59930 .functor BUFT 1, C4<00101>, C4<0>, C4<0>, C4<0>;
v0x5ba7aec28780_0 .net/2u *"_ivl_234", 4 0, L_0x78855ab59930;  1 drivers
v0x5ba7aec28860_0 .net *"_ivl_236", 0 0, L_0x5ba7aec696a0;  1 drivers
v0x5ba7aec28920_0 .net *"_ivl_239", 4 0, L_0x5ba7aec697e0;  1 drivers
L_0x78855ab59978 .functor BUFT 1, C4<01101>, C4<0>, C4<0>, C4<0>;
v0x5ba7aec28a00_0 .net/2u *"_ivl_240", 4 0, L_0x78855ab59978;  1 drivers
v0x5ba7aec28ae0_0 .net *"_ivl_242", 0 0, L_0x5ba7aec69b10;  1 drivers
v0x5ba7aec28ba0_0 .net *"_ivl_247", 4 0, L_0x5ba7aec69d90;  1 drivers
L_0x78855ab599c0 .functor BUFT 1, C4<01000>, C4<0>, C4<0>, C4<0>;
v0x5ba7aec28c80_0 .net/2u *"_ivl_248", 4 0, L_0x78855ab599c0;  1 drivers
v0x5ba7aec28d60_0 .net *"_ivl_250", 0 0, L_0x5ba7aec6a0d0;  1 drivers
v0x5ba7aec28e20_0 .net *"_ivl_253", 4 0, L_0x5ba7aec6a210;  1 drivers
L_0x78855ab59a08 .functor BUFT 1, C4<01001>, C4<0>, C4<0>, C4<0>;
v0x5ba7aec28f00_0 .net/2u *"_ivl_254", 4 0, L_0x78855ab59a08;  1 drivers
v0x5ba7aec28fe0_0 .net *"_ivl_256", 0 0, L_0x5ba7aec6a560;  1 drivers
v0x5ba7aec290a0_0 .net *"_ivl_261", 4 0, L_0x5ba7aec6a860;  1 drivers
L_0x78855ab59a50 .functor BUFT 1, C4<11011>, C4<0>, C4<0>, C4<0>;
v0x5ba7aec29180_0 .net/2u *"_ivl_262", 4 0, L_0x78855ab59a50;  1 drivers
v0x5ba7aec29260_0 .net *"_ivl_267", 0 0, L_0x5ba7aec6ad00;  1 drivers
v0x5ba7aec29340_0 .net *"_ivl_268", 20 0, L_0x5ba7aec6b070;  1 drivers
v0x5ba7aec29420_0 .net *"_ivl_271", 10 0, L_0x5ba7aec6b370;  1 drivers
v0x5ba7aec29500_0 .net *"_ivl_272", 31 0, L_0x5ba7aec6b6f0;  1 drivers
v0x5ba7aec295e0_0 .net *"_ivl_275", 0 0, L_0x5ba7aec6b810;  1 drivers
v0x5ba7aec296c0_0 .net *"_ivl_276", 20 0, L_0x5ba7aec6bba0;  1 drivers
v0x5ba7aec297a0_0 .net *"_ivl_279", 5 0, L_0x5ba7aec6bea0;  1 drivers
v0x5ba7aec29880_0 .net *"_ivl_281", 3 0, L_0x5ba7aec6c240;  1 drivers
v0x5ba7aec29960_0 .net *"_ivl_283", 0 0, L_0x5ba7aec6c310;  1 drivers
v0x5ba7aec29a40_0 .net *"_ivl_284", 31 0, L_0x5ba7aec6c6f0;  1 drivers
v0x5ba7aec29b20_0 .net *"_ivl_287", 0 0, L_0x5ba7aec6c8e0;  1 drivers
v0x5ba7aec29c00_0 .net *"_ivl_288", 19 0, L_0x5ba7aec6cca0;  1 drivers
v0x5ba7aec29ce0_0 .net *"_ivl_291", 0 0, L_0x5ba7aec18ed0;  1 drivers
v0x5ba7aec29dc0_0 .net *"_ivl_293", 5 0, L_0x5ba7aec18f70;  1 drivers
v0x5ba7aec29ea0_0 .net *"_ivl_295", 3 0, L_0x5ba7aec19010;  1 drivers
L_0x78855ab59a98 .functor BUFT 1, C4<0>, C4<0>, C4<0>, C4<0>;
v0x5ba7aec29f80_0 .net/2u *"_ivl_296", 0 0, L_0x78855ab59a98;  1 drivers
v0x5ba7aec2a060_0 .net *"_ivl_298", 31 0, L_0x5ba7aec6d310;  1 drivers
v0x5ba7aec2a140_0 .net *"_ivl_301", 19 0, L_0x5ba7aec6d520;  1 drivers
L_0x78855ab59ae0 .functor BUFT 1, C4<000000000000>, C4<0>, C4<0>, C4<0>;
v0x5ba7aec2a220_0 .net/2u *"_ivl_302", 11 0, L_0x78855ab59ae0;  1 drivers
v0x5ba7aec2a300_0 .net *"_ivl_304", 31 0, L_0x5ba7aec6d910;  1 drivers
v0x5ba7aec2a3e0_0 .net *"_ivl_307", 0 0, L_0x5ba7aec6da50;  1 drivers
v0x5ba7aec2a4c0_0 .net *"_ivl_308", 11 0, L_0x5ba7aec6de50;  1 drivers
v0x5ba7aec2a5a0_0 .net *"_ivl_311", 7 0, L_0x5ba7aec6df40;  1 drivers
v0x5ba7aec2a680_0 .net *"_ivl_313", 0 0, L_0x5ba7aec6e350;  1 drivers
v0x5ba7aec2a760_0 .net *"_ivl_315", 9 0, L_0x5ba7aec6e3f0;  1 drivers
L_0x78855ab59b28 .functor BUFT 1, C4<0>, C4<0>, C4<0>, C4<0>;
v0x5ba7aec2a840_0 .net/2u *"_ivl_316", 0 0, L_0x78855ab59b28;  1 drivers
v0x5ba7aec2a920_0 .net *"_ivl_318", 31 0, L_0x5ba7aec6e840;  1 drivers
L_0x78855ab59b70 .functor BUFT 1, C4<00000000000000000000000000000000>, C4<0>, C4<0>, C4<0>;
v0x5ba7aec2aa00_0 .net/2u *"_ivl_320", 31 0, L_0x78855ab59b70;  1 drivers
v0x5ba7aec2aae0_0 .net *"_ivl_322", 31 0, L_0x5ba7aec6ea50;  1 drivers
v0x5ba7aec2abc0_0 .net *"_ivl_324", 31 0, L_0x5ba7aec6ef70;  1 drivers
v0x5ba7aec2aca0_0 .net *"_ivl_326", 31 0, L_0x5ba7aec6f100;  1 drivers
v0x5ba7aec2ad80_0 .net *"_ivl_328", 31 0, L_0x5ba7aec6f630;  1 drivers
v0x5ba7aec2ae60_0 .net *"_ivl_333", 0 0, L_0x5ba7aec6fd00;  1 drivers
v0x5ba7aec2af20_0 .net *"_ivl_337", 0 0, L_0x5ba7aec6ff60;  1 drivers
v0x5ba7aec2afe0_0 .net *"_ivl_339", 0 0, L_0x5ba7aec6ffd0;  1 drivers
v0x5ba7aec2b0a0_0 .net *"_ivl_343", 0 0, L_0x5ba7aec701a0;  1 drivers
v0x5ba7aec2b160_0 .net *"_ivl_345", 0 0, L_0x5ba7aec702c0;  1 drivers
v0x5ba7aec2b220_0 .net *"_ivl_349", 0 0, L_0x5ba7aec704b0;  1 drivers
v0x5ba7aec2b2e0_0 .net *"_ivl_351", 0 0, L_0x5ba7aec70520;  1 drivers
v0x5ba7aec2b3a0_0 .net *"_ivl_369", 0 0, L_0x5ba7aec71750;  1 drivers
v0x5ba7aec2b480_0 .net *"_ivl_373", 9 0, L_0x5ba7aec71dc0;  1 drivers
L_0x78855ab59bb8 .functor BUFT 1, C4<0001100011>, C4<0>, C4<0>, C4<0>;
v0x5ba7aec2b560_0 .net/2u *"_ivl_374", 9 0, L_0x78855ab59bb8;  1 drivers
v0x5ba7aec2b640_0 .net *"_ivl_379", 9 0, L_0x5ba7aec723f0;  1 drivers
L_0x78855ab59c00 .functor BUFT 1, C4<0011100011>, C4<0>, C4<0>, C4<0>;
v0x5ba7aec2b720_0 .net/2u *"_ivl_380", 9 0, L_0x78855ab59c00;  1 drivers
v0x5ba7aec2b800_0 .net *"_ivl_385", 9 0, L_0x5ba7aec729e0;  1 drivers
L_0x78855ab59c48 .functor BUFT 1, C4<1001100011>, C4<0>, C4<0>, C4<0>;
v0x5ba7aec2b8e0_0 .net/2u *"_ivl_386", 9 0, L_0x78855ab59c48;  1 drivers
v0x5ba7aec2b9c0_0 .net *"_ivl_391", 9 0, L_0x5ba7aec72f90;  1 drivers
L_0x78855ab59c90 .functor BUFT 1, C4<1011100011>, C4<0>, C4<0>, C4<0>;
v0x5ba7aec2baa0_0 .net/2u *"_ivl_392", 9 0, L_0x78855ab59c90;  1 drivers
v0x5ba7aec2bb80_0 .net *"_ivl_397", 9 0, L_0x5ba7aec72b70;  1 drivers
L_0x78855ab59cd8 .functor BUFT 1, C4<1101100011>, C4<0>, C4<0>, C4<0>;
v0x5ba7aec2bc60_0 .net/2u *"_ivl_398", 9 0, L_0x78855ab59cd8;  1 drivers
v0x5ba7aec2bd40_0 .net *"_ivl_403", 9 0, L_0x5ba7aec72d50;  1 drivers
L_0x78855ab59d20 .functor BUFT 1, C4<1111100011>, C4<0>, C4<0>, C4<0>;
v0x5ba7aec2be20_0 .net/2u *"_ivl_404", 9 0, L_0x78855ab59d20;  1 drivers
L_0x78855ab59d68 .functor BUFT 1, C4<00000110011>, C4<0>, C4<0>, C4<0>;
v0x5ba7aec2bf00_0 .net/2u *"_ivl_408", 10 0, L_0x78855ab59d68;  1 drivers
v0x5ba7aec2bfe0_0 .net *"_ivl_413", 9 0, L_0x5ba7aec73660;  1 drivers
L_0x78855ab59db0 .functor BUFT 1, C4<0000010011>, C4<0>, C4<0>, C4<0>;
v0x5ba7aec2c0c0_0 .net/2u *"_ivl_414", 9 0, L_0x78855ab59db0;  1 drivers
L_0x78855ab59df8 .functor BUFT 1, C4<01100110011>, C4<0>, C4<0>, C4<0>;
v0x5ba7aec2c1a0_0 .net/2u *"_ivl_418", 10 0, L_0x78855ab59df8;  1 drivers
v0x5ba7aec2c280_0 .net *"_ivl_423", 9 0, L_0x5ba7aec733a0;  1 drivers
L_0x78855ab59e40 .functor BUFT 1, C4<1100010011>, C4<0>, C4<0>, C4<0>;
v0x5ba7aec2c360_0 .net/2u *"_ivl_424", 9 0, L_0x78855ab59e40;  1 drivers
L_0x78855ab59e88 .functor BUFT 1, C4<01000110011>, C4<0>, C4<0>, C4<0>;
v0x5ba7aec2c440_0 .net/2u *"_ivl_428", 10 0, L_0x78855ab59e88;  1 drivers
v0x5ba7aec2c520_0 .net *"_ivl_433", 9 0, L_0x5ba7aec73c70;  1 drivers
L_0x78855ab59ed0 .functor BUFT 1, C4<1000010011>, C4<0>, C4<0>, C4<0>;
v0x5ba7aec2c600_0 .net/2u *"_ivl_434", 9 0, L_0x78855ab59ed0;  1 drivers
L_0x78855ab59f18 .functor BUFT 1, C4<01110110011>, C4<0>, C4<0>, C4<0>;
v0x5ba7aec2c6e0_0 .net/2u *"_ivl_438", 10 0, L_0x78855ab59f18;  1 drivers
v0x5ba7aec2c7c0_0 .net *"_ivl_443", 9 0, L_0x5ba7aec73990;  1 drivers
L_0x78855ab59f60 .functor BUFT 1, C4<1110010011>, C4<0>, C4<0>, C4<0>;
v0x5ba7aec2c8a0_0 .net/2u *"_ivl_444", 9 0, L_0x78855ab59f60;  1 drivers
L_0x78855ab59fa8 .functor BUFT 1, C4<10000110011>, C4<0>, C4<0>, C4<0>;
v0x5ba7aec2c980_0 .net/2u *"_ivl_448", 10 0, L_0x78855ab59fa8;  1 drivers
v0x5ba7aec2ca60_0 .net *"_ivl_453", 9 0, L_0x5ba7aec73e00;  1 drivers
L_0x78855ab59ff0 .functor BUFT 1, C4<0100010011>, C4<0>, C4<0>, C4<0>;
v0x5ba7aec2cb40_0 .net/2u *"_ivl_454", 9 0, L_0x78855ab59ff0;  1 drivers
v0x5ba7aec2cc20_0 .net *"_ivl_459", 9 0, L_0x5ba7aec74040;  1 drivers
L_0x78855ab5a038 .functor BUFT 1, C4<0110010011>, C4<0>, C4<0>, C4<0>;
v0x5ba7aec2cd00_0 .net/2u *"_ivl_460", 9 0, L_0x78855ab5a038;  1 drivers
L_0x78855ab5a080 .functor BUFT 1, C4<00010010011>, C4<0>, C4<0>, C4<0>;
v0x5ba7aec2cde0_0 .net/2u *"_ivl_464", 10 0, L_0x78855ab5a080;  1 drivers
L_0x78855ab5a0c8 .functor BUFT 1, C4<01010010011>, C4<0>, C4<0>, C4<0>;
v0x5ba7aec2cec0_0 .net/2u *"_ivl_468", 10 0, L_0x78855ab5a0c8;  1 drivers
L_0x78855ab5a110 .functor BUFT 1, C4<11010010011>, C4<0>, C4<0>, C4<0>;
v0x5ba7aec2cfa0_0 .net/2u *"_ivl_472", 10 0, L_0x78855ab5a110;  1 drivers
L_0x78855ab5a158 .functor BUFT 1, C4<00010110011>, C4<0>, C4<0>, C4<0>;
v0x5ba7aec2d080_0 .net/2u *"_ivl_476", 10 0, L_0x78855ab5a158;  1 drivers
L_0x78855ab5a1a0 .functor BUFT 1, C4<00100110011>, C4<0>, C4<0>, C4<0>;
v0x5ba7aec2d160_0 .net/2u *"_ivl_480", 10 0, L_0x78855ab5a1a0;  1 drivers
L_0x78855ab5a1e8 .functor BUFT 1, C4<00110110011>, C4<0>, C4<0>, C4<0>;
v0x5ba7aec2d240_0 .net/2u *"_ivl_484", 10 0, L_0x78855ab5a1e8;  1 drivers
L_0x78855ab5a230 .functor BUFT 1, C4<01010110011>, C4<0>, C4<0>, C4<0>;
v0x5ba7aec2d320_0 .net/2u *"_ivl_488", 10 0, L_0x78855ab5a230;  1 drivers
L_0x78855ab5a278 .functor BUFT 1, C4<11010110011>, C4<0>, C4<0>, C4<0>;
v0x5ba7aec2d400_0 .net/2u *"_ivl_492", 10 0, L_0x78855ab5a278;  1 drivers
v0x5ba7aec2d4e0_0 .net *"_ivl_497", 6 0, L_0x5ba7aec74980;  1 drivers
L_0x78855ab5a2c0 .functor BUFT 1, C4<0000011>, C4<0>, C4<0>, C4<0>;
v0x5ba7aec2d5c0_0 .net/2u *"_ivl_498", 6 0, L_0x78855ab5a2c0;  1 drivers
v0x5ba7aec2d6a0_0 .net *"_ivl_503", 9 0, L_0x5ba7aec74bc0;  1 drivers
L_0x78855ab5a308 .functor BUFT 1, C4<0000100011>, C4<0>, C4<0>, C4<0>;
v0x5ba7aec2d780_0 .net/2u *"_ivl_504", 9 0, L_0x78855ab5a308;  1 drivers
v0x5ba7aec2d860_0 .net *"_ivl_509", 9 0, L_0x5ba7aec75540;  1 drivers
L_0x78855ab5a350 .functor BUFT 1, C4<0010100011>, C4<0>, C4<0>, C4<0>;
v0x5ba7aec2d940_0 .net/2u *"_ivl_510", 9 0, L_0x78855ab5a350;  1 drivers
v0x5ba7aec2da20_0 .net *"_ivl_515", 9 0, L_0x5ba7aec750b0;  1 drivers
L_0x78855ab5a398 .functor BUFT 1, C4<0100100011>, C4<0>, C4<0>, C4<0>;
v0x5ba7aec2db00_0 .net/2u *"_ivl_516", 9 0, L_0x78855ab5a398;  1 drivers
v0x5ba7aec2dbe0_0 .net *"_ivl_521", 6 0, L_0x5ba7aec752c0;  1 drivers
L_0x78855ab5a3e0 .functor BUFT 1, C4<0110111>, C4<0>, C4<0>, C4<0>;
v0x5ba7aec2dcc0_0 .net/2u *"_ivl_522", 6 0, L_0x78855ab5a3e0;  1 drivers
v0x5ba7aec2dda0_0 .net *"_ivl_527", 6 0, L_0x5ba7aec75b90;  1 drivers
L_0x78855ab5a428 .functor BUFT 1, C4<0010111>, C4<0>, C4<0>, C4<0>;
v0x5ba7aec2de80_0 .net/2u *"_ivl_528", 6 0, L_0x78855ab5a428;  1 drivers
v0x5ba7aec2df60_0 .net *"_ivl_533", 6 0, L_0x5ba7aec75750;  1 drivers
L_0x78855ab5a470 .functor BUFT 1, C4<1101111>, C4<0>, C4<0>, C4<0>;
v0x5ba7aec2e040_0 .net/2u *"_ivl_534", 6 0, L_0x78855ab5a470;  1 drivers
v0x5ba7aec2e120_0 .net *"_ivl_539", 9 0, L_0x5ba7aec75960;  1 drivers
L_0x78855ab5a4b8 .functor BUFT 1, C4<0001100111>, C4<0>, C4<0>, C4<0>;
v0x5ba7aec2e200_0 .net/2u *"_ivl_540", 9 0, L_0x78855ab5a4b8;  1 drivers
v0x5ba7aec2e2e0_0 .net *"_ivl_558", 0 0, L_0x5ba7aec75d80;  1 drivers
v0x5ba7aec2e3a0_0 .net *"_ivl_561", 0 0, L_0x5ba7aec76860;  1 drivers
v0x5ba7aec2e460_0 .net *"_ivl_564", 0 0, L_0x5ba7aec76f10;  1 drivers
v0x5ba7aec2e520_0 .net *"_ivl_567", 0 0, L_0x5ba7aec76960;  1 drivers
v0x5ba7aec2e5e0_0 .net *"_ivl_574", 63 0, L_0x5ba7aec76d50;  1 drivers
L_0x78855ab5a500 .functor BUFT 1, C4<00000000000000000000000000000000>, C4<0>, C4<0>, C4<0>;
v0x5ba7aec2e6c0_0 .net *"_ivl_577", 31 0, L_0x78855ab5a500;  1 drivers
v0x5ba7aec2e7a0_0 .net *"_ivl_578", 63 0, L_0x5ba7aec76e70;  1 drivers
L_0x78855ab5a548 .functor BUFT 1, C4<00000000000000000000000000000000>, C4<0>, C4<0>, C4<0>;
v0x5ba7aec2e880_0 .net *"_ivl_581", 31 0, L_0x78855ab5a548;  1 drivers
v0x5ba7aec2e960_0 .net *"_ivl_582", 63 0, L_0x5ba7aec77680;  1 drivers
v0x5ba7aec2ea40_0 .net *"_ivl_584", 63 0, L_0x5ba7aec77000;  1 drivers
L_0x78855ab5a590 .functor BUFT 1, C4<00000000000000000000000000000000>, C4<0>, C4<0>, C4<0>;
v0x5ba7aec2eb20_0 .net *"_ivl_587", 31 0, L_0x78855ab5a590;  1 drivers
v0x5ba7aec2ec00_0 .net *"_ivl_588", 63 0, L_0x5ba7aec770a0;  1 drivers
L_0x78855ab5a5d8 .functor BUFT 1, C4<00000000000000000000000000000000>, C4<0>, C4<0>, C4<0>;
v0x5ba7aec2ece0_0 .net *"_ivl_591", 31 0, L_0x78855ab5a5d8;  1 drivers
v0x5ba7aec2edc0_0 .net *"_ivl_592", 63 0, L_0x5ba7aec771e0;  1 drivers
v0x5ba7aec2eea0_0 .net *"_ivl_594", 63 0, L_0x5ba7aec77320;  1 drivers
L_0x78855ab5a620 .functor BUFT 1, C4<00000000000000000000000000000000>, C4<0>, C4<0>, C4<0>;
v0x5ba7aec2ef80_0 .net *"_ivl_597", 31 0, L_0x78855ab5a620;  1 drivers
v0x5ba7aec2f060_0 .net *"_ivl_598", 63 0, L_0x5ba7aec77410;  1 drivers
L_0x78855ab5a668 .functor BUFT 1, C4<00000000000000000000000000000000>, C4<0>, C4<0>, C4<0>;
v0x5ba7aec2f140_0 .net *"_ivl_601", 31 0, L_0x78855ab5a668;  1 drivers
v0x5ba7aec2f220_0 .net *"_ivl_602", 63 0, L_0x5ba7aec77720;  1 drivers
v0x5ba7aec2f300_0 .net *"_ivl_604", 63 0, L_0x5ba7aec77f60;  1 drivers
L_0x78855ab5a6b0 .functor BUFT 1, C4<00000000000000000000000000000000>, C4<0>, C4<0>, C4<0>;
v0x5ba7aec2f3e0_0 .net *"_ivl_607", 31 0, L_0x78855ab5a6b0;  1 drivers
v0x5ba7aec2f4c0_0 .net *"_ivl_608", 63 0, L_0x5ba7aec77880;  1 drivers
L_0x78855ab5a6f8 .functor BUFT 1, C4<00000000000000000000000000000000>, C4<0>, C4<0>, C4<0>;
v0x5ba7aec2f5a0_0 .net *"_ivl_611", 31 0, L_0x78855ab5a6f8;  1 drivers
v0x5ba7aec2f680_0 .net *"_ivl_612", 63 0, L_0x5ba7aec779a0;  1 drivers
v0x5ba7aec2f760_0 .net *"_ivl_614", 63 0, L_0x5ba7aec77ab0;  1 drivers
L_0x78855ab5a740 .functor BUFT 1, C4<00000000000000000000000000000000>, C4<0>, C4<0>, C4<0>;
v0x5ba7aec2f840_0 .net *"_ivl_617", 31 0, L_0x78855ab5a740;  1 drivers
v0x5ba7aec2f920_0 .net *"_ivl_618", 63 0, L_0x5ba7aec77ba0;  1 drivers
L_0x78855ab5a788 .functor BUFT 1, C4<00000000000000000000000000000000>, C4<0>, C4<0>, C4<0>;
v0x5ba7aec2fa00_0 .net *"_ivl_621", 31 0, L_0x78855ab5a788;  1 drivers
v0x5ba7aec2fae0_0 .net *"_ivl_622", 63 0, L_0x5ba7aec77c70;  1 drivers
v0x5ba7aec2fbc0_0 .net *"_ivl_624", 63 0, L_0x5ba7aec77d80;  1 drivers
L_0x78855ab5a7d0 .functor BUFT 1, C4<00000000000000000000000000000000>, C4<0>, C4<0>, C4<0>;
v0x5ba7aec2fca0_0 .net *"_ivl_627", 31 0, L_0x78855ab5a7d0;  1 drivers
v0x5ba7aec2fd80_0 .net *"_ivl_628", 63 0, L_0x5ba7aec77e70;  1 drivers
L_0x78855ab5a818 .functor BUFT 1, C4<00000000000000000000000000000000>, C4<0>, C4<0>, C4<0>;
v0x5ba7aec2fe60_0 .net *"_ivl_631", 31 0, L_0x78855ab5a818;  1 drivers
v0x5ba7aec2ff40_0 .net *"_ivl_632", 63 0, L_0x5ba7aec78000;  1 drivers
v0x5ba7aec30020_0 .net *"_ivl_634", 63 0, L_0x5ba7aec78110;  1 drivers
L_0x78855ab5a860 .functor BUFT 1, C4<00000000000000000000000000000000>, C4<0>, C4<0>, C4<0>;
v0x5ba7aec30100_0 .net *"_ivl_637", 31 0, L_0x78855ab5a860;  1 drivers
v0x5ba7aec301e0_0 .net *"_ivl_638", 63 0, L_0x5ba7aec5e6d0;  1 drivers
L_0x78855ab5a8a8 .functor BUFT 1, C4<00000000000000000000000000000000>, C4<0>, C4<0>, C4<0>;
v0x5ba7aec302c0_0 .net *"_ivl_641", 31 0, L_0x78855ab5a8a8;  1 drivers
v0x5ba7aec303a0_0 .net *"_ivl_642", 63 0, L_0x5ba7aec781b0;  1 drivers
v0x5ba7aec30480_0 .net *"_ivl_644", 63 0, L_0x5ba7aec78270;  1 drivers
L_0x78855ab5a8f0 .functor BUFT 1, C4<00000000000000000000000000000000>, C4<0>, C4<0>, C4<0>;
v0x5ba7aec30560_0 .net *"_ivl_647", 31 0, L_0x78855ab5a8f0;  1 drivers
v0x5ba7aec30640_0 .net *"_ivl_648", 63 0, L_0x5ba7aec78360;  1 drivers
L_0x78855ab5a938 .functor BUFT 1, C4<00000000000000000000000000000000>, C4<0>, C4<0>, C4<0>;
v0x5ba7aec30720_0 .net *"_ivl_651", 31 0, L_0x78855ab5a938;  1 drivers
v0x5ba7aec30800_0 .net *"_ivl_652", 63 0, L_0x5ba7aec78480;  1 drivers
v0x5ba7aec308e0_0 .net *"_ivl_654", 63 0, L_0x5ba7aec78590;  1 drivers
L_0x78855ab5a980 .functor BUFT 1, C4<00000000000000000000000000000000>, C4<0>, C4<0>, C4<0>;
v0x5ba7aec309c0_0 .net *"_ivl_657", 31 0, L_0x78855ab5a980;  1 drivers
v0x5ba7aec30aa0_0 .net *"_ivl_658", 63 0, L_0x5ba7aec787c0;  1 drivers
L_0x78855ab5a9c8 .functor BUFT 1, C4<00000000000000000000000000000000>, C4<0>, C4<0>, C4<0>;
v0x5ba7aec30b80_0 .net *"_ivl_661", 31 0, L_0x78855ab5a9c8;  1 drivers
v0x5ba7aec30c60_0 .net *"_ivl_662", 63 0, L_0x5ba7aec788e0;  1 drivers
v0x5ba7aec30d40_0 .net *"_ivl_665", 0 0, L_0x5ba7aec78a90;  1 drivers
v0x5ba7aec30e20_0 .net *"_ivl_667", 0 0, L_0x5ba7aec78b30;  1 drivers
v0x5ba7aec30f00_0 .net *"_ivl_668", 0 0, L_0x5ba7aec78980;  1 drivers
v0x5ba7aec30fc0_0 .net *"_ivl_670", 63 0, L_0x5ba7aec5e180;  1 drivers
L_0x78855ab5aa10 .functor BUFT 1, C4<000000000000000000000000000000000000000000000000000000000000000>, C4<0>, C4<0>, C4<0>;
v0x5ba7aec310a0_0 .net *"_ivl_673", 62 0, L_0x78855ab5aa10;  1 drivers
L_0x78855ab5aa58 .functor BUFT 1, C4<0000000000000000000000000000000>, C4<0>, C4<0>, C4<0>;
v0x5ba7aec31180_0 .net/2u *"_ivl_674", 30 0, L_0x78855ab5aa58;  1 drivers
v0x5ba7aec31260_0 .net *"_ivl_677", 0 0, L_0x5ba7aec5e310;  1 drivers
v0x5ba7aec31340_0 .net *"_ivl_678", 31 0, L_0x5ba7aec5e3b0;  1 drivers
v0x5ba7aec31420_0 .net *"_ivl_680", 63 0, L_0x5ba7aec5e4f0;  1 drivers
L_0x78855ab5aaa0 .functor BUFT 1, C4<00000000000000000000000000000000>, C4<0>, C4<0>, C4<0>;
v0x5ba7aec31500_0 .net *"_ivl_683", 31 0, L_0x78855ab5aaa0;  1 drivers
v0x5ba7aec315e0_0 .net *"_ivl_684", 63 0, L_0x5ba7aec78ca0;  1 drivers
v0x5ba7aec316c0_0 .net *"_ivl_686", 63 0, L_0x5ba7aec7a4b0;  1 drivers
L_0x78855ab5aae8 .functor BUFT 1, C4<000000000000000000000000000000000000000000000000000000000000000>, C4<0>, C4<0>, C4<0>;
v0x5ba7aec317a0_0 .net *"_ivl_689", 62 0, L_0x78855ab5aae8;  1 drivers
v0x5ba7aec31880_0 .net *"_ivl_690", 63 0, L_0x5ba7aec79e00;  1 drivers
L_0x78855ab5ab30 .functor BUFT 1, C4<00000000000000000000000000000000>, C4<0>, C4<0>, C4<0>;
v0x5ba7aec31960_0 .net *"_ivl_693", 31 0, L_0x78855ab5ab30;  1 drivers
v0x5ba7aec31a40_0 .net *"_ivl_695", 5 0, L_0x5ba7aec79ef0;  1 drivers
v0x5ba7aec31b20_0 .net *"_ivl_696", 63 0, L_0x5ba7aec79f90;  1 drivers
v0x5ba7aec31c00_0 .net *"_ivl_698", 63 0, L_0x5ba7aec7a0d0;  1 drivers
L_0x78855ab5ab78 .functor BUFT 1, C4<00000000000000000000000000000000>, C4<0>, C4<0>, C4<0>;
v0x5ba7aec31ce0_0 .net *"_ivl_701", 31 0, L_0x78855ab5ab78;  1 drivers
v0x5ba7aec31dc0_0 .net *"_ivl_703", 5 0, L_0x5ba7aec7a1c0;  1 drivers
v0x5ba7aec31ea0_0 .net *"_ivl_704", 63 0, L_0x5ba7aec7a260;  1 drivers
v0x5ba7aec31f80_0 .net *"_ivl_707", 0 0, L_0x5ba7aec7ac40;  1 drivers
v0x5ba7aec32060_0 .net *"_ivl_708", 31 0, L_0x5ba7aec7ace0;  1 drivers
v0x5ba7aec32140_0 .net *"_ivl_710", 63 0, L_0x5ba7aec7a550;  1 drivers
v0x5ba7aec32220_0 .net *"_ivl_713", 4 0, L_0x5ba7aec7a5f0;  1 drivers
v0x5ba7aec32300_0 .net *"_ivl_714", 63 0, L_0x5ba7aec7a690;  1 drivers
v0x5ba7aec323e0_0 .net *"_ivl_716", 63 0, L_0x5ba7aec7a800;  1 drivers
L_0x78855ab5abc0 .functor BUFT 1, C4<00000000000000000000000000000000>, C4<0>, C4<0>, C4<0>;
v0x5ba7aec324c0_0 .net *"_ivl_719", 31 0, L_0x78855ab5abc0;  1 drivers
v0x5ba7aec325a0_0 .net *"_ivl_721", 4 0, L_0x5ba7aec7a8f0;  1 drivers
v0x5ba7aec32680_0 .net *"_ivl_722", 63 0, L_0x5ba7aec7a990;  1 drivers
v0x5ba7aec32760_0 .net *"_ivl_725", 0 0, L_0x5ba7aec7ab00;  1 drivers
v0x5ba7aec32840_0 .net *"_ivl_727", 0 0, L_0x5ba7aec7aba0;  1 drivers
v0x5ba7aec32920_0 .net *"_ivl_728", 0 0, L_0x5ba7aec7bae0;  1 drivers
v0x5ba7aec329e0_0 .net *"_ivl_730", 63 0, L_0x5ba7aec7bbf0;  1 drivers
L_0x78855ab5ac08 .functor BUFT 1, C4<000000000000000000000000000000000000000000000000000000000000000>, C4<0>, C4<0>, C4<0>;
v0x5ba7aec32ac0_0 .net *"_ivl_733", 62 0, L_0x78855ab5ac08;  1 drivers
L_0x78855ab5ac50 .functor BUFT 1, C4<0000000000000000000000000000000>, C4<0>, C4<0>, C4<0>;
v0x5ba7aec32ba0_0 .net/2u *"_ivl_734", 30 0, L_0x78855ab5ac50;  1 drivers
v0x5ba7aec32c80_0 .net *"_ivl_737", 0 0, L_0x5ba7aec7bd30;  1 drivers
v0x5ba7aec32d60_0 .net *"_ivl_738", 31 0, L_0x5ba7aec7b3a0;  1 drivers
v0x5ba7aec32e40_0 .net *"_ivl_740", 63 0, L_0x5ba7aec7b510;  1 drivers
L_0x78855ab5ac98 .functor BUFT 1, C4<00000000000000000000000000000000>, C4<0>, C4<0>, C4<0>;
v0x5ba7aec32f20_0 .net *"_ivl_743", 31 0, L_0x78855ab5ac98;  1 drivers
v0x5ba7aec33000_0 .net *"_ivl_744", 63 0, L_0x5ba7aec7b650;  1 drivers
v0x5ba7aec330e0_0 .net *"_ivl_746", 63 0, L_0x5ba7aec7b7e0;  1 drivers
L_0x78855ab5ace0 .functor BUFT 1, C4<000000000000000000000000000000000000000000000000000000000000000>, C4<0>, C4<0>, C4<0>;
v0x5ba7aec331c0_0 .net *"_ivl_749", 62 0, L_0x78855ab5ace0;  1 drivers
v0x5ba7aec332a0_0 .net *"_ivl_750", 63 0, L_0x5ba7aec7b8d0;  1 drivers
L_0x78855ab5ad28 .functor BUFT 1, C4<00000000000000000000000000000000>, C4<0>, C4<0>, C4<0>;
v0x5ba7aec33380_0 .net *"_ivl_753", 31 0, L_0x78855ab5ad28;  1 drivers
v0x5ba7aec33460_0 .net *"_ivl_755", 5 0, L_0x5ba7aec7b9c0;  1 drivers
v0x5ba7aec33540_0 .net *"_ivl_756", 63 0, L_0x5ba7aec7c550;  1 drivers
v0x5ba7aec33620_0 .net *"_ivl_759", 0 0, L_0x5ba7aec7c640;  1 drivers
v0x5ba7aec33700_0 .net *"_ivl_760", 31 0, L_0x5ba7aec7bdd0;  1 drivers
v0x5ba7aec337e0_0 .net *"_ivl_762", 63 0, L_0x5ba7aec7c3e0;  1 drivers
v0x5ba7aec338c0_0 .net *"_ivl_765", 4 0, L_0x5ba7aec7c480;  1 drivers
v0x5ba7aec339a0_0 .net *"_ivl_766", 63 0, L_0x5ba7aec7ce80;  1 drivers
v0x5ba7aec33a80_0 .net *"_ivl_769", 19 0, L_0x5ba7aec7c6e0;  1 drivers
L_0x78855ab5ad70 .functor BUFT 1, C4<000000000000>, C4<0>, C4<0>, C4<0>;
v0x5ba7aec33b60_0 .net/2u *"_ivl_770", 11 0, L_0x78855ab5ad70;  1 drivers
v0x5ba7aec33c40_0 .net *"_ivl_772", 31 0, L_0x5ba7aec7c780;  1 drivers
v0x5ba7aec33d20_0 .net *"_ivl_774", 63 0, L_0x5ba7aec7c8f0;  1 drivers
L_0x78855ab5adb8 .functor BUFT 1, C4<00000000000000000000000000000000>, C4<0>, C4<0>, C4<0>;
v0x5ba7aec33e00_0 .net *"_ivl_777", 31 0, L_0x78855ab5adb8;  1 drivers
v0x5ba7aec33ee0_0 .net *"_ivl_778", 63 0, L_0x5ba7aec7ca30;  1 drivers
L_0x78855ab5ae00 .functor BUFT 1, C4<00000000000000000000000000000000>, C4<0>, C4<0>, C4<0>;
v0x5ba7aec33fc0_0 .net *"_ivl_781", 31 0, L_0x78855ab5ae00;  1 drivers
v0x5ba7aec340a0_0 .net *"_ivl_782", 63 0, L_0x5ba7aec7cb50;  1 drivers
L_0x78855ab5ae48 .functor BUFT 1, C4<00000000000000000000000000000000>, C4<0>, C4<0>, C4<0>;
v0x5ba7aec34180_0 .net *"_ivl_785", 31 0, L_0x78855ab5ae48;  1 drivers
v0x5ba7aec34260_0 .net *"_ivl_786", 63 0, L_0x5ba7aec7cc70;  1 drivers
v0x5ba7aec34340_0 .net *"_ivl_788", 63 0, L_0x5ba7aec7d7a0;  1 drivers
L_0x78855ab5ae90 .functor BUFT 1, C4<00000000000000000000000000000000>, C4<0>, C4<0>, C4<0>;
v0x5ba7aec34420_0 .net *"_ivl_791", 31 0, L_0x78855ab5ae90;  1 drivers
L_0x78855ab5aed8 .functor BUFT 1, C4<0000000000000000000000000000000000000000000000000000000000000100>, C4<0>, C4<0>, C4<0>;
v0x5ba7aec34500_0 .net/2u *"_ivl_792", 63 0, L_0x78855ab5aed8;  1 drivers
v0x5ba7aec345e0_0 .net *"_ivl_794", 63 0, L_0x5ba7aec7d890;  1 drivers
v0x5ba7aec346c0_0 .net *"_ivl_796", 63 0, L_0x5ba7aec7cfc0;  1 drivers
L_0x78855ab5af20 .functor BUFT 1, C4<00000000000000000000000000000000>, C4<0>, C4<0>, C4<0>;
v0x5ba7aec347a0_0 .net *"_ivl_799", 31 0, L_0x78855ab5af20;  1 drivers
L_0x78855ab5af68 .functor BUFT 1, C4<0000000000000000000000000000000000000000000000000000000000000100>, C4<0>, C4<0>, C4<0>;
v0x5ba7aec34880_0 .net/2u *"_ivl_800", 63 0, L_0x78855ab5af68;  1 drivers
v0x5ba7aec34960_0 .net *"_ivl_802", 63 0, L_0x5ba7aec7d0b0;  1 drivers
v0x5ba7aec34a40_0 .net *"_ivl_805", 0 0, L_0x5ba7aec7cd10;  1 drivers
v0x5ba7aec34b00_0 .net *"_ivl_806", 63 0, L_0x5ba7aec7d3b0;  1 drivers
L_0x78855ab5afb0 .functor BUFT 1, C4<00000000000000000000000000000000>, C4<0>, C4<0>, C4<0>;
v0x5ba7aec34be0_0 .net *"_ivl_809", 31 0, L_0x78855ab5afb0;  1 drivers
v0x5ba7aec34cc0_0 .net *"_ivl_810", 63 0, L_0x5ba7aec7d500;  1 drivers
L_0x78855ab5aff8 .functor BUFT 1, C4<00000000000000000000000000000000>, C4<0>, C4<0>, C4<0>;
v0x5ba7aec34da0_0 .net *"_ivl_813", 31 0, L_0x78855ab5aff8;  1 drivers
v0x5ba7aec34e80_0 .net *"_ivl_814", 63 0, L_0x5ba7aec7d620;  1 drivers
L_0x78855ab5b040 .functor BUFT 1, C4<00000000000000000000000000000000xxxxxxxxxxxxxxxxxxxxxxxxxxxxxxxx>, C4<0>, C4<0>, C4<0>;
v0x5ba7aec34f60_0 .net *"_ivl_816", 63 0, L_0x78855ab5b040;  1 drivers
v0x5ba7aec35040_0 .net *"_ivl_818", 63 0, L_0x5ba7aec7e230;  1 drivers
v0x5ba7aec35120_0 .net *"_ivl_820", 63 0, L_0x5ba7aec7dac0;  1 drivers
v0x5ba7aec35200_0 .net *"_ivl_822", 63 0, L_0x5ba7aec7dc50;  1 drivers
v0x5ba7aec352e0_0 .net *"_ivl_824", 63 0, L_0x5ba7aec7dde0;  1 drivers
v0x5ba7aec353c0_0 .net *"_ivl_826", 63 0, L_0x5ba7aec7df20;  1 drivers
v0x5ba7aec354a0_0 .net *"_ivl_828", 63 0, L_0x5ba7aec7e060;  1 drivers
v0x5ba7aec35580_0 .net *"_ivl_830", 63 0, L_0x5ba7aec7eb10;  1 drivers
v0x5ba7aec35660_0 .net *"_ivl_832", 63 0, L_0x5ba7aec7e370;  1 drivers
v0x5ba7aec27230_0 .net *"_ivl_834", 63 0, L_0x5ba7aec7e4b0;  1 drivers
v0x5ba7aec27310_0 .net *"_ivl_836", 63 0, L_0x5ba7aec7e5f0;  1 drivers
v0x5ba7aec273f0_0 .net *"_ivl_838", 63 0, L_0x5ba7aec7e730;  1 drivers
v0x5ba7aec274d0_0 .net *"_ivl_840", 63 0, L_0x5ba7aec7e870;  1 drivers
v0x5ba7aec275b0_0 .net *"_ivl_842", 63 0, L_0x5ba7aec7e9b0;  1 drivers
v0x5ba7aec27690_0 .net *"_ivl_844", 63 0, L_0x5ba7aec7f430;  1 drivers
v0x5ba7aec27770_0 .net *"_ivl_846", 63 0, L_0x5ba7aec7f570;  1 drivers
v0x5ba7aec27850_0 .net *"_ivl_848", 63 0, L_0x5ba7aec7ec50;  1 drivers
v0x5ba7aec27930_0 .net *"_ivl_850", 63 0, L_0x5ba7aec7ed90;  1 drivers
v0x5ba7aec27a10_0 .net *"_ivl_852", 63 0, L_0x5ba7aec7eed0;  1 drivers
v0x5ba7aec27af0_0 .net *"_ivl_854", 63 0, L_0x5ba7aec7f010;  1 drivers
v0x5ba7aec27bd0_0 .net *"_ivl_856", 63 0, L_0x5ba7aec7f150;  1 drivers
v0x5ba7aec27cb0_0 .net *"_ivl_858", 63 0, L_0x5ba7aec7f290;  1 drivers
v0x5ba7aec27d90_0 .net *"_ivl_860", 63 0, L_0x5ba7aec7fed0;  1 drivers
v0x5ba7aec27e70_0 .net *"_ivl_862", 63 0, L_0x5ba7aec7ffc0;  1 drivers
v0x5ba7aec27f50_0 .net *"_ivl_864", 63 0, L_0x5ba7aec7f6b0;  1 drivers
v0x5ba7aec28030_0 .net *"_ivl_869", 0 0, L_0x5ba7aec7d6c0;  1 drivers
L_0x78855ab5b088 .functor BUFT 1, C4<00000>, C4<0>, C4<0>, C4<0>;
v0x5ba7aec280f0_0 .net/2u *"_ivl_870", 4 0, L_0x78855ab5b088;  1 drivers
v0x5ba7aec37710_0 .net *"_ivl_872", 0 0, L_0x5ba7aec7f930;  1 drivers
v0x5ba7aec377b0_0 .net *"_ivl_875", 0 0, L_0x5ba7aec7fa20;  1 drivers
v0x5ba7aec37870_0 .net *"_ivl_879", 0 0, L_0x5ba7aec7fd60;  1 drivers
v0x5ba7aec37930_0 .net *"_ivl_883", 0 0, L_0x5ba7aec809f0;  1 drivers
v0x5ba7aec379f0_0 .net *"_ivl_886", 0 0, L_0x5ba7aec80100;  1 drivers
v0x5ba7aec37ab0_0 .net *"_ivl_888", 0 0, L_0x5ba7aec801a0;  1 drivers
v0x5ba7aec37b70_0 .net *"_ivl_890", 0 0, L_0x5ba7aec80240;  1 drivers
v0x5ba7aec37c30_0 .net *"_ivl_893", 0 0, L_0x5ba7aec802e0;  1 drivers
v0x5ba7aec37d10_0 .net *"_ivl_895", 0 0, L_0x5ba7aec80380;  1 drivers
v0x5ba7aec37df0_0 .net *"_ivl_896", 0 0, L_0x5ba7aec80420;  1 drivers
v0x5ba7aec37eb0_0 .net *"_ivl_898", 0 0, L_0x5ba7aec80660;  1 drivers
v0x5ba7aec37f90_0 .net *"_ivl_900", 0 0, L_0x5ba7aec80770;  1 drivers
v0x5ba7aec38050_0 .net *"_ivl_903", 0 0, L_0x5ba7aec80810;  1 drivers
v0x5ba7aec38130_0 .net *"_ivl_905", 0 0, L_0x5ba7aec808b0;  1 drivers
v0x5ba7aec38210_0 .net *"_ivl_906", 0 0, L_0x5ba7aec813d0;  1 drivers
v0x5ba7aec382d0_0 .net *"_ivl_908", 0 0, L_0x5ba7aec81670;  1 drivers
v0x5ba7aec383b0_0 .net *"_ivl_910", 0 0, L_0x5ba7aec81780;  1 drivers
v0x5ba7aec38470_0 .net *"_ivl_912", 0 0, L_0x5ba7aec80a90;  1 drivers
L_0x78855ab5b0d0 .functor BUFT 1, C4<0>, C4<0>, C4<0>, C4<0>;
v0x5ba7aec38530_0 .net/2u *"_ivl_914", 0 0, L_0x78855ab5b0d0;  1 drivers
v0x5ba7aec38610_0 .net *"_ivl_916", 0 0, L_0x5ba7aec80f40;  1 drivers
v0x5ba7aec386f0_0 .net *"_ivl_918", 0 0, L_0x5ba7aec810b0;  1 drivers
v0x5ba7aec387d0_0 .net *"_ivl_920", 0 0, L_0x5ba7aec811f0;  1 drivers
v0x5ba7aec388b0_0 .net *"_ivl_922", 0 0, L_0x5ba7aec81330;  1 drivers
v0x5ba7aec38990_0 .net *"_ivl_924", 0 0, L_0x5ba7aec82230;  1 drivers
v0x5ba7aec38a70_0 .net *"_ivl_933", 0 0, L_0x5ba7aec81d70;  1 drivers
v0x5ba7aec38b30_0 .net *"_ivl_935", 0 0, L_0x5ba7aec81f90;  1 drivers
v0x5ba7aec38bf0_0 .net *"_ivl_937", 0 0, L_0x5ba7aec82050;  1 drivers
v0x5ba7aec38cb0_0 .net *"_ivl_939", 0 0, L_0x5ba7aec82e10;  1 drivers
v0x5ba7aec38d70_0 .net *"_ivl_941", 0 0, L_0x5ba7aec82ed0;  1 drivers
L_0x78855ab5b4c0 .functor BUFT 1, C4<00000000000000000000000000001101>, C4<0>, C4<0>, C4<0>;
v0x5ba7aec38e30_0 .net/2u *"_ivl_995", 31 0, L_0x78855ab5b4c0;  1 drivers
v0x5ba7aec38f10_0 .net *"_ivl_997", 0 0, L_0x5ba7aec83ff0;  1 drivers
v0x5ba7aec38fd0_0 .net *"_ivl_999", 31 0, L_0x5ba7aec840e0;  1 drivers
v0x5ba7aec390b0_0 .net "clk", 0 0, L_0x5ba7aec64620;  1 drivers
v0x5ba7aec39150_0 .net "clkP_CPU_dmem_rd_en_a5", 0 0, L_0x5ba7aec64690;  1 drivers
v0x5ba7aec39220_0 .net "clkP_CPU_rd_valid_a2", 0 0, L_0x5ba7aec64750;  1 drivers
v0x5ba7aec392f0_0 .net "clkP_CPU_rd_valid_a3", 0 0, L_0x5ba7aec64810;  1 drivers
v0x5ba7aec393c0_0 .net "clkP_CPU_rd_valid_a4", 0 0, L_0x5ba7aec64900;  1 drivers
v0x5ba7aec39490_0 .net "clkP_CPU_rd_valid_a5", 0 0, L_0x5ba7aec649f0;  1 drivers
v0x5ba7aec39560_0 .net "clkP_CPU_rs1_valid_a2", 0 0, L_0x5ba7aec64ae0;  1 drivers
v0x5ba7aec39630_0 .net "clkP_CPU_rs2_valid_a2", 0 0, L_0x5ba7aec64bd0;  1 drivers
L_0x78855ab5b118 .functor BUFT 1, C4<00000000000100000000010010010011>, C4<0>, C4<0>, C4<0>;
v0x5ba7aec39700 .array "instrs", 12 0;
v0x5ba7aec39700_0 .net v0x5ba7aec39700 0, 31 0, L_0x78855ab5b118; 1 drivers
L_0x78855ab5b160 .functor BUFT 1, C4<00000010101100000000010100010011>, C4<0>, C4<0>, C4<0>;
v0x5ba7aec39700_1 .net v0x5ba7aec39700 1, 31 0, L_0x78855ab5b160; 1 drivers
L_0x78855ab5b1a8 .functor BUFT 1, C4<00000000000000000000010110010011>, C4<0>, C4<0>, C4<0>;
v0x5ba7aec39700_2 .net v0x5ba7aec39700 2, 31 0, L_0x78855ab5b1a8; 1 drivers
L_0x78855ab5b1f0 .functor BUFT 1, C4<00000000000000000000100010010011>, C4<0>, C4<0>, C4<0>;
v0x5ba7aec39700_3 .net v0x5ba7aec39700 3, 31 0, L_0x78855ab5b1f0; 1 drivers
L_0x78855ab5b238 .functor BUFT 1, C4<00000000101110001000100010110011>, C4<0>, C4<0>, C4<0>;
v0x5ba7aec39700_4 .net v0x5ba7aec39700 4, 31 0, L_0x78855ab5b238; 1 drivers
L_0x78855ab5b280 .functor BUFT 1, C4<00000000000101011000010110010011>, C4<0>, C4<0>, C4<0>;
v0x5ba7aec39700_5 .net v0x5ba7aec39700 5, 31 0, L_0x78855ab5b280; 1 drivers
L_0x78855ab5b2c8 .functor BUFT 1, C4<11111110101001011001110011100011>, C4<0>, C4<0>, C4<0>;
v0x5ba7aec39700_6 .net v0x5ba7aec39700 6, 31 0, L_0x78855ab5b2c8; 1 drivers
L_0x78855ab5b310 .functor BUFT 1, C4<00000000101110001000100010110011>, C4<0>, C4<0>, C4<0>;
v0x5ba7aec39700_7 .net v0x5ba7aec39700 7, 31 0, L_0x78855ab5b310; 1 drivers
L_0x78855ab5b358 .functor BUFT 1, C4<01000000101110001000100010110011>, C4<0>, C4<0>, C4<0>;
v0x5ba7aec39700_8 .net v0x5ba7aec39700 8, 31 0, L_0x78855ab5b358; 1 drivers
L_0x78855ab5b3a0 .functor BUFT 1, C4<01000000100101011000010110110011>, C4<0>, C4<0>, C4<0>;
v0x5ba7aec39700_9 .net v0x5ba7aec39700 9, 31 0, L_0x78855ab5b3a0; 1 drivers
L_0x78855ab5b3e8 .functor BUFT 1, C4<11111110100101011001110011100011>, C4<0>, C4<0>, C4<0>;
v0x5ba7aec39700_10 .net v0x5ba7aec39700 10, 31 0, L_0x78855ab5b3e8; 1 drivers
L_0x78855ab5b430 .functor BUFT 1, C4<01000000101110001000100010110011>, C4<0>, C4<0>, C4<0>;
v0x5ba7aec39700_11 .net v0x5ba7aec39700 11, 31 0, L_0x78855ab5b430; 1 drivers
L_0x78855ab5b478 .functor BUFT 1, C4<11111110000000000000000011100011>, C4<0>, C4<0>, C4<0>;
v0x5ba7aec39700_12 .net v0x5ba7aec39700 12, 31 0, L_0x78855ab5b478; 1 drivers
v0x5ba7aec39880_0 .net "reset", 0 0, v0x5ba7aec3bdf0_0;  alias, 1 drivers
v0x5ba7aec39940_0 .net "w_CPU_dmem_rd_data_a4", 31 0, L_0x5ba7aec84c90;  1 drivers
v0x5ba7aec39a20_0 .net "w_CPU_rd_a1", 4 0, L_0x5ba7aec70d20;  1 drivers
v0x5ba7aec39b00_0 .net "w_CPU_rs1_a1", 4 0, L_0x5ba7aec708c0;  1 drivers
v0x5ba7aec39be0_0 .net "w_CPU_rs2_a1", 4 0, L_0x5ba7aec70040;  1 drivers
E_0x5ba7aea10540 .event posedge, v0x5ba7aec18ca0_0;
E_0x5ba7aea106a0 .event posedge, v0x5ba7aec18990_0;
E_0x5ba7ae9f9730 .event posedge, v0x5ba7aec182a0_0;
E_0x5ba7aec02dd0 .event posedge, v0x5ba7aec17c00_0;
E_0x5ba7aec02260 .event posedge, v0x5ba7aec17480_0;
E_0x5ba7aebda940 .event posedge, v0x5ba7aec16d90_0;
E_0x5ba7aeae68a0 .event posedge, v0x5ba7aec16650_0;
E_0x5ba7aebdcad0 .event posedge, v0x5ba7aec15f80_0;
L_0x78855ab560f0 .functor BUFT 1, C4<00000000000000000000000000000000>, C4<0>, C4<0>, C4<0>;
L_0x5ba7aec4ce40 .functor MUXZ 32, L_0x5ba7aec4cd20, L_0x78855ab560f0, v0x5ba7aec23250_0, C4<>;
L_0x78855ab56210 .functor BUFT 1, C4<00000000000000000000000000000001>, C4<0>, C4<0>, C4<0>;
L_0x5ba7aec4d720 .functor MUXZ 32, L_0x5ba7aec4d5b0, L_0x78855ab56210, v0x5ba7aec23250_0, C4<>;
L_0x78855ab56330 .functor BUFT 1, C4<00000000000000000000000000000010>, C4<0>, C4<0>, C4<0>;
L_0x5ba7aec4df00 .functor MUXZ 32, L_0x5ba7aec4dde0, L_0x78855ab56330, v0x5ba7aec23250_0, C4<>;
L_0x78855ab56450 .functor BUFT 1, C4<00000000000000000000000000000011>, C4<0>, C4<0>, C4<0>;
L_0x5ba7aec4e690 .functor MUXZ 32, L_0x5ba7aec4e570, L_0x78855ab56450, v0x5ba7aec23250_0, C4<>;
L_0x78855ab56570 .functor BUFT 1, C4<00000000000000000000000000000100>, C4<0>, C4<0>, C4<0>;
L_0x5ba7aec4ef70 .functor MUXZ 32, L_0x5ba7aec4ee50, L_0x78855ab56570, v0x5ba7aec23250_0, C4<>;
L_0x78855ab56690 .functor BUFT 1, C4<00000000000000000000000000000101>, C4<0>, C4<0>, C4<0>;
L_0x5ba7aec4f720 .functor MUXZ 32, L_0x5ba7aec4f600, L_0x78855ab56690, v0x5ba7aec23250_0, C4<>;
L_0x78855ab567b0 .functor BUFT 1, C4<00000000000000000000000000000110>, C4<0>, C4<0>, C4<0>;
L_0x5ba7aec4fee0 .functor MUXZ 32, L_0x5ba7aec4fdc0, L_0x78855ab567b0, v0x5ba7aec23250_0, C4<>;
L_0x78855ab568d0 .functor BUFT 1, C4<00000000000000000000000000000111>, C4<0>, C4<0>, C4<0>;
L_0x5ba7aec507a0 .functor MUXZ 32, L_0x5ba7aec50680, L_0x78855ab568d0, v0x5ba7aec23250_0, C4<>;
L_0x78855ab569f0 .functor BUFT 1, C4<00000000000000000000000000001000>, C4<0>, C4<0>, C4<0>;
L_0x5ba7aec512c0 .functor MUXZ 32, L_0x5ba7aec511a0, L_0x78855ab569f0, v0x5ba7aec23250_0, C4<>;
L_0x78855ab56b10 .functor BUFT 1, C4<00000000000000000000000000001001>, C4<0>, C4<0>, C4<0>;
L_0x5ba7aec51a70 .functor MUXZ 32, L_0x5ba7aec51950, L_0x78855ab56b10, v0x5ba7aec23250_0, C4<>;
L_0x78855ab56c30 .functor BUFT 1, C4<00000000000000000000000000001010>, C4<0>, C4<0>, C4<0>;
L_0x5ba7aec52200 .functor MUXZ 32, L_0x5ba7aec520e0, L_0x78855ab56c30, v0x5ba7aec23250_0, C4<>;
L_0x78855ab56d50 .functor BUFT 1, C4<00000000000000000000000000001011>, C4<0>, C4<0>, C4<0>;
L_0x5ba7aec52980 .functor MUXZ 32, L_0x5ba7aec52860, L_0x78855ab56d50, v0x5ba7aec23250_0, C4<>;
L_0x78855ab56e70 .functor BUFT 1, C4<00000000000000000000000000001100>, C4<0>, C4<0>, C4<0>;
L_0x5ba7aec53170 .functor MUXZ 32, L_0x5ba7aec53050, L_0x78855ab56e70, v0x5ba7aec23250_0, C4<>;
L_0x78855ab56f90 .functor BUFT 1, C4<00000000000000000000000000001101>, C4<0>, C4<0>, C4<0>;
L_0x5ba7aec538f0 .functor MUXZ 32, L_0x5ba7aec537d0, L_0x78855ab56f90, v0x5ba7aec23250_0, C4<>;
L_0x78855ab570b0 .functor BUFT 1, C4<00000000000000000000000000001110>, C4<0>, C4<0>, C4<0>;
L_0x5ba7aec54080 .functor MUXZ 32, L_0x5ba7aec53f60, L_0x78855ab570b0, v0x5ba7aec23250_0, C4<>;
L_0x78855ab571d0 .functor BUFT 1, C4<00000000000000000000000000001111>, C4<0>, C4<0>, C4<0>;
L_0x5ba7aec54a10 .functor MUXZ 32, L_0x5ba7aec548f0, L_0x78855ab571d0, v0x5ba7aec23250_0, C4<>;
L_0x78855ab572f0 .functor BUFT 1, C4<00000000000000000000000000010000>, C4<0>, C4<0>, C4<0>;
L_0x5ba7aec55630 .functor MUXZ 32, L_0x5ba7aec55540, L_0x78855ab572f0, v0x5ba7aec23250_0, C4<>;
L_0x78855ab57410 .functor BUFT 1, C4<00000000000000000000000000010001>, C4<0>, C4<0>, C4<0>;
L_0x5ba7aec55d80 .functor MUXZ 32, L_0x5ba7aec55c60, L_0x78855ab57410, v0x5ba7aec23250_0, C4<>;
L_0x78855ab57530 .functor BUFT 1, C4<00000000000000000000000000010010>, C4<0>, C4<0>, C4<0>;
L_0x5ba7aec56600 .functor MUXZ 32, L_0x5ba7aec564e0, L_0x78855ab57530, v0x5ba7aec23250_0, C4<>;
L_0x78855ab57650 .functor BUFT 1, C4<00000000000000000000000000010011>, C4<0>, C4<0>, C4<0>;
L_0x5ba7aec56db0 .functor MUXZ 32, L_0x5ba7aec56c90, L_0x78855ab57650, v0x5ba7aec23250_0, C4<>;
L_0x78855ab57770 .functor BUFT 1, C4<00000000000000000000000000010100>, C4<0>, C4<0>, C4<0>;
L_0x5ba7aec57570 .functor MUXZ 32, L_0x5ba7aec57450, L_0x78855ab57770, v0x5ba7aec23250_0, C4<>;
L_0x78855ab57890 .functor BUFT 1, C4<00000000000000000000000000010101>, C4<0>, C4<0>, C4<0>;
L_0x5ba7aec57d20 .functor MUXZ 32, L_0x5ba7aec57c00, L_0x78855ab57890, v0x5ba7aec23250_0, C4<>;
L_0x78855ab579b0 .functor BUFT 1, C4<00000000000000000000000000010110>, C4<0>, C4<0>, C4<0>;
L_0x5ba7aec58590 .functor MUXZ 32, L_0x5ba7aec58470, L_0x78855ab579b0, v0x5ba7aec23250_0, C4<>;
L_0x78855ab57ad0 .functor BUFT 1, C4<00000000000000000000000000010111>, C4<0>, C4<0>, C4<0>;
L_0x5ba7aec58d40 .functor MUXZ 32, L_0x5ba7aec58c20, L_0x78855ab57ad0, v0x5ba7aec23250_0, C4<>;
L_0x78855ab57bf0 .functor BUFT 1, C4<00000000000000000000000000011000>, C4<0>, C4<0>, C4<0>;
L_0x5ba7aec595c0 .functor MUXZ 32, L_0x5ba7aec594a0, L_0x78855ab57bf0, v0x5ba7aec23250_0, C4<>;
L_0x78855ab57d10 .functor BUFT 1, C4<00000000000000000000000000011001>, C4<0>, C4<0>, C4<0>;
L_0x5ba7aec59d70 .functor MUXZ 32, L_0x5ba7aec59c50, L_0x78855ab57d10, v0x5ba7aec23250_0, C4<>;
L_0x78855ab57e30 .functor BUFT 1, C4<00000000000000000000000000011010>, C4<0>, C4<0>, C4<0>;
L_0x5ba7aec5a600 .functor MUXZ 32, L_0x5ba7aec5a4e0, L_0x78855ab57e30, v0x5ba7aec23250_0, C4<>;
L_0x78855ab57f50 .functor BUFT 1, C4<00000000000000000000000000011011>, C4<0>, C4<0>, C4<0>;
L_0x5ba7aec5adb0 .functor MUXZ 32, L_0x5ba7aec5ac90, L_0x78855ab57f50, v0x5ba7aec23250_0, C4<>;
L_0x78855ab58070 .functor BUFT 1, C4<00000000000000000000000000011100>, C4<0>, C4<0>, C4<0>;
L_0x5ba7aec5b650 .functor MUXZ 32, L_0x5ba7aec5b530, L_0x78855ab58070, v0x5ba7aec23250_0, C4<>;
L_0x78855ab58190 .functor BUFT 1, C4<00000000000000000000000000011101>, C4<0>, C4<0>, C4<0>;
L_0x5ba7aec5be00 .functor MUXZ 32, L_0x5ba7aec5bce0, L_0x78855ab58190, v0x5ba7aec23250_0, C4<>;
L_0x78855ab582b0 .functor BUFT 1, C4<00000000000000000000000000011110>, C4<0>, C4<0>, C4<0>;
L_0x5ba7aec5c6b0 .functor MUXZ 32, L_0x5ba7aec5c590, L_0x78855ab582b0, v0x5ba7aec23250_0, C4<>;
L_0x78855ab583d0 .functor BUFT 1, C4<00000000000000000000000000011111>, C4<0>, C4<0>, C4<0>;
L_0x5ba7aec5d8b0 .functor MUXZ 32, L_0x5ba7aec5d7c0, L_0x78855ab583d0, v0x5ba7aec23250_0, C4<>;
L_0x78855ab584a8 .functor BUFT 1, C4<00000000000000000000000000000000>, C4<0>, C4<0>, C4<0>;
L_0x5ba7aec5ebc0 .functor MUXZ 32, L_0x5ba7aec5ea70, L_0x78855ab584a8, v0x5ba7aec232f0_0, C4<>;
L_0x78855ab58580 .functor BUFT 1, C4<00000000000000000000000000000001>, C4<0>, C4<0>, C4<0>;
L_0x5ba7aec5f230 .functor MUXZ 32, L_0x5ba7aec5f0f0, L_0x78855ab58580, v0x5ba7aec232f0_0, C4<>;
L_0x78855ab58658 .functor BUFT 1, C4<00000000000000000000000000000010>, C4<0>, C4<0>, C4<0>;
L_0x5ba7aec5f8c0 .functor MUXZ 32, L_0x5ba7aec5f7d0, L_0x78855ab58658, v0x5ba7aec232f0_0, C4<>;
L_0x78855ab58730 .functor BUFT 1, C4<00000000000000000000000000000011>, C4<0>, C4<0>, C4<0>;
L_0x5ba7aec5fd40 .functor MUXZ 32, L_0x5ba7aec5fc50, L_0x78855ab58730, v0x5ba7aec232f0_0, C4<>;
L_0x78855ab58808 .functor BUFT 1, C4<00000000000000000000000000000100>, C4<0>, C4<0>, C4<0>;
L_0x5ba7aec60200 .functor MUXZ 32, L_0x5ba7aec60110, L_0x78855ab58808, v0x5ba7aec232f0_0, C4<>;
L_0x78855ab588e0 .functor BUFT 1, C4<00000000000000000000000000000101>, C4<0>, C4<0>, C4<0>;
L_0x5ba7aec60720 .functor MUXZ 32, L_0x5ba7aec60630, L_0x78855ab588e0, v0x5ba7aec232f0_0, C4<>;
L_0x78855ab589b8 .functor BUFT 1, C4<00000000000000000000000000000110>, C4<0>, C4<0>, C4<0>;
L_0x5ba7aec60db0 .functor MUXZ 32, L_0x5ba7aec60cc0, L_0x78855ab589b8, v0x5ba7aec232f0_0, C4<>;
L_0x78855ab58a90 .functor BUFT 1, C4<00000000000000000000000000000111>, C4<0>, C4<0>, C4<0>;
L_0x5ba7aec61300 .functor MUXZ 32, L_0x5ba7aec61210, L_0x78855ab58a90, v0x5ba7aec232f0_0, C4<>;
L_0x78855ab58b68 .functor BUFT 1, C4<00000000000000000000000000001000>, C4<0>, C4<0>, C4<0>;
L_0x5ba7aec619a0 .functor MUXZ 32, L_0x5ba7aec618b0, L_0x78855ab58b68, v0x5ba7aec232f0_0, C4<>;
L_0x78855ab58c40 .functor BUFT 1, C4<00000000000000000000000000001001>, C4<0>, C4<0>, C4<0>;
L_0x5ba7aec61ef0 .functor MUXZ 32, L_0x5ba7aec61e00, L_0x78855ab58c40, v0x5ba7aec232f0_0, C4<>;
L_0x78855ab58d18 .functor BUFT 1, C4<00000000000000000000000000001010>, C4<0>, C4<0>, C4<0>;
L_0x5ba7aec625a0 .functor MUXZ 32, L_0x5ba7aec624b0, L_0x78855ab58d18, v0x5ba7aec232f0_0, C4<>;
L_0x78855ab58df0 .functor BUFT 1, C4<00000000000000000000000000001011>, C4<0>, C4<0>, C4<0>;
L_0x5ba7aec62af0 .functor MUXZ 32, L_0x5ba7aec62a00, L_0x78855ab58df0, v0x5ba7aec232f0_0, C4<>;
L_0x78855ab58ec8 .functor BUFT 1, C4<00000000000000000000000000001100>, C4<0>, C4<0>, C4<0>;
L_0x5ba7aec631b0 .functor MUXZ 32, L_0x5ba7aec630c0, L_0x78855ab58ec8, v0x5ba7aec232f0_0, C4<>;
L_0x78855ab58fa0 .functor BUFT 1, C4<00000000000000000000000000001101>, C4<0>, C4<0>, C4<0>;
L_0x5ba7aec63700 .functor MUXZ 32, L_0x5ba7aec63610, L_0x78855ab58fa0, v0x5ba7aec232f0_0, C4<>;
L_0x78855ab59078 .functor BUFT 1, C4<00000000000000000000000000001110>, C4<0>, C4<0>, C4<0>;
L_0x5ba7aec63dd0 .functor MUXZ 32, L_0x5ba7aec63ce0, L_0x78855ab59078, v0x5ba7aec232f0_0, C4<>;
L_0x78855ab59150 .functor BUFT 1, C4<00000000000000000000000000001111>, C4<0>, C4<0>, C4<0>;
L_0x5ba7aec64320 .functor MUXZ 32, L_0x5ba7aec64230, L_0x78855ab59150, v0x5ba7aec232f0_0, C4<>;
L_0x5ba7aec64fb0 .functor MUXZ 32, L_0x5ba7aec66110, v0x5ba7aec22450_0, L_0x5ba7aec64e90, C4<>;
L_0x5ba7aec65100 .functor MUXZ 32, L_0x5ba7aec64fb0, v0x5ba7aec1a1d0_0, L_0x5ba7aec64d90, C4<>;
L_0x5ba7aec65410 .functor MUXZ 32, L_0x5ba7aec65100, v0x5ba7aec1b4d0_0, L_0x5ba7aec81c60, C4<>;
L_0x5ba7aec65530 .functor MUXZ 32, L_0x5ba7aec65410, v0x5ba7aec1a1d0_0, L_0x5ba7aec81a00, C4<>;
L_0x5ba7aec65880 .functor MUXZ 32, L_0x5ba7aec65530, L_0x78855ab59588, v0x5ba7aec23110_0, C4<>;
L_0x5ba7aec659c0 .reduce/nor L_0x5ba7aec64cc0;
L_0x5ba7aec65c70 .part L_0x5ba7aec65880, 2, 4;
L_0x5ba7aec65d60 .concat [ 4 28 0 0], L_0x5ba7aec65c70, L_0x78855ab595d0;
L_0x5ba7aec66110 .arith/sum 32, v0x5ba7aec227d0_0, L_0x78855ab59618;
L_0x5ba7aec662c0 .part L_0x5ba7aec66070, 2, 5;
L_0x5ba7aec66590 .cmp/eq 5, L_0x5ba7aec662c0, L_0x78855ab59660;
L_0x5ba7aec66700 .part L_0x5ba7aec66070, 2, 5;
L_0x5ba7aec66990 .cmp/eq 5, L_0x5ba7aec66700, L_0x78855ab596a8;
L_0x5ba7aec66be0 .part L_0x5ba7aec66070, 2, 5;
L_0x5ba7aec66e80 .cmp/eq 5, L_0x5ba7aec66be0, L_0x78855ab596f0;
L_0x5ba7aec67080 .part L_0x5ba7aec66070, 2, 5;
L_0x5ba7aec67330 .cmp/eq 5, L_0x5ba7aec67080, L_0x78855ab59738;
L_0x5ba7aec675d0 .part L_0x5ba7aec66070, 2, 5;
L_0x5ba7aec67890 .cmp/eq 5, L_0x5ba7aec675d0, L_0x78855ab59780;
L_0x5ba7aec67ae0 .part L_0x5ba7aec66070, 2, 5;
L_0x5ba7aec67db0 .cmp/eq 5, L_0x5ba7aec67ae0, L_0x78855ab597c8;
L_0x5ba7aec67ef0 .part L_0x5ba7aec66070, 2, 5;
L_0x5ba7aec681d0 .cmp/eq 5, L_0x5ba7aec67ef0, L_0x78855ab59810;
L_0x5ba7aec68480 .part L_0x5ba7aec66070, 2, 5;
L_0x5ba7aec68770 .cmp/eq 5, L_0x5ba7aec68480, L_0x78855ab59858;
L_0x5ba7aec68970 .part L_0x5ba7aec66070, 2, 5;
L_0x5ba7aec68c70 .cmp/eq 5, L_0x5ba7aec68970, L_0x78855ab598a0;
L_0x5ba7aec68f30 .part L_0x5ba7aec66070, 2, 5;
L_0x5ba7aec69240 .cmp/eq 5, L_0x5ba7aec68f30, L_0x78855ab598e8;
L_0x5ba7aec69380 .part L_0x5ba7aec66070, 2, 5;
L_0x5ba7aec696a0 .cmp/eq 5, L_0x5ba7aec69380, L_0x78855ab59930;
L_0x5ba7aec697e0 .part L_0x5ba7aec66070, 2, 5;
L_0x5ba7aec69b10 .cmp/eq 5, L_0x5ba7aec697e0, L_0x78855ab59978;
L_0x5ba7aec69d90 .part L_0x5ba7aec66070, 2, 5;
L_0x5ba7aec6a0d0 .cmp/eq 5, L_0x5ba7aec69d90, L_0x78855ab599c0;
L_0x5ba7aec6a210 .part L_0x5ba7aec66070, 2, 5;
L_0x5ba7aec6a560 .cmp/eq 5, L_0x5ba7aec6a210, L_0x78855ab59a08;
L_0x5ba7aec6a860 .part L_0x5ba7aec66070, 2, 5;
L_0x5ba7aec6abc0 .cmp/eq 5, L_0x5ba7aec6a860, L_0x78855ab59a50;
L_0x5ba7aec6ad00 .part L_0x5ba7aec66070, 31, 1;
LS_0x5ba7aec6b070_0_0 .concat [ 1 1 1 1], L_0x5ba7aec6ad00, L_0x5ba7aec6ad00, L_0x5ba7aec6ad00, L_0x5ba7aec6ad00;
LS_0x5ba7aec6b070_0_4 .concat [ 1 1 1 1], L_0x5ba7aec6ad00, L_0x5ba7aec6ad00, L_0x5ba7aec6ad00, L_0x5ba7aec6ad00;
LS_0x5ba7aec6b070_0_8 .concat [ 1 1 1 1], L_0x5ba7aec6ad00, L_0x5ba7aec6ad00, L_0x5ba7aec6ad00, L_0x5ba7aec6ad00;
LS_0x5ba7aec6b070_0_12 .concat [ 1 1 1 1], L_0x5ba7aec6ad00, L_0x5ba7aec6ad00, L_0x5ba7aec6ad00, L_0x5ba7aec6ad00;
LS_0x5ba7aec6b070_0_16 .concat [ 1 1 1 1], L_0x5ba7aec6ad00, L_0x5ba7aec6ad00, L_0x5ba7aec6ad00, L_0x5ba7aec6ad00;
LS_0x5ba7aec6b070_0_20 .concat [ 1 0 0 0], L_0x5ba7aec6ad00;
LS_0x5ba7aec6b070_1_0 .concat [ 4 4 4 4], LS_0x5ba7aec6b070_0_0, LS_0x5ba7aec6b070_0_4, LS_0x5ba7aec6b070_0_8, LS_0x5ba7aec6b070_0_12;
LS_0x5ba7aec6b070_1_4 .concat [ 4 1 0 0], LS_0x5ba7aec6b070_0_16, LS_0x5ba7aec6b070_0_20;
L_0x5ba7aec6b070 .concat [ 16 5 0 0], LS_0x5ba7aec6b070_1_0, LS_0x5ba7aec6b070_1_4;
L_0x5ba7aec6b370 .part L_0x5ba7aec66070, 20, 11;
L_0x5ba7aec6b6f0 .concat [ 11 21 0 0], L_0x5ba7aec6b370, L_0x5ba7aec6b070;
L_0x5ba7aec6b810 .part L_0x5ba7aec66070, 31, 1;
LS_0x5ba7aec6bba0_0_0 .concat [ 1 1 1 1], L_0x5ba7aec6b810, L_0x5ba7aec6b810, L_0x5ba7aec6b810, L_0x5ba7aec6b810;
LS_0x5ba7aec6bba0_0_4 .concat [ 1 1 1 1], L_0x5ba7aec6b810, L_0x5ba7aec6b810, L_0x5ba7aec6b810, L_0x5ba7aec6b810;
LS_0x5ba7aec6bba0_0_8 .concat [ 1 1 1 1], L_0x5ba7aec6b810, L_0x5ba7aec6b810, L_0x5ba7aec6b810, L_0x5ba7aec6b810;
LS_0x5ba7aec6bba0_0_12 .concat [ 1 1 1 1], L_0x5ba7aec6b810, L_0x5ba7aec6b810, L_0x5ba7aec6b810, L_0x5ba7aec6b810;
LS_0x5ba7aec6bba0_0_16 .concat [ 1 1 1 1], L_0x5ba7aec6b810, L_0x5ba7aec6b810, L_0x5ba7aec6b810, L_0x5ba7aec6b810;
LS_0x5ba7aec6bba0_0_20 .concat [ 1 0 0 0], L_0x5ba7aec6b810;
LS_0x5ba7aec6bba0_1_0 .concat [ 4 4 4 4], LS_0x5ba7aec6bba0_0_0, LS_0x5ba7aec6bba0_0_4, LS_0x5ba7aec6bba0_0_8, LS_0x5ba7aec6bba0_0_12;
LS_0x5ba7aec6bba0_1_4 .concat [ 4 1 0 0], LS_0x5ba7aec6bba0_0_16, LS_0x5ba7aec6bba0_0_20;
L_0x5ba7aec6bba0 .concat [ 16 5 0 0], LS_0x5ba7aec6bba0_1_0, LS_0x5ba7aec6bba0_1_4;
L_0x5ba7aec6bea0 .part L_0x5ba7aec66070, 25, 6;
L_0x5ba7aec6c240 .part L_0x5ba7aec66070, 8, 4;
L_0x5ba7aec6c310 .part L_0x5ba7aec66070, 7, 1;
L_0x5ba7aec6c6f0 .concat [ 1 4 6 21], L_0x5ba7aec6c310, L_0x5ba7aec6c240, L_0x5ba7aec6bea0, L_0x5ba7aec6bba0;
L_0x5ba7aec6c8e0 .part L_0x5ba7aec66070, 31, 1;
LS_0x5ba7aec6cca0_0_0 .concat [ 1 1 1 1], L_0x5ba7aec6c8e0, L_0x5ba7aec6c8e0, L_0x5ba7aec6c8e0, L_0x5ba7aec6c8e0;
LS_0x5ba7aec6cca0_0_4 .concat [ 1 1 1 1], L_0x5ba7aec6c8e0, L_0x5ba7aec6c8e0, L_0x5ba7aec6c8e0, L_0x5ba7aec6c8e0;
LS_0x5ba7aec6cca0_0_8 .concat [ 1 1 1 1], L_0x5ba7aec6c8e0, L_0x5ba7aec6c8e0, L_0x5ba7aec6c8e0, L_0x5ba7aec6c8e0;
LS_0x5ba7aec6cca0_0_12 .concat [ 1 1 1 1], L_0x5ba7aec6c8e0, L_0x5ba7aec6c8e0, L_0x5ba7aec6c8e0, L_0x5ba7aec6c8e0;
LS_0x5ba7aec6cca0_0_16 .concat [ 1 1 1 1], L_0x5ba7aec6c8e0, L_0x5ba7aec6c8e0, L_0x5ba7aec6c8e0, L_0x5ba7aec6c8e0;
LS_0x5ba7aec6cca0_1_0 .concat [ 4 4 4 4], LS_0x5ba7aec6cca0_0_0, LS_0x5ba7aec6cca0_0_4, LS_0x5ba7aec6cca0_0_8, LS_0x5ba7aec6cca0_0_12;
LS_0x5ba7aec6cca0_1_4 .concat [ 4 0 0 0], LS_0x5ba7aec6cca0_0_16;
L_0x5ba7aec6cca0 .concat [ 16 4 0 0], LS_0x5ba7aec6cca0_1_0, LS_0x5ba7aec6cca0_1_4;
L_0x5ba7aec18ed0 .part L_0x5ba7aec66070, 7, 1;
L_0x5ba7aec18f70 .part L_0x5ba7aec66070, 25, 6;
L_0x5ba7aec19010 .part L_0x5ba7aec66070, 8, 4;
LS_0x5ba7aec6d310_0_0 .concat [ 1 4 6 1], L_0x78855ab59a98, L_0x5ba7aec19010, L_0x5ba7aec18f70, L_0x5ba7aec18ed0;
LS_0x5ba7aec6d310_0_4 .concat [ 20 0 0 0], L_0x5ba7aec6cca0;
L_0x5ba7aec6d310 .concat [ 12 20 0 0], LS_0x5ba7aec6d310_0_0, LS_0x5ba7aec6d310_0_4;
L_0x5ba7aec6d520 .part L_0x5ba7aec66070, 12, 20;
L_0x5ba7aec6d910 .concat [ 12 20 0 0], L_0x78855ab59ae0, L_0x5ba7aec6d520;
L_0x5ba7aec6da50 .part L_0x5ba7aec66070, 31, 1;
LS_0x5ba7aec6de50_0_0 .concat [ 1 1 1 1], L_0x5ba7aec6da50, L_0x5ba7aec6da50, L_0x5ba7aec6da50, L_0x5ba7aec6da50;
LS_0x5ba7aec6de50_0_4 .concat [ 1 1 1 1], L_0x5ba7aec6da50, L_0x5ba7aec6da50, L_0x5ba7aec6da50, L_0x5ba7aec6da50;
LS_0x5ba7aec6de50_0_8 .concat [ 1 1 1 1], L_0x5ba7aec6da50, L_0x5ba7aec6da50, L_0x5ba7aec6da50, L_0x5ba7aec6da50;
L_0x5ba7aec6de50 .concat [ 4 4 4 0], LS_0x5ba7aec6de50_0_0, LS_0x5ba7aec6de50_0_4, LS_0x5ba7aec6de50_0_8;
L_0x5ba7aec6df40 .part L_0x5ba7aec66070, 12, 8;
L_0x5ba7aec6e350 .part L_0x5ba7aec66070, 20, 1;
L_0x5ba7aec6e3f0 .part L_0x5ba7aec66070, 21, 10;
LS_0x5ba7aec6e840_0_0 .concat [ 1 10 1 8], L_0x78855ab59b28, L_0x5ba7aec6e3f0, L_0x5ba7aec6e350, L_0x5ba7aec6df40;
LS_0x5ba7aec6e840_0_4 .concat [ 12 0 0 0], L_0x5ba7aec6de50;
L_0x5ba7aec6e840 .concat [ 20 12 0 0], LS_0x5ba7aec6e840_0_0, LS_0x5ba7aec6e840_0_4;
L_0x5ba7aec6ea50 .functor MUXZ 32, L_0x78855ab59b70, L_0x5ba7aec6e840, L_0x5ba7aec6abc0, C4<>;
L_0x5ba7aec6ef70 .functor MUXZ 32, L_0x5ba7aec6ea50, L_0x5ba7aec6d910, L_0x5ba7aec69c80, C4<>;
L_0x5ba7aec6f100 .functor MUXZ 32, L_0x5ba7aec6ef70, L_0x5ba7aec6d310, L_0x5ba7aec69240, C4<>;
L_0x5ba7aec6f630 .functor MUXZ 32, L_0x5ba7aec6f100, L_0x5ba7aec6c6f0, L_0x5ba7aec6a6d0, C4<>;
L_0x5ba7aec6f7c0 .functor MUXZ 32, L_0x5ba7aec6f630, L_0x5ba7aec6b6f0, L_0x5ba7aec679d0, C4<>;
L_0x5ba7aec70040 .part L_0x5ba7aec66070, 20, 5;
L_0x5ba7aec708c0 .part L_0x5ba7aec66070, 15, 5;
L_0x5ba7aec70d20 .part L_0x5ba7aec66070, 7, 5;
L_0x5ba7aec70dc0 .part L_0x5ba7aec66070, 12, 3;
L_0x5ba7aec71230 .part L_0x5ba7aec66070, 25, 7;
L_0x5ba7aec712d0 .part L_0x5ba7aec66070, 0, 7;
L_0x5ba7aec71750 .part L_0x5ba7aec71230, 5, 1;
L_0x5ba7aec71840 .concat [ 7 3 1 0], L_0x5ba7aec712d0, L_0x5ba7aec70dc0, L_0x5ba7aec71750;
L_0x5ba7aec71dc0 .part L_0x5ba7aec71840, 0, 10;
L_0x5ba7aec71eb0 .cmp/eq 10, L_0x5ba7aec71dc0, L_0x78855ab59bb8;
L_0x5ba7aec723f0 .part L_0x5ba7aec71840, 0, 10;
L_0x5ba7aec72490 .cmp/eq 10, L_0x5ba7aec723f0, L_0x78855ab59c00;
L_0x5ba7aec729e0 .part L_0x5ba7aec71840, 0, 10;
L_0x5ba7aec72a80 .cmp/eq 10, L_0x5ba7aec729e0, L_0x78855ab59c48;
L_0x5ba7aec72f90 .part L_0x5ba7aec71840, 0, 10;
L_0x5ba7aec73030 .cmp/eq 10, L_0x5ba7aec72f90, L_0x78855ab59c90;
L_0x5ba7aec72b70 .part L_0x5ba7aec71840, 0, 10;
L_0x5ba7aec72c10 .cmp/eq 10, L_0x5ba7aec72b70, L_0x78855ab59cd8;
L_0x5ba7aec72d50 .part L_0x5ba7aec71840, 0, 10;
L_0x5ba7aec72df0 .cmp/eq 10, L_0x5ba7aec72d50, L_0x78855ab59d20;
L_0x5ba7aec735c0 .cmp/eq 11, L_0x5ba7aec71840, L_0x78855ab59d68;
L_0x5ba7aec73660 .part L_0x5ba7aec71840, 0, 10;
L_0x5ba7aec73170 .cmp/eq 10, L_0x5ba7aec73660, L_0x78855ab59db0;
L_0x5ba7aec732b0 .cmp/eq 11, L_0x5ba7aec71840, L_0x78855ab59df8;
L_0x5ba7aec733a0 .part L_0x5ba7aec71840, 0, 10;
L_0x5ba7aec73440 .cmp/eq 10, L_0x5ba7aec733a0, L_0x78855ab59e40;
L_0x5ba7aec73b80 .cmp/eq 11, L_0x5ba7aec71840, L_0x78855ab59e88;
L_0x5ba7aec73c70 .part L_0x5ba7aec71840, 0, 10;
L_0x5ba7aec73700 .cmp/eq 10, L_0x5ba7aec73c70, L_0x78855ab59ed0;
L_0x5ba7aec73870 .cmp/eq 11, L_0x5ba7aec71840, L_0x78855ab59f18;
L_0x5ba7aec73990 .part L_0x5ba7aec71840, 0, 10;
L_0x5ba7aec73a60 .cmp/eq 10, L_0x5ba7aec73990, L_0x78855ab59f60;
L_0x5ba7aec73d10 .cmp/eq 11, L_0x5ba7aec71840, L_0x78855ab59fa8;
L_0x5ba7aec73e00 .part L_0x5ba7aec71840, 0, 10;
L_0x5ba7aec73ed0 .cmp/eq 10, L_0x5ba7aec73e00, L_0x78855ab59ff0;
L_0x5ba7aec74040 .part L_0x5ba7aec71840, 0, 10;
L_0x5ba7aec740e0 .cmp/eq 10, L_0x5ba7aec74040, L_0x78855ab5a038;
L_0x5ba7aec74770 .cmp/eq 11, L_0x5ba7aec71840, L_0x78855ab5a080;
L_0x5ba7aec74200 .cmp/eq 11, L_0x5ba7aec71840, L_0x78855ab5a0c8;
L_0x5ba7aec74320 .cmp/eq 11, L_0x5ba7aec71840, L_0x78855ab5a110;
L_0x5ba7aec74440 .cmp/eq 11, L_0x5ba7aec71840, L_0x78855ab5a158;
L_0x5ba7aec74560 .cmp/eq 11, L_0x5ba7aec71840, L_0x78855ab5a1a0;
L_0x5ba7aec74d60 .cmp/eq 11, L_0x5ba7aec71840, L_0x78855ab5a1e8;
L_0x5ba7aec74e50 .cmp/eq 11, L_0x5ba7aec71840, L_0x78855ab5a230;
L_0x5ba7aec74860 .cmp/eq 11, L_0x5ba7aec71840, L_0x78855ab5a278;
L_0x5ba7aec74980 .part L_0x5ba7aec71840, 0, 7;
L_0x5ba7aec74a50 .cmp/eq 7, L_0x5ba7aec74980, L_0x78855ab5a2c0;
L_0x5ba7aec74bc0 .part L_0x5ba7aec71840, 0, 10;
L_0x5ba7aec74c60 .cmp/eq 10, L_0x5ba7aec74bc0, L_0x78855ab5a308;
L_0x5ba7aec75540 .part L_0x5ba7aec71840, 0, 10;
L_0x5ba7aec74f70 .cmp/eq 10, L_0x5ba7aec75540, L_0x78855ab5a350;
L_0x5ba7aec750b0 .part L_0x5ba7aec71840, 0, 10;
L_0x5ba7aec75150 .cmp/eq 10, L_0x5ba7aec750b0, L_0x78855ab5a398;
L_0x5ba7aec752c0 .part L_0x5ba7aec71840, 0, 7;
L_0x5ba7aec75360 .cmp/eq 7, L_0x5ba7aec752c0, L_0x78855ab5a3e0;
L_0x5ba7aec75b90 .part L_0x5ba7aec71840, 0, 7;
L_0x5ba7aec755e0 .cmp/eq 7, L_0x5ba7aec75b90, L_0x78855ab5a428;
L_0x5ba7aec75750 .part L_0x5ba7aec71840, 0, 7;
L_0x5ba7aec757f0 .cmp/eq 7, L_0x5ba7aec75750, L_0x78855ab5a470;
L_0x5ba7aec75960 .part L_0x5ba7aec71840, 0, 10;
L_0x5ba7aec75a00 .cmp/eq 10, L_0x5ba7aec75960, L_0x78855ab5a4b8;
L_0x5ba7aec767c0 .arith/sum 32, v0x5ba7aec228b0_0, v0x5ba7aec1b150_0;
L_0x5ba7aec75c30 .arith/sum 32, L_0x5ba7aec76000, v0x5ba7aec1b150_0;
L_0x5ba7aec75d80 .cmp/eq 5, v0x5ba7aec22b50_0, v0x5ba7aec23cf0_0;
L_0x5ba7aec76000 .functor MUXZ 32, L_0x5ba7aec836b0, L_0x5ba7aec7f7f0, L_0x5ba7aec76860, C4<>;
L_0x5ba7aec76f10 .cmp/eq 5, v0x5ba7aec22b50_0, v0x5ba7aec23f40_0;
L_0x5ba7aec76a20 .functor MUXZ 32, L_0x5ba7aec839f0, L_0x5ba7aec7f7f0, L_0x5ba7aec76960, C4<>;
L_0x5ba7aec76b60 .cmp/gt 32, v0x5ba7aec245b0_0, v0x5ba7aec243f0_0;
L_0x5ba7aec76c00 .cmp/gt 32, v0x5ba7aec1b230_0, v0x5ba7aec243f0_0;
L_0x5ba7aec76d50 .concat [ 32 32 0 0], v0x5ba7aec243f0_0, L_0x78855ab5a500;
L_0x5ba7aec76e70 .concat [ 32 32 0 0], v0x5ba7aec1b230_0, L_0x78855ab5a548;
L_0x5ba7aec77680 .arith/sum 64, L_0x5ba7aec76d50, L_0x5ba7aec76e70;
L_0x5ba7aec77000 .concat [ 32 32 0 0], v0x5ba7aec243f0_0, L_0x78855ab5a590;
L_0x5ba7aec770a0 .concat [ 32 32 0 0], v0x5ba7aec245b0_0, L_0x78855ab5a5d8;
L_0x5ba7aec771e0 .arith/sum 64, L_0x5ba7aec77000, L_0x5ba7aec770a0;
L_0x5ba7aec77320 .concat [ 32 32 0 0], v0x5ba7aec243f0_0, L_0x78855ab5a620;
L_0x5ba7aec77410 .concat [ 32 32 0 0], v0x5ba7aec245b0_0, L_0x78855ab5a668;
L_0x5ba7aec77f60 .concat [ 32 32 0 0], v0x5ba7aec243f0_0, L_0x78855ab5a6b0;
L_0x5ba7aec77880 .concat [ 32 32 0 0], v0x5ba7aec1b230_0, L_0x78855ab5a6f8;
L_0x5ba7aec77ab0 .concat [ 32 32 0 0], v0x5ba7aec243f0_0, L_0x78855ab5a740;
L_0x5ba7aec77ba0 .concat [ 32 32 0 0], v0x5ba7aec245b0_0, L_0x78855ab5a788;
L_0x5ba7aec77d80 .concat [ 32 32 0 0], v0x5ba7aec243f0_0, L_0x78855ab5a7d0;
L_0x5ba7aec77e70 .concat [ 32 32 0 0], v0x5ba7aec1b230_0, L_0x78855ab5a818;
L_0x5ba7aec78110 .concat [ 32 32 0 0], v0x5ba7aec243f0_0, L_0x78855ab5a860;
L_0x5ba7aec5e6d0 .concat [ 32 32 0 0], v0x5ba7aec245b0_0, L_0x78855ab5a8a8;
L_0x5ba7aec78270 .concat [ 32 32 0 0], v0x5ba7aec243f0_0, L_0x78855ab5a8f0;
L_0x5ba7aec78360 .concat [ 32 32 0 0], v0x5ba7aec1b230_0, L_0x78855ab5a938;
L_0x5ba7aec78590 .concat [ 32 32 0 0], v0x5ba7aec243f0_0, L_0x78855ab5a980;
L_0x5ba7aec787c0 .concat [ 32 32 0 0], v0x5ba7aec245b0_0, L_0x78855ab5a9c8;
L_0x5ba7aec788e0 .arith/sub 64, L_0x5ba7aec78590, L_0x5ba7aec787c0;
L_0x5ba7aec78a90 .part v0x5ba7aec243f0_0, 31, 1;
L_0x5ba7aec78b30 .part v0x5ba7aec1b230_0, 31, 1;
L_0x5ba7aec5e180 .concat [ 1 63 0 0], L_0x5ba7aec76c00, L_0x78855ab5aa10;
L_0x5ba7aec5e310 .part v0x5ba7aec243f0_0, 31, 1;
L_0x5ba7aec5e3b0 .concat [ 1 31 0 0], L_0x5ba7aec5e310, L_0x78855ab5aa58;
L_0x5ba7aec5e4f0 .concat [ 32 32 0 0], L_0x5ba7aec5e3b0, L_0x78855ab5aaa0;
L_0x5ba7aec78ca0 .functor MUXZ 64, L_0x5ba7aec5e4f0, L_0x5ba7aec5e180, L_0x5ba7aec78980, C4<>;
L_0x5ba7aec7a4b0 .concat [ 1 63 0 0], L_0x5ba7aec76c00, L_0x78855ab5aae8;
L_0x5ba7aec79e00 .concat [ 32 32 0 0], v0x5ba7aec243f0_0, L_0x78855ab5ab30;
L_0x5ba7aec79ef0 .part v0x5ba7aec1b230_0, 0, 6;
L_0x5ba7aec79f90 .shift/l 64, L_0x5ba7aec79e00, L_0x5ba7aec79ef0;
L_0x5ba7aec7a0d0 .concat [ 32 32 0 0], v0x5ba7aec243f0_0, L_0x78855ab5ab78;
L_0x5ba7aec7a1c0 .part v0x5ba7aec1b230_0, 0, 6;
L_0x5ba7aec7a260 .shift/r 64, L_0x5ba7aec7a0d0, L_0x5ba7aec7a1c0;
L_0x5ba7aec7ac40 .part v0x5ba7aec243f0_0, 31, 1;
LS_0x5ba7aec7ace0_0_0 .concat [ 1 1 1 1], L_0x5ba7aec7ac40, L_0x5ba7aec7ac40, L_0x5ba7aec7ac40, L_0x5ba7aec7ac40;
LS_0x5ba7aec7ace0_0_4 .concat [ 1 1 1 1], L_0x5ba7aec7ac40, L_0x5ba7aec7ac40, L_0x5ba7aec7ac40, L_0x5ba7aec7ac40;
LS_0x5ba7aec7ace0_0_8 .concat [ 1 1 1 1], L_0x5ba7aec7ac40, L_0x5ba7aec7ac40, L_0x5ba7aec7ac40, L_0x5ba7aec7ac40;
LS_0x5ba7aec7ace0_0_12 .concat [ 1 1 1 1], L_0x5ba7aec7ac40, L_0x5ba7aec7ac40, L_0x5ba7aec7ac40, L_0x5ba7aec7ac40;
LS_0x5ba7aec7ace0_0_16 .concat [ 1 1 1 1], L_0x5ba7aec7ac40, L_0x5ba7aec7ac40, L_0x5ba7aec7ac40, L_0x5ba7aec7ac40;
LS_0x5ba7aec7ace0_0_20 .concat [ 1 1 1 1], L_0x5ba7aec7ac40, L_0x5ba7aec7ac40, L_0x5ba7aec7ac40, L_0x5ba7aec7ac40;
LS_0x5ba7aec7ace0_0_24 .concat [ 1 1 1 1], L_0x5ba7aec7ac40, L_0x5ba7aec7ac40, L_0x5ba7aec7ac40, L_0x5ba7aec7ac40;
LS_0x5ba7aec7ace0_0_28 .concat [ 1 1 1 1], L_0x5ba7aec7ac40, L_0x5ba7aec7ac40, L_0x5ba7aec7ac40, L_0x5ba7aec7ac40;
LS_0x5ba7aec7ace0_1_0 .concat [ 4 4 4 4], LS_0x5ba7aec7ace0_0_0, LS_0x5ba7aec7ace0_0_4, LS_0x5ba7aec7ace0_0_8, LS_0x5ba7aec7ace0_0_12;
LS_0x5ba7aec7ace0_1_4 .concat [ 4 4 4 4], LS_0x5ba7aec7ace0_0_16, LS_0x5ba7aec7ace0_0_20, LS_0x5ba7aec7ace0_0_24, LS_0x5ba7aec7ace0_0_28;
L_0x5ba7aec7ace0 .concat [ 16 16 0 0], LS_0x5ba7aec7ace0_1_0, LS_0x5ba7aec7ace0_1_4;
L_0x5ba7aec7a550 .concat [ 32 32 0 0], v0x5ba7aec243f0_0, L_0x5ba7aec7ace0;
L_0x5ba7aec7a5f0 .part v0x5ba7aec1b230_0, 0, 5;
L_0x5ba7aec7a690 .shift/r 64, L_0x5ba7aec7a550, L_0x5ba7aec7a5f0;
L_0x5ba7aec7a800 .concat [ 32 32 0 0], v0x5ba7aec243f0_0, L_0x78855ab5abc0;
L_0x5ba7aec7a8f0 .part v0x5ba7aec245b0_0, 0, 5;
L_0x5ba7aec7a990 .shift/l 64, L_0x5ba7aec7a800, L_0x5ba7aec7a8f0;
L_0x5ba7aec7ab00 .part v0x5ba7aec243f0_0, 31, 1;
L_0x5ba7aec7aba0 .part v0x5ba7aec245b0_0, 31, 1;
L_0x5ba7aec7bbf0 .concat [ 1 63 0 0], L_0x5ba7aec76b60, L_0x78855ab5ac08;
L_0x5ba7aec7bd30 .part v0x5ba7aec243f0_0, 31, 1;
L_0x5ba7aec7b3a0 .concat [ 1 31 0 0], L_0x5ba7aec7bd30, L_0x78855ab5ac50;
L_0x5ba7aec7b510 .concat [ 32 32 0 0], L_0x5ba7aec7b3a0, L_0x78855ab5ac98;
L_0x5ba7aec7b650 .functor MUXZ 64, L_0x5ba7aec7b510, L_0x5ba7aec7bbf0, L_0x5ba7aec7bae0, C4<>;
L_0x5ba7aec7b7e0 .concat [ 1 63 0 0], L_0x5ba7aec76b60, L_0x78855ab5ace0;
L_0x5ba7aec7b8d0 .concat [ 32 32 0 0], v0x5ba7aec243f0_0, L_0x78855ab5ad28;
L_0x5ba7aec7b9c0 .part v0x5ba7aec245b0_0, 0, 6;
L_0x5ba7aec7c550 .shift/r 64, L_0x5ba7aec7b8d0, L_0x5ba7aec7b9c0;
L_0x5ba7aec7c640 .part v0x5ba7aec243f0_0, 31, 1;
LS_0x5ba7aec7bdd0_0_0 .concat [ 1 1 1 1], L_0x5ba7aec7c640, L_0x5ba7aec7c640, L_0x5ba7aec7c640, L_0x5ba7aec7c640;
LS_0x5ba7aec7bdd0_0_4 .concat [ 1 1 1 1], L_0x5ba7aec7c640, L_0x5ba7aec7c640, L_0x5ba7aec7c640, L_0x5ba7aec7c640;
LS_0x5ba7aec7bdd0_0_8 .concat [ 1 1 1 1], L_0x5ba7aec7c640, L_0x5ba7aec7c640, L_0x5ba7aec7c640, L_0x5ba7aec7c640;
LS_0x5ba7aec7bdd0_0_12 .concat [ 1 1 1 1], L_0x5ba7aec7c640, L_0x5ba7aec7c640, L_0x5ba7aec7c640, L_0x5ba7aec7c640;
LS_0x5ba7aec7bdd0_0_16 .concat [ 1 1 1 1], L_0x5ba7aec7c640, L_0x5ba7aec7c640, L_0x5ba7aec7c640, L_0x5ba7aec7c640;
LS_0x5ba7aec7bdd0_0_20 .concat [ 1 1 1 1], L_0x5ba7aec7c640, L_0x5ba7aec7c640, L_0x5ba7aec7c640, L_0x5ba7aec7c640;
LS_0x5ba7aec7bdd0_0_24 .concat [ 1 1 1 1], L_0x5ba7aec7c640, L_0x5ba7aec7c640, L_0x5ba7aec7c640, L_0x5ba7aec7c640;
LS_0x5ba7aec7bdd0_0_28 .concat [ 1 1 1 1], L_0x5ba7aec7c640, L_0x5ba7aec7c640, L_0x5ba7aec7c640, L_0x5ba7aec7c640;
LS_0x5ba7aec7bdd0_1_0 .concat [ 4 4 4 4], LS_0x5ba7aec7bdd0_0_0, LS_0x5ba7aec7bdd0_0_4, LS_0x5ba7aec7bdd0_0_8, LS_0x5ba7aec7bdd0_0_12;
LS_0x5ba7aec7bdd0_1_4 .concat [ 4 4 4 4], LS_0x5ba7aec7bdd0_0_16, LS_0x5ba7aec7bdd0_0_20, LS_0x5ba7aec7bdd0_0_24, LS_0x5ba7aec7bdd0_0_28;
L_0x5ba7aec7bdd0 .concat [ 16 16 0 0], LS_0x5ba7aec7bdd0_1_0, LS_0x5ba7aec7bdd0_1_4;
L_0x5ba7aec7c3e0 .concat [ 32 32 0 0], v0x5ba7aec243f0_0, L_0x5ba7aec7bdd0;
L_0x5ba7aec7c480 .part v0x5ba7aec245b0_0, 0, 5;
L_0x5ba7aec7ce80 .shift/r 64, L_0x5ba7aec7c3e0, L_0x5ba7aec7c480;
L_0x5ba7aec7c6e0 .part v0x5ba7aec1b230_0, 12, 20;
L_0x5ba7aec7c780 .concat [ 12 20 0 0], L_0x78855ab5ad70, L_0x5ba7aec7c6e0;
L_0x5ba7aec7c8f0 .concat [ 32 32 0 0], L_0x5ba7aec7c780, L_0x78855ab5adb8;
L_0x5ba7aec7ca30 .concat [ 32 32 0 0], v0x5ba7aec22990_0, L_0x78855ab5ae00;
L_0x5ba7aec7cb50 .concat [ 32 32 0 0], v0x5ba7aec1b230_0, L_0x78855ab5ae48;
L_0x5ba7aec7cc70 .arith/sum 64, L_0x5ba7aec7ca30, L_0x5ba7aec7cb50;
L_0x5ba7aec7d7a0 .concat [ 32 32 0 0], v0x5ba7aec22990_0, L_0x78855ab5ae90;
L_0x5ba7aec7d890 .arith/sum 64, L_0x5ba7aec7d7a0, L_0x78855ab5aed8;
L_0x5ba7aec7cfc0 .concat [ 32 32 0 0], v0x5ba7aec22990_0, L_0x78855ab5af20;
L_0x5ba7aec7d0b0 .arith/sum 64, L_0x5ba7aec7cfc0, L_0x78855ab5af68;
L_0x5ba7aec7d3b0 .concat [ 32 32 0 0], v0x5ba7aec243f0_0, L_0x78855ab5afb0;
L_0x5ba7aec7d500 .concat [ 32 32 0 0], v0x5ba7aec1b230_0, L_0x78855ab5aff8;
L_0x5ba7aec7d620 .arith/sum 64, L_0x5ba7aec7d3b0, L_0x5ba7aec7d500;
L_0x5ba7aec7e230 .functor MUXZ 64, L_0x78855ab5b040, L_0x5ba7aec7d620, L_0x5ba7aec7cd10, C4<>;
L_0x5ba7aec7dac0 .functor MUXZ 64, L_0x5ba7aec7e230, L_0x5ba7aec7d0b0, v0x5ba7aec1e260_0, C4<>;
L_0x5ba7aec7dc50 .functor MUXZ 64, L_0x5ba7aec7dac0, L_0x5ba7aec7d890, v0x5ba7aec1e020_0, C4<>;
L_0x5ba7aec7dde0 .functor MUXZ 64, L_0x5ba7aec7dc50, L_0x5ba7aec7cc70, v0x5ba7aec1c110_0, C4<>;
L_0x5ba7aec7df20 .functor MUXZ 64, L_0x5ba7aec7dde0, L_0x5ba7aec7c8f0, v0x5ba7aec1e920_0, C4<>;
L_0x5ba7aec7e060 .functor MUXZ 64, L_0x5ba7aec7df20, L_0x5ba7aec7ce80, v0x5ba7aec210b0_0, C4<>;
L_0x5ba7aec7eb10 .functor MUXZ 64, L_0x5ba7aec7e060, L_0x5ba7aec7c550, v0x5ba7aec21530_0, C4<>;
L_0x5ba7aec7e370 .functor MUXZ 64, L_0x5ba7aec7eb10, L_0x5ba7aec7b7e0, v0x5ba7aec20e70_0, C4<>;
L_0x5ba7aec7e4b0 .functor MUXZ 64, L_0x5ba7aec7e370, L_0x5ba7aec7b650, v0x5ba7aec1ffa0_0, C4<>;
L_0x5ba7aec7e5f0 .functor MUXZ 64, L_0x5ba7aec7e4b0, L_0x5ba7aec7a990, v0x5ba7aec1fb20_0, C4<>;
L_0x5ba7aec7e730 .functor MUXZ 64, L_0x5ba7aec7e5f0, L_0x5ba7aec7a690, v0x5ba7aec212f0_0, C4<>;
L_0x5ba7aec7e870 .functor MUXZ 64, L_0x5ba7aec7e730, L_0x5ba7aec7a260, v0x5ba7aec21770_0, C4<>;
L_0x5ba7aec7e9b0 .functor MUXZ 64, L_0x5ba7aec7e870, L_0x5ba7aec79f90, v0x5ba7aec1fd60_0, C4<>;
L_0x5ba7aec7f430 .functor MUXZ 64, L_0x5ba7aec7e9b0, L_0x5ba7aec7a4b0, v0x5ba7aec20c30_0, C4<>;
L_0x5ba7aec7f570 .functor MUXZ 64, L_0x5ba7aec7f430, L_0x5ba7aec78ca0, v0x5ba7aec201e0_0, C4<>;
L_0x5ba7aec7ec50 .functor MUXZ 64, L_0x5ba7aec7f570, L_0x5ba7aec788e0, v0x5ba7aec219b0_0, C4<>;
L_0x5ba7aec7ed90 .functor MUXZ 64, L_0x5ba7aec7ec50, L_0x5ba7aec78480, v0x5ba7aec1bed0_0, C4<>;
L_0x5ba7aec7eed0 .functor MUXZ 64, L_0x5ba7aec7ed90, L_0x5ba7aec781b0, v0x5ba7aec1bc90_0, C4<>;
L_0x5ba7aec7f010 .functor MUXZ 64, L_0x5ba7aec7eed0, L_0x5ba7aec78000, v0x5ba7aec222b0_0, C4<>;
L_0x5ba7aec7f150 .functor MUXZ 64, L_0x5ba7aec7f010, L_0x5ba7aec77c70, v0x5ba7aec22070_0, C4<>;
L_0x5ba7aec7f290 .functor MUXZ 64, L_0x5ba7aec7f150, L_0x5ba7aec779a0, v0x5ba7aec1eda0_0, C4<>;
L_0x5ba7aec7fed0 .functor MUXZ 64, L_0x5ba7aec7f290, L_0x5ba7aec77720, v0x5ba7aec1eb60_0, C4<>;
L_0x5ba7aec7ffc0 .functor MUXZ 64, L_0x5ba7aec7fed0, L_0x5ba7aec771e0, v0x5ba7aec1b810_0, C4<>;
L_0x5ba7aec7f6b0 .functor MUXZ 64, L_0x5ba7aec7ffc0, L_0x5ba7aec77680, v0x5ba7aec1ba50_0, C4<>;
L_0x5ba7aec7f7f0 .part L_0x5ba7aec7f6b0, 0, 32;
L_0x5ba7aec7f930 .cmp/ne 5, v0x5ba7aec22b50_0, L_0x78855ab5b088;
L_0x5ba7aec7fd60 .reduce/nor L_0x5ba7aec83160;
L_0x5ba7aec80950 .functor MUXZ 5, v0x5ba7aec22b50_0, v0x5ba7aec22d10_0, L_0x5ba7aec7fd60, C4<>;
L_0x5ba7aec809f0 .reduce/nor L_0x5ba7aec83160;
L_0x5ba7aec80060 .functor MUXZ 32, L_0x5ba7aec7f7f0, v0x5ba7aec1a500_0, L_0x5ba7aec809f0, C4<>;
L_0x5ba7aec80100 .cmp/eq 32, v0x5ba7aec243f0_0, v0x5ba7aec245b0_0;
L_0x5ba7aec801a0 .cmp/ne 32, v0x5ba7aec243f0_0, v0x5ba7aec245b0_0;
L_0x5ba7aec80240 .cmp/gt 32, v0x5ba7aec245b0_0, v0x5ba7aec243f0_0;
L_0x5ba7aec802e0 .part v0x5ba7aec243f0_0, 31, 1;
L_0x5ba7aec80380 .part v0x5ba7aec245b0_0, 31, 1;
L_0x5ba7aec80770 .cmp/ge 32, v0x5ba7aec243f0_0, v0x5ba7aec245b0_0;
L_0x5ba7aec80810 .part v0x5ba7aec243f0_0, 31, 1;
L_0x5ba7aec808b0 .part v0x5ba7aec245b0_0, 31, 1;
L_0x5ba7aec81780 .cmp/gt 32, v0x5ba7aec245b0_0, v0x5ba7aec243f0_0;
L_0x5ba7aec80a90 .cmp/ge 32, v0x5ba7aec243f0_0, v0x5ba7aec245b0_0;
L_0x5ba7aec80f40 .functor MUXZ 1, L_0x78855ab5b0d0, L_0x5ba7aec80a90, v0x5ba7aec1cb90_0, C4<>;
L_0x5ba7aec810b0 .functor MUXZ 1, L_0x5ba7aec80f40, L_0x5ba7aec81780, v0x5ba7aec1d720_0, C4<>;
L_0x5ba7aec811f0 .functor MUXZ 1, L_0x5ba7aec810b0, L_0x5ba7aec81670, v0x5ba7aec1c7d0_0, C4<>;
L_0x5ba7aec81330 .functor MUXZ 1, L_0x5ba7aec811f0, L_0x5ba7aec80660, v0x5ba7aec1cf50_0, C4<>;
L_0x5ba7aec82230 .functor MUXZ 1, L_0x5ba7aec81330, L_0x5ba7aec801a0, v0x5ba7aec1dae0_0, C4<>;
L_0x5ba7aec818c0 .functor MUXZ 1, L_0x5ba7aec82230, L_0x5ba7aec80100, v0x5ba7aec1c410_0, C4<>;
L_0x5ba7aec83160 .reduce/nor L_0x5ba7aec82ed0;
L_0x5ba7aec83ff0 .cmp/gt 32, L_0x78855ab5b4c0, v0x5ba7aec1ad30_0;
L_0x5ba7aec840e0 .array/port v0x5ba7aec19400, v0x5ba7aec1ad30_0;
L_0x5ba7aec832a0 .functor MUXZ 32, L_0x78855ab5b508, L_0x5ba7aec840e0, L_0x5ba7aec83ff0, C4<>;
L_0x5ba7aec83480 .array/port v0x5ba7aec19b70, L_0x5ba7aec83520;
L_0x5ba7aec83520 .concat [ 5 2 0 0], L_0x5ba7aec76480, L_0x78855ab5b550;
L_0x5ba7aec837c0 .array/port v0x5ba7aec19b70, L_0x5ba7aec83860;
L_0x5ba7aec83860 .concat [ 5 2 0 0], L_0x5ba7aec766f0, L_0x78855ab5b598;
L_0x5ba7aec83b00 .array/port v0x5ba7aec190d0, L_0x5ba7aec84b50;
L_0x5ba7aec84b50 .concat [ 4 2 0 0], v0x5ba7aec23490_0, L_0x78855ab5b5e0;
S_0x5ba7aeb8ba50 .scope generate, "L1_CPU_Dmem[0]" "L1_CPU_Dmem[0]" 4 302, 4 302 0, S_0x5ba7aebdf6a0;
 .timescale -9 -12;
P_0x5ba7aeac8ea0 .param/l "dmem" 0 4 302, +C4<00>;
L_0x5ba7aec5e9b0 .functor AND 1, L_0x5ba7aec82630, L_0x5ba7aec5e840, C4<1>, C4<1>;
v0x5ba7aeacaff0_0 .net "L1_wr_a4", 0 0, L_0x5ba7aec5e9b0;  1 drivers
v0x5ba7aeacab10_0 .net *"_ivl_0", 4 0, L_0x5ba7aec5df10;  1 drivers
v0x5ba7aeaca630_0 .net/2u *"_ivl_11", 31 0, L_0x78855ab584a8;  1 drivers
v0x5ba7aeaca150_0 .net *"_ivl_14", 31 0, L_0x5ba7aec5ea70;  1 drivers
L_0x78855ab58418 .functor BUFT 1, C4<0>, C4<0>, C4<0>, C4<0>;
v0x5ba7aeac9c70_0 .net *"_ivl_3", 0 0, L_0x78855ab58418;  1 drivers
L_0x78855ab58460 .functor BUFT 1, C4<00000>, C4<0>, C4<0>, C4<0>;
v0x5ba7aeac9790_0 .net/2u *"_ivl_4", 4 0, L_0x78855ab58460;  1 drivers
v0x5ba7aeac92b0_0 .net *"_ivl_6", 0 0, L_0x5ba7aec5e840;  1 drivers
L_0x5ba7aec5df10 .concat [ 4 1 0 0], v0x5ba7aec23490_0, L_0x78855ab58418;
L_0x5ba7aec5e840 .cmp/eq 5, L_0x5ba7aec5df10, L_0x78855ab58460;
v0x5ba7aec190d0_0 .array/port v0x5ba7aec190d0, 0;
L_0x5ba7aec5ea70 .functor MUXZ 32, v0x5ba7aec190d0_0, v0x5ba7aec24690_0, L_0x5ba7aec5e9b0, C4<>;
S_0x5ba7aeb8dd40 .scope generate, "L1_CPU_Dmem[1]" "L1_CPU_Dmem[1]" 4 302, 4 302 0, S_0x5ba7aebdf6a0;
 .timescale -9 -12;
P_0x5ba7aeaf8410 .param/l "dmem" 0 4 302, +C4<01>;
L_0x5ba7aec5efe0 .functor AND 1, L_0x5ba7aec82630, L_0x5ba7aec5eea0, C4<1>, C4<1>;
v0x5ba7aeb04010_0 .net "L1_wr_a4", 0 0, L_0x5ba7aec5efe0;  1 drivers
v0x5ba7aeb040d0_0 .net *"_ivl_0", 4 0, L_0x5ba7aec5ed60;  1 drivers
v0x5ba7aeb01100_0 .net/2u *"_ivl_11", 31 0, L_0x78855ab58580;  1 drivers
v0x5ba7aeb011a0_0 .net *"_ivl_14", 31 0, L_0x5ba7aec5f0f0;  1 drivers
L_0x78855ab584f0 .functor BUFT 1, C4<0>, C4<0>, C4<0>, C4<0>;
v0x5ba7aeb06f40_0 .net *"_ivl_3", 0 0, L_0x78855ab584f0;  1 drivers
L_0x78855ab58538 .functor BUFT 1, C4<00001>, C4<0>, C4<0>, C4<0>;
v0x5ba7aeb0cd40_0 .net/2u *"_ivl_4", 4 0, L_0x78855ab58538;  1 drivers
v0x5ba7aeb09e30_0 .net *"_ivl_6", 0 0, L_0x5ba7aec5eea0;  1 drivers
L_0x5ba7aec5ed60 .concat [ 4 1 0 0], v0x5ba7aec23490_0, L_0x78855ab584f0;
L_0x5ba7aec5eea0 .cmp/eq 5, L_0x5ba7aec5ed60, L_0x78855ab58538;
v0x5ba7aec190d0_1 .array/port v0x5ba7aec190d0, 1;
L_0x5ba7aec5f0f0 .functor MUXZ 32, v0x5ba7aec190d0_1, v0x5ba7aec24690_0, L_0x5ba7aec5efe0, C4<>;
S_0x5ba7aeba3e30 .scope generate, "L1_CPU_Dmem[2]" "L1_CPU_Dmem[2]" 4 302, 4 302 0, S_0x5ba7aebdf6a0;
 .timescale -9 -12;
P_0x5ba7aeb0ce20 .param/l "dmem" 0 4 302, +C4<010>;
L_0x5ba7aec5f710 .functor AND 1, L_0x5ba7aec82630, L_0x5ba7aec5f5d0, C4<1>, C4<1>;
v0x5ba7aeb15ae0_0 .net "L1_wr_a4", 0 0, L_0x5ba7aec5f710;  1 drivers
v0x5ba7aeb12b60_0 .net *"_ivl_0", 4 0, L_0x5ba7aec5f4e0;  1 drivers
v0x5ba7aeb0fc50_0 .net/2u *"_ivl_11", 31 0, L_0x78855ab58658;  1 drivers
v0x5ba7aeb0fd10_0 .net *"_ivl_14", 31 0, L_0x5ba7aec5f7d0;  1 drivers
L_0x78855ab585c8 .functor BUFT 1, C4<0>, C4<0>, C4<0>, C4<0>;
v0x5ba7aeb1b8d0_0 .net *"_ivl_3", 0 0, L_0x78855ab585c8;  1 drivers
L_0x78855ab58610 .functor BUFT 1, C4<00010>, C4<0>, C4<0>, C4<0>;
v0x5ba7aeb189a0_0 .net/2u *"_ivl_4", 4 0, L_0x78855ab58610;  1 drivers
v0x5ba7aeb1e800_0 .net *"_ivl_6", 0 0, L_0x5ba7aec5f5d0;  1 drivers
L_0x5ba7aec5f4e0 .concat [ 4 1 0 0], v0x5ba7aec23490_0, L_0x78855ab585c8;
L_0x5ba7aec5f5d0 .cmp/eq 5, L_0x5ba7aec5f4e0, L_0x78855ab58610;
v0x5ba7aec190d0_2 .array/port v0x5ba7aec190d0, 2;
L_0x5ba7aec5f7d0 .functor MUXZ 32, v0x5ba7aec190d0_2, v0x5ba7aec24690_0, L_0x5ba7aec5f710, C4<>;
S_0x5ba7aeba45f0 .scope generate, "L1_CPU_Dmem[3]" "L1_CPU_Dmem[3]" 4 302, 4 302 0, S_0x5ba7aebdf6a0;
 .timescale -9 -12;
P_0x5ba7aeb12c40 .param/l "dmem" 0 4 302, +C4<011>;
L_0x5ba7aec5fbe0 .functor AND 1, L_0x5ba7aec82630, L_0x5ba7aec5faa0, C4<1>, C4<1>;
v0x5ba7aeb24660_0 .net "L1_wr_a4", 0 0, L_0x5ba7aec5fbe0;  1 drivers
v0x5ba7aeb21730_0 .net *"_ivl_0", 4 0, L_0x5ba7aec5fa00;  1 drivers
v0x5ba7aeb2d3f0_0 .net/2u *"_ivl_11", 31 0, L_0x78855ab58730;  1 drivers
v0x5ba7aeb2d4b0_0 .net *"_ivl_14", 31 0, L_0x5ba7aec5fc50;  1 drivers
L_0x78855ab586a0 .functor BUFT 1, C4<0>, C4<0>, C4<0>, C4<0>;
v0x5ba7aeb2a4c0_0 .net *"_ivl_3", 0 0, L_0x78855ab586a0;  1 drivers
L_0x78855ab586e8 .functor BUFT 1, C4<00011>, C4<0>, C4<0>, C4<0>;
v0x5ba7aeb27590_0 .net/2u *"_ivl_4", 4 0, L_0x78855ab586e8;  1 drivers
v0x5ba7aeb33250_0 .net *"_ivl_6", 0 0, L_0x5ba7aec5faa0;  1 drivers
L_0x5ba7aec5fa00 .concat [ 4 1 0 0], v0x5ba7aec23490_0, L_0x78855ab586a0;
L_0x5ba7aec5faa0 .cmp/eq 5, L_0x5ba7aec5fa00, L_0x78855ab586e8;
v0x5ba7aec190d0_3 .array/port v0x5ba7aec190d0, 3;
L_0x5ba7aec5fc50 .functor MUXZ 32, v0x5ba7aec190d0_3, v0x5ba7aec24690_0, L_0x5ba7aec5fbe0, C4<>;
S_0x5ba7aebd7d60 .scope generate, "L1_CPU_Dmem[4]" "L1_CPU_Dmem[4]" 4 302, 4 302 0, S_0x5ba7aebdf6a0;
 .timescale -9 -12;
P_0x5ba7aeb21810 .param/l "dmem" 0 4 302, +C4<0100>;
L_0x5ba7aec60050 .functor AND 1, L_0x5ba7aec82630, L_0x5ba7aec5ff10, C4<1>, C4<1>;
v0x5ba7aeb30320_0 .net "L1_wr_a4", 0 0, L_0x5ba7aec60050;  1 drivers
v0x5ba7aeb36180_0 .net *"_ivl_0", 4 0, L_0x5ba7aec5f2d0;  1 drivers
v0x5ba7aeb3bfe0_0 .net/2u *"_ivl_11", 31 0, L_0x78855ab58808;  1 drivers
v0x5ba7aeb3c0a0_0 .net *"_ivl_14", 31 0, L_0x5ba7aec60110;  1 drivers
L_0x78855ab58778 .functor BUFT 1, C4<0>, C4<0>, C4<0>, C4<0>;
v0x5ba7aeb390b0_0 .net *"_ivl_3", 0 0, L_0x78855ab58778;  1 drivers
L_0x78855ab587c0 .functor BUFT 1, C4<00100>, C4<0>, C4<0>, C4<0>;
v0x5ba7aeb44d70_0 .net/2u *"_ivl_4", 4 0, L_0x78855ab587c0;  1 drivers
v0x5ba7aeb41e40_0 .net *"_ivl_6", 0 0, L_0x5ba7aec5ff10;  1 drivers
L_0x5ba7aec5f2d0 .concat [ 4 1 0 0], v0x5ba7aec23490_0, L_0x78855ab58778;
L_0x5ba7aec5ff10 .cmp/eq 5, L_0x5ba7aec5f2d0, L_0x78855ab587c0;
v0x5ba7aec190d0_4 .array/port v0x5ba7aec190d0, 4;
L_0x5ba7aec60110 .functor MUXZ 32, v0x5ba7aec190d0_4, v0x5ba7aec24690_0, L_0x5ba7aec60050, C4<>;
S_0x5ba7aebe1220 .scope generate, "L1_CPU_Dmem[5]" "L1_CPU_Dmem[5]" 4 302, 4 302 0, S_0x5ba7aebdf6a0;
 .timescale -9 -12;
P_0x5ba7aeb30400 .param/l "dmem" 0 4 302, +C4<0101>;
L_0x5ba7aec60570 .functor AND 1, L_0x5ba7aec82630, L_0x5ba7aec60430, C4<1>, C4<1>;
v0x5ba7aeb3ef10_0 .net "L1_wr_a4", 0 0, L_0x5ba7aec60570;  1 drivers
v0x5ba7aebde720_0 .net *"_ivl_0", 4 0, L_0x5ba7aec60340;  1 drivers
v0x5ba7aeb69f90_0 .net/2u *"_ivl_11", 31 0, L_0x78855ab588e0;  1 drivers
v0x5ba7aeb6a050_0 .net *"_ivl_14", 31 0, L_0x5ba7aec60630;  1 drivers
L_0x78855ab58850 .functor BUFT 1, C4<0>, C4<0>, C4<0>, C4<0>;
v0x5ba7aeb6aa90_0 .net *"_ivl_3", 0 0, L_0x78855ab58850;  1 drivers
L_0x78855ab58898 .functor BUFT 1, C4<00101>, C4<0>, C4<0>, C4<0>;
v0x5ba7aeb6a750_0 .net/2u *"_ivl_4", 4 0, L_0x78855ab58898;  1 drivers
v0x5ba7aeb6c0f0_0 .net *"_ivl_6", 0 0, L_0x5ba7aec60430;  1 drivers
L_0x5ba7aec60340 .concat [ 4 1 0 0], v0x5ba7aec23490_0, L_0x78855ab58850;
L_0x5ba7aec60430 .cmp/eq 5, L_0x5ba7aec60340, L_0x78855ab58898;
v0x5ba7aec190d0_5 .array/port v0x5ba7aec190d0, 5;
L_0x5ba7aec60630 .functor MUXZ 32, v0x5ba7aec190d0_5, v0x5ba7aec24690_0, L_0x5ba7aec60570, C4<>;
S_0x5ba7aeae4600 .scope generate, "L1_CPU_Dmem[6]" "L1_CPU_Dmem[6]" 4 302, 4 302 0, S_0x5ba7aebdf6a0;
 .timescale -9 -12;
P_0x5ba7aeb44e50 .param/l "dmem" 0 4 302, +C4<0110>;
L_0x5ba7aec60c00 .functor AND 1, L_0x5ba7aec82630, L_0x5ba7aec60a90, C4<1>, C4<1>;
v0x5ba7aeb6bd80_0 .net "L1_wr_a4", 0 0, L_0x5ba7aec60c00;  1 drivers
v0x5ba7aeb6b5c0_0 .net *"_ivl_0", 4 0, L_0x5ba7aec609a0;  1 drivers
v0x5ba7aeb6b250_0 .net/2u *"_ivl_11", 31 0, L_0x78855ab589b8;  1 drivers
v0x5ba7aeb6b310_0 .net *"_ivl_14", 31 0, L_0x5ba7aec60cc0;  1 drivers
L_0x78855ab58928 .functor BUFT 1, C4<0>, C4<0>, C4<0>, C4<0>;
v0x5ba7aeb6d3e0_0 .net *"_ivl_3", 0 0, L_0x78855ab58928;  1 drivers
L_0x78855ab58970 .functor BUFT 1, C4<00110>, C4<0>, C4<0>, C4<0>;
v0x5ba7aeb6cc20_0 .net/2u *"_ivl_4", 4 0, L_0x78855ab58970;  1 drivers
v0x5ba7aeb6c8b0_0 .net *"_ivl_6", 0 0, L_0x5ba7aec60a90;  1 drivers
L_0x5ba7aec609a0 .concat [ 4 1 0 0], v0x5ba7aec23490_0, L_0x78855ab58928;
L_0x5ba7aec60a90 .cmp/eq 5, L_0x5ba7aec609a0, L_0x78855ab58970;
v0x5ba7aec190d0_6 .array/port v0x5ba7aec190d0, 6;
L_0x5ba7aec60cc0 .functor MUXZ 32, v0x5ba7aec190d0_6, v0x5ba7aec24690_0, L_0x5ba7aec60c00, C4<>;
S_0x5ba7aeae4d60 .scope generate, "L1_CPU_Dmem[7]" "L1_CPU_Dmem[7]" 4 302, 4 302 0, S_0x5ba7aebdf6a0;
 .timescale -9 -12;
P_0x5ba7aebde800 .param/l "dmem" 0 4 302, +C4<0111>;
L_0x5ba7aec61150 .functor AND 1, L_0x5ba7aec82630, L_0x5ba7aec60fe0, C4<1>, C4<1>;
v0x5ba7aeb6e220_0 .net "L1_wr_a4", 0 0, L_0x5ba7aec61150;  1 drivers
v0x5ba7aeb6dee0_0 .net *"_ivl_0", 4 0, L_0x5ba7aec60ef0;  1 drivers
v0x5ba7aeb6d720_0 .net/2u *"_ivl_11", 31 0, L_0x78855ab58a90;  1 drivers
v0x5ba7aeb6d7e0_0 .net *"_ivl_14", 31 0, L_0x5ba7aec61210;  1 drivers
L_0x78855ab58a00 .functor BUFT 1, C4<0>, C4<0>, C4<0>, C4<0>;
v0x5ba7aeb71970_0 .net *"_ivl_3", 0 0, L_0x78855ab58a00;  1 drivers
L_0x78855ab58a48 .functor BUFT 1, C4<00111>, C4<0>, C4<0>, C4<0>;
v0x5ba7aeb72140_0 .net/2u *"_ivl_4", 4 0, L_0x78855ab58a48;  1 drivers
v0x5ba7aeb8c930_0 .net *"_ivl_6", 0 0, L_0x5ba7aec60fe0;  1 drivers
L_0x5ba7aec60ef0 .concat [ 4 1 0 0], v0x5ba7aec23490_0, L_0x78855ab58a00;
L_0x5ba7aec60fe0 .cmp/eq 5, L_0x5ba7aec60ef0, L_0x78855ab58a48;
v0x5ba7aec190d0_7 .array/port v0x5ba7aec190d0, 7;
L_0x5ba7aec61210 .functor MUXZ 32, v0x5ba7aec190d0_7, v0x5ba7aec24690_0, L_0x5ba7aec61150, C4<>;
S_0x5ba7aeae54c0 .scope generate, "L1_CPU_Dmem[8]" "L1_CPU_Dmem[8]" 4 302, 4 302 0, S_0x5ba7aebdf6a0;
 .timescale -9 -12;
P_0x5ba7aeb24740 .param/l "dmem" 0 4 302, +C4<01000>;
L_0x5ba7aec617f0 .functor AND 1, L_0x5ba7aec82630, L_0x5ba7aec61680, C4<1>, C4<1>;
v0x5ba7aeb8c4f0_0 .net "L1_wr_a4", 0 0, L_0x5ba7aec617f0;  1 drivers
v0x5ba7aeb8cd70_0 .net *"_ivl_0", 5 0, L_0x5ba7aec61590;  1 drivers
v0x5ba7aeb8d5f0_0 .net/2u *"_ivl_11", 31 0, L_0x78855ab58b68;  1 drivers
v0x5ba7aeb8d6b0_0 .net *"_ivl_14", 31 0, L_0x5ba7aec618b0;  1 drivers
L_0x78855ab58ad8 .functor BUFT 1, C4<00>, C4<0>, C4<0>, C4<0>;
v0x5ba7aeb8d1b0_0 .net *"_ivl_3", 1 0, L_0x78855ab58ad8;  1 drivers
L_0x78855ab58b20 .functor BUFT 1, C4<001000>, C4<0>, C4<0>, C4<0>;
v0x5ba7aeba42d0_0 .net/2u *"_ivl_4", 5 0, L_0x78855ab58b20;  1 drivers
v0x5ba7aeba4e40_0 .net *"_ivl_6", 0 0, L_0x5ba7aec61680;  1 drivers
L_0x5ba7aec61590 .concat [ 4 2 0 0], v0x5ba7aec23490_0, L_0x78855ab58ad8;
L_0x5ba7aec61680 .cmp/eq 6, L_0x5ba7aec61590, L_0x78855ab58b20;
v0x5ba7aec190d0_8 .array/port v0x5ba7aec190d0, 8;
L_0x5ba7aec618b0 .functor MUXZ 32, v0x5ba7aec190d0_8, v0x5ba7aec24690_0, L_0x5ba7aec617f0, C4<>;
S_0x5ba7aeae5c20 .scope generate, "L1_CPU_Dmem[9]" "L1_CPU_Dmem[9]" 4 302, 4 302 0, S_0x5ba7aebdf6a0;
 .timescale -9 -12;
P_0x5ba7aeb6b6a0 .param/l "dmem" 0 4 302, +C4<01001>;
L_0x5ba7aec61d40 .functor AND 1, L_0x5ba7aec82630, L_0x5ba7aec61bd0, C4<1>, C4<1>;
v0x5ba7aeba4a90_0 .net "L1_wr_a4", 0 0, L_0x5ba7aec61d40;  1 drivers
v0x5ba7aeba5460_0 .net *"_ivl_0", 5 0, L_0x5ba7aec61ae0;  1 drivers
v0x5ba7aeba6d70_0 .net/2u *"_ivl_11", 31 0, L_0x78855ab58c40;  1 drivers
v0x5ba7aeba6e30_0 .net *"_ivl_14", 31 0, L_0x5ba7aec61e00;  1 drivers
L_0x78855ab58bb0 .functor BUFT 1, C4<00>, C4<0>, C4<0>, C4<0>;
v0x5ba7aeba6090_0 .net *"_ivl_3", 1 0, L_0x78855ab58bb0;  1 drivers
L_0x78855ab58bf8 .functor BUFT 1, C4<001001>, C4<0>, C4<0>, C4<0>;
v0x5ba7aebcf9e0_0 .net/2u *"_ivl_4", 5 0, L_0x78855ab58bf8;  1 drivers
v0x5ba7aebcf1c0_0 .net *"_ivl_6", 0 0, L_0x5ba7aec61bd0;  1 drivers
L_0x5ba7aec61ae0 .concat [ 4 2 0 0], v0x5ba7aec23490_0, L_0x78855ab58bb0;
L_0x5ba7aec61bd0 .cmp/eq 6, L_0x5ba7aec61ae0, L_0x78855ab58bf8;
v0x5ba7aec190d0_9 .array/port v0x5ba7aec190d0, 9;
L_0x5ba7aec61e00 .functor MUXZ 32, v0x5ba7aec190d0_9, v0x5ba7aec24690_0, L_0x5ba7aec61d40, C4<>;
S_0x5ba7aeae6380 .scope generate, "L1_CPU_Dmem[10]" "L1_CPU_Dmem[10]" 4 302, 4 302 0, S_0x5ba7aebdf6a0;
 .timescale -9 -12;
P_0x5ba7aeb6e300 .param/l "dmem" 0 4 302, +C4<01010>;
L_0x5ba7aec623f0 .functor AND 1, L_0x5ba7aec82630, L_0x5ba7aec62280, C4<1>, C4<1>;
v0x5ba7aebd8aa0_0 .net "L1_wr_a4", 0 0, L_0x5ba7aec623f0;  1 drivers
v0x5ba7aebd86f0_0 .net *"_ivl_0", 5 0, L_0x5ba7aec62190;  1 drivers
v0x5ba7aebd8e50_0 .net/2u *"_ivl_11", 31 0, L_0x78855ab58d18;  1 drivers
v0x5ba7aebd8f10_0 .net *"_ivl_14", 31 0, L_0x5ba7aec624b0;  1 drivers
L_0x78855ab58c88 .functor BUFT 1, C4<00>, C4<0>, C4<0>, C4<0>;
v0x5ba7aeb69c50_0 .net *"_ivl_3", 1 0, L_0x78855ab58c88;  1 drivers
L_0x78855ab58cd0 .functor BUFT 1, C4<001010>, C4<0>, C4<0>, C4<0>;
v0x5ba7aebfe180_0 .net/2u *"_ivl_4", 5 0, L_0x78855ab58cd0;  1 drivers
v0x5ba7aeb68d70_0 .net *"_ivl_6", 0 0, L_0x5ba7aec62280;  1 drivers
L_0x5ba7aec62190 .concat [ 4 2 0 0], v0x5ba7aec23490_0, L_0x78855ab58c88;
L_0x5ba7aec62280 .cmp/eq 6, L_0x5ba7aec62190, L_0x78855ab58cd0;
v0x5ba7aec190d0_10 .array/port v0x5ba7aec190d0, 10;
L_0x5ba7aec624b0 .functor MUXZ 32, v0x5ba7aec190d0_10, v0x5ba7aec24690_0, L_0x5ba7aec623f0, C4<>;
S_0x5ba7aeae6ae0 .scope generate, "L1_CPU_Dmem[11]" "L1_CPU_Dmem[11]" 4 302, 4 302 0, S_0x5ba7aebdf6a0;
 .timescale -9 -12;
P_0x5ba7aeb72220 .param/l "dmem" 0 4 302, +C4<01011>;
L_0x5ba7aec62940 .functor AND 1, L_0x5ba7aec82630, L_0x5ba7aec627d0, C4<1>, C4<1>;
v0x5ba7aeb669a0_0 .net "L1_wr_a4", 0 0, L_0x5ba7aec62940;  1 drivers
v0x5ba7aeb645d0_0 .net *"_ivl_0", 5 0, L_0x5ba7aec626e0;  1 drivers
v0x5ba7aeb62200_0 .net/2u *"_ivl_11", 31 0, L_0x78855ab58df0;  1 drivers
v0x5ba7aeb622c0_0 .net *"_ivl_14", 31 0, L_0x5ba7aec62a00;  1 drivers
L_0x78855ab58d60 .functor BUFT 1, C4<00>, C4<0>, C4<0>, C4<0>;
v0x5ba7aeb5fe30_0 .net *"_ivl_3", 1 0, L_0x78855ab58d60;  1 drivers
L_0x78855ab58da8 .functor BUFT 1, C4<001011>, C4<0>, C4<0>, C4<0>;
v0x5ba7aeb5da60_0 .net/2u *"_ivl_4", 5 0, L_0x78855ab58da8;  1 drivers
v0x5ba7aeb5b690_0 .net *"_ivl_6", 0 0, L_0x5ba7aec627d0;  1 drivers
L_0x5ba7aec626e0 .concat [ 4 2 0 0], v0x5ba7aec23490_0, L_0x78855ab58d60;
L_0x5ba7aec627d0 .cmp/eq 6, L_0x5ba7aec626e0, L_0x78855ab58da8;
v0x5ba7aec190d0_11 .array/port v0x5ba7aec190d0, 11;
L_0x5ba7aec62a00 .functor MUXZ 32, v0x5ba7aec190d0_11, v0x5ba7aec24690_0, L_0x5ba7aec62940, C4<>;
S_0x5ba7aeb698a0 .scope generate, "L1_CPU_Dmem[12]" "L1_CPU_Dmem[12]" 4 302, 4 302 0, S_0x5ba7aebdf6a0;
 .timescale -9 -12;
P_0x5ba7aeb8ce50 .param/l "dmem" 0 4 302, +C4<01100>;
L_0x5ba7aec63000 .functor AND 1, L_0x5ba7aec82630, L_0x5ba7aec62e90, C4<1>, C4<1>;
v0x5ba7aeb592c0_0 .net "L1_wr_a4", 0 0, L_0x5ba7aec63000;  1 drivers
v0x5ba7aeb56ef0_0 .net *"_ivl_0", 5 0, L_0x5ba7aec62da0;  1 drivers
v0x5ba7aeb54b20_0 .net/2u *"_ivl_11", 31 0, L_0x78855ab58ec8;  1 drivers
v0x5ba7aeb54be0_0 .net *"_ivl_14", 31 0, L_0x5ba7aec630c0;  1 drivers
L_0x78855ab58e38 .functor BUFT 1, C4<00>, C4<0>, C4<0>, C4<0>;
v0x5ba7aeb52750_0 .net *"_ivl_3", 1 0, L_0x78855ab58e38;  1 drivers
L_0x78855ab58e80 .functor BUFT 1, C4<001100>, C4<0>, C4<0>, C4<0>;
v0x5ba7aeb50380_0 .net/2u *"_ivl_4", 5 0, L_0x78855ab58e80;  1 drivers
v0x5ba7aebd8110_0 .net *"_ivl_6", 0 0, L_0x5ba7aec62e90;  1 drivers
L_0x5ba7aec62da0 .concat [ 4 2 0 0], v0x5ba7aec23490_0, L_0x78855ab58e38;
L_0x5ba7aec62e90 .cmp/eq 6, L_0x5ba7aec62da0, L_0x78855ab58e80;
v0x5ba7aec190d0_12 .array/port v0x5ba7aec190d0, 12;
L_0x5ba7aec630c0 .functor MUXZ 32, v0x5ba7aec190d0_12, v0x5ba7aec24690_0, L_0x5ba7aec63000, C4<>;
S_0x5ba7aeae3ea0 .scope generate, "L1_CPU_Dmem[13]" "L1_CPU_Dmem[13]" 4 302, 4 302 0, S_0x5ba7aebdf6a0;
 .timescale -9 -12;
P_0x5ba7aeba4b70 .param/l "dmem" 0 4 302, +C4<01101>;
L_0x5ba7aec63550 .functor AND 1, L_0x5ba7aec82630, L_0x5ba7aec633e0, C4<1>, C4<1>;
v0x5ba7aebd5a50_0 .net "L1_wr_a4", 0 0, L_0x5ba7aec63550;  1 drivers
v0x5ba7aebd5e20_0 .net *"_ivl_0", 5 0, L_0x5ba7aec632f0;  1 drivers
v0x5ba7aebd7990_0 .net/2u *"_ivl_11", 31 0, L_0x78855ab58fa0;  1 drivers
v0x5ba7aebd7a50_0 .net *"_ivl_14", 31 0, L_0x5ba7aec63610;  1 drivers
L_0x78855ab58f10 .functor BUFT 1, C4<00>, C4<0>, C4<0>, C4<0>;
v0x5ba7aeba3ac0_0 .net *"_ivl_3", 1 0, L_0x78855ab58f10;  1 drivers
L_0x78855ab58f58 .functor BUFT 1, C4<001101>, C4<0>, C4<0>, C4<0>;
v0x5ba7aeb894e0_0 .net/2u *"_ivl_4", 5 0, L_0x78855ab58f58;  1 drivers
v0x5ba7aeb70e30_0 .net *"_ivl_6", 0 0, L_0x5ba7aec633e0;  1 drivers
L_0x5ba7aec632f0 .concat [ 4 2 0 0], v0x5ba7aec23490_0, L_0x78855ab58f10;
L_0x5ba7aec633e0 .cmp/eq 6, L_0x5ba7aec632f0, L_0x78855ab58f58;
v0x5ba7aec190d0_13 .array/port v0x5ba7aec190d0, 13;
L_0x5ba7aec63610 .functor MUXZ 32, v0x5ba7aec190d0_13, v0x5ba7aec24690_0, L_0x5ba7aec63550, C4<>;
S_0x5ba7aeae14a0 .scope generate, "L1_CPU_Dmem[14]" "L1_CPU_Dmem[14]" 4 302, 4 302 0, S_0x5ba7aebdf6a0;
 .timescale -9 -12;
P_0x5ba7aebcfac0 .param/l "dmem" 0 4 302, +C4<01110>;
L_0x5ba7aec63c20 .functor AND 1, L_0x5ba7aec82630, L_0x5ba7aec63ab0, C4<1>, C4<1>;
v0x5ba7aeba3530_0 .net "L1_wr_a4", 0 0, L_0x5ba7aec63c20;  1 drivers
v0x5ba7aeba3610_0 .net *"_ivl_0", 5 0, L_0x5ba7aec639c0;  1 drivers
v0x5ba7aeba2940_0 .net/2u *"_ivl_11", 31 0, L_0x78855ab59078;  1 drivers
v0x5ba7aeba2a00_0 .net *"_ivl_14", 31 0, L_0x5ba7aec63ce0;  1 drivers
L_0x78855ab58fe8 .functor BUFT 1, C4<00>, C4<0>, C4<0>, C4<0>;
v0x5ba7aeba1d50_0 .net *"_ivl_3", 1 0, L_0x78855ab58fe8;  1 drivers
L_0x78855ab59030 .functor BUFT 1, C4<001110>, C4<0>, C4<0>, C4<0>;
v0x5ba7aeba1160_0 .net/2u *"_ivl_4", 5 0, L_0x78855ab59030;  1 drivers
v0x5ba7aeba1240_0 .net *"_ivl_6", 0 0, L_0x5ba7aec63ab0;  1 drivers
L_0x5ba7aec639c0 .concat [ 4 2 0 0], v0x5ba7aec23490_0, L_0x78855ab58fe8;
L_0x5ba7aec63ab0 .cmp/eq 6, L_0x5ba7aec639c0, L_0x78855ab59030;
v0x5ba7aec190d0_14 .array/port v0x5ba7aec190d0, 14;
L_0x5ba7aec63ce0 .functor MUXZ 32, v0x5ba7aec190d0_14, v0x5ba7aec24690_0, L_0x5ba7aec63c20, C4<>;
S_0x5ba7aeae1b70 .scope generate, "L1_CPU_Dmem[15]" "L1_CPU_Dmem[15]" 4 302, 4 302 0, S_0x5ba7aebdf6a0;
 .timescale -9 -12;
P_0x5ba7aebd87d0 .param/l "dmem" 0 4 302, +C4<01111>;
L_0x5ba7aec64170 .functor AND 1, L_0x5ba7aec82630, L_0x5ba7aec64030, C4<1>, C4<1>;
v0x5ba7aeba0570_0 .net "L1_wr_a4", 0 0, L_0x5ba7aec64170;  1 drivers
v0x5ba7aeba0630_0 .net *"_ivl_0", 5 0, L_0x5ba7aec63f40;  1 drivers
v0x5ba7aeb9f980_0 .net/2u *"_ivl_11", 31 0, L_0x78855ab59150;  1 drivers
v0x5ba7aeb9fa40_0 .net *"_ivl_14", 31 0, L_0x5ba7aec64230;  1 drivers
L_0x78855ab590c0 .functor BUFT 1, C4<00>, C4<0>, C4<0>, C4<0>;
v0x5ba7aeb9ed90_0 .net *"_ivl_3", 1 0, L_0x78855ab590c0;  1 drivers
L_0x78855ab59108 .functor BUFT 1, C4<001111>, C4<0>, C4<0>, C4<0>;
v0x5ba7aeb9e1a0_0 .net/2u *"_ivl_4", 5 0, L_0x78855ab59108;  1 drivers
v0x5ba7aeb9e280_0 .net *"_ivl_6", 0 0, L_0x5ba7aec64030;  1 drivers
L_0x5ba7aec63f40 .concat [ 4 2 0 0], v0x5ba7aec23490_0, L_0x78855ab590c0;
L_0x5ba7aec64030 .cmp/eq 6, L_0x5ba7aec63f40, L_0x78855ab59108;
v0x5ba7aec190d0_15 .array/port v0x5ba7aec190d0, 15;
L_0x5ba7aec64230 .functor MUXZ 32, v0x5ba7aec190d0_15, v0x5ba7aec24690_0, L_0x5ba7aec64170, C4<>;
S_0x5ba7aeae2240 .scope generate, "L1_CPU_Imem[0]" "L1_CPU_Imem[0]" 4 272, 4 272 0, S_0x5ba7aebdf6a0;
 .timescale -9 -12;
P_0x5ba7aeb646b0 .param/l "imem" 0 4 272, +C4<00>;
L_0x5ba7aeaca030 .functor BUFZ 32, L_0x78855ab5b118, C4<00000000000000000000000000000000>, C4<00000000000000000000000000000000>, C4<00000000000000000000000000000000>;
S_0x5ba7aeae2910 .scope generate, "L1_CPU_Imem[1]" "L1_CPU_Imem[1]" 4 272, 4 272 0, S_0x5ba7aebdf6a0;
 .timescale -9 -12;
P_0x5ba7aeb56fd0 .param/l "imem" 0 4 272, +C4<01>;
L_0x5ba7aeac9b50 .functor BUFZ 32, L_0x78855ab5b160, C4<00000000000000000000000000000000>, C4<00000000000000000000000000000000>, C4<00000000000000000000000000000000>;
S_0x5ba7aeae2fe0 .scope generate, "L1_CPU_Imem[2]" "L1_CPU_Imem[2]" 4 272, 4 272 0, S_0x5ba7aebdf6a0;
 .timescale -9 -12;
P_0x5ba7aebd5f00 .param/l "imem" 0 4 272, +C4<010>;
L_0x5ba7aeac9670 .functor BUFZ 32, L_0x78855ab5b1a8, C4<00000000000000000000000000000000>, C4<00000000000000000000000000000000>, C4<00000000000000000000000000000000>;
S_0x5ba7aeae3740 .scope generate, "L1_CPU_Imem[3]" "L1_CPU_Imem[3]" 4 272, 4 272 0, S_0x5ba7aebdf6a0;
 .timescale -9 -12;
P_0x5ba7aeb9d450 .param/l "imem" 0 4 272, +C4<011>;
L_0x5ba7aeac9190 .functor BUFZ 32, L_0x78855ab5b1f0, C4<00000000000000000000000000000000>, C4<00000000000000000000000000000000>, C4<00000000000000000000000000000000>;
S_0x5ba7aeb691a0 .scope generate, "L1_CPU_Imem[4]" "L1_CPU_Imem[4]" 4 272, 4 272 0, S_0x5ba7aebdf6a0;
 .timescale -9 -12;
P_0x5ba7aeb9cbe0 .param/l "imem" 0 4 272, +C4<0100>;
L_0x5ba7aec3bf90 .functor BUFZ 32, L_0x78855ab5b238, C4<00000000000000000000000000000000>, C4<00000000000000000000000000000000>, C4<00000000000000000000000000000000>;
S_0x5ba7aebd5420 .scope generate, "L1_CPU_Imem[5]" "L1_CPU_Imem[5]" 4 272, 4 272 0, S_0x5ba7aebdf6a0;
 .timescale -9 -12;
P_0x5ba7aeb9ccf0 .param/l "imem" 0 4 272, +C4<0101>;
L_0x5ba7aec3c060 .functor BUFZ 32, L_0x78855ab5b280, C4<00000000000000000000000000000000>, C4<00000000000000000000000000000000>, C4<00000000000000000000000000000000>;
S_0x5ba7aeb66dd0 .scope generate, "L1_CPU_Imem[6]" "L1_CPU_Imem[6]" 4 272, 4 272 0, S_0x5ba7aebdf6a0;
 .timescale -9 -12;
P_0x5ba7aeb9c480 .param/l "imem" 0 4 272, +C4<0110>;
L_0x5ba7aec3c130 .functor BUFZ 32, L_0x78855ab5b2c8, C4<00000000000000000000000000000000>, C4<00000000000000000000000000000000>, C4<00000000000000000000000000000000>;
S_0x5ba7aeb64a00 .scope generate, "L1_CPU_Imem[7]" "L1_CPU_Imem[7]" 4 272, 4 272 0, S_0x5ba7aebdf6a0;
 .timescale -9 -12;
P_0x5ba7aeb9bbf0 .param/l "imem" 0 4 272, +C4<0111>;
L_0x5ba7aec3c200 .functor BUFZ 32, L_0x78855ab5b310, C4<00000000000000000000000000000000>, C4<00000000000000000000000000000000>, C4<00000000000000000000000000000000>;
S_0x5ba7aeb62630 .scope generate, "L1_CPU_Imem[8]" "L1_CPU_Imem[8]" 4 272, 4 272 0, S_0x5ba7aebdf6a0;
 .timescale -9 -12;
P_0x5ba7aeb9b380 .param/l "imem" 0 4 272, +C4<01000>;
L_0x5ba7aec3c2d0 .functor BUFZ 32, L_0x78855ab5b358, C4<00000000000000000000000000000000>, C4<00000000000000000000000000000000>, C4<00000000000000000000000000000000>;
S_0x5ba7aeb60260 .scope generate, "L1_CPU_Imem[9]" "L1_CPU_Imem[9]" 4 272, 4 272 0, S_0x5ba7aebdf6a0;
 .timescale -9 -12;
P_0x5ba7aeb9b490 .param/l "imem" 0 4 272, +C4<01001>;
L_0x5ba7aec3c3a0 .functor BUFZ 32, L_0x78855ab5b3a0, C4<00000000000000000000000000000000>, C4<00000000000000000000000000000000>, C4<00000000000000000000000000000000>;
S_0x5ba7aeb5de90 .scope generate, "L1_CPU_Imem[10]" "L1_CPU_Imem[10]" 4 272, 4 272 0, S_0x5ba7aebdf6a0;
 .timescale -9 -12;
P_0x5ba7aeb9ac20 .param/l "imem" 0 4 272, +C4<01010>;
L_0x5ba7aec3c470 .functor BUFZ 32, L_0x78855ab5b3e8, C4<00000000000000000000000000000000>, C4<00000000000000000000000000000000>, C4<00000000000000000000000000000000>;
S_0x5ba7aeb5bac0 .scope generate, "L1_CPU_Imem[11]" "L1_CPU_Imem[11]" 4 272, 4 272 0, S_0x5ba7aebdf6a0;
 .timescale -9 -12;
P_0x5ba7aeb9a440 .param/l "imem" 0 4 272, +C4<01011>;
L_0x5ba7aec3c540 .functor BUFZ 32, L_0x78855ab5b430, C4<00000000000000000000000000000000>, C4<00000000000000000000000000000000>, C4<00000000000000000000000000000000>;
S_0x5ba7aeb596f0 .scope generate, "L1_CPU_Imem[12]" "L1_CPU_Imem[12]" 4 272, 4 272 0, S_0x5ba7aebdf6a0;
 .timescale -9 -12;
P_0x5ba7aeb99c90 .param/l "imem" 0 4 272, +C4<01100>;
L_0x5ba7aec3c610 .functor BUFZ 32, L_0x78855ab5b478, C4<00000000000000000000000000000000>, C4<00000000000000000000000000000000>, C4<00000000000000000000000000000000>;
S_0x5ba7aeaf58f0 .scope generate, "L1_CPU_Xreg[0]" "L1_CPU_Xreg[0]" 4 282, 4 282 0, S_0x5ba7aebdf6a0;
 .timescale -9 -12;
P_0x5ba7aeb994b0 .param/l "xreg" 0 4 282, +C4<00>;
L_0x5ba7aec3c860 .functor AND 1, L_0x5ba7aec7fca0, L_0x5ba7aec3c710, C4<1>, C4<1>;
L_0x5ba7aec3cc00 .functor AND 1, L_0x5ba7aec3c860, L_0x5ba7aec3ca90, C4<1>, C4<1>;
v0x5ba7aeb99590_0 .net "L1_wr_a3", 0 0, L_0x5ba7aec3cc00;  1 drivers
L_0x78855ab56018 .functor BUFT 1, C4<00000>, C4<0>, C4<0>, C4<0>;
v0x5ba7aeb988c0_0 .net/2u *"_ivl_0", 4 0, L_0x78855ab56018;  1 drivers
L_0x78855ab560a8 .functor BUFT 1, C4<000000>, C4<0>, C4<0>, C4<0>;
v0x5ba7aeb989a0_0 .net/2u *"_ivl_10", 5 0, L_0x78855ab560a8;  1 drivers
v0x5ba7aeb97c60_0 .net *"_ivl_12", 0 0, L_0x5ba7aec3ca90;  1 drivers
v0x5ba7aeb97d20_0 .net/2u *"_ivl_17", 31 0, L_0x78855ab560f0;  1 drivers
v0x5ba7aeb97540_0 .net *"_ivl_2", 0 0, L_0x5ba7aec3c710;  1 drivers
v0x5ba7aeb96830_0 .net *"_ivl_20", 31 0, L_0x5ba7aec4cd20;  1 drivers
v0x5ba7aeb96910_0 .net *"_ivl_5", 0 0, L_0x5ba7aec3c860;  1 drivers
v0x5ba7aeb960a0_0 .net *"_ivl_6", 5 0, L_0x5ba7aec3c920;  1 drivers
L_0x78855ab56060 .functor BUFT 1, C4<0>, C4<0>, C4<0>, C4<0>;
v0x5ba7aeb96180_0 .net *"_ivl_9", 0 0, L_0x78855ab56060;  1 drivers
L_0x5ba7aec3c710 .cmp/ne 5, L_0x5ba7aec80950, L_0x78855ab56018;
L_0x5ba7aec3c920 .concat [ 5 1 0 0], L_0x5ba7aec80950, L_0x78855ab56060;
L_0x5ba7aec3ca90 .cmp/eq 6, L_0x5ba7aec3c920, L_0x78855ab560a8;
v0x5ba7aec19b70_0 .array/port v0x5ba7aec19b70, 0;
L_0x5ba7aec4cd20 .functor MUXZ 32, v0x5ba7aec19b70_0, L_0x5ba7aec80060, L_0x5ba7aec3cc00, C4<>;
S_0x5ba7aeb57320 .scope generate, "L1_CPU_Xreg[1]" "L1_CPU_Xreg[1]" 4 282, 4 282 0, S_0x5ba7aebdf6a0;
 .timescale -9 -12;
P_0x5ba7aeb95480 .param/l "xreg" 0 4 282, +C4<01>;
L_0x5ba7aec4d120 .functor AND 1, L_0x5ba7aec7fca0, L_0x5ba7aec4d030, C4<1>, C4<1>;
L_0x5ba7aec4d4a0 .functor AND 1, L_0x5ba7aec4d120, L_0x5ba7aec4d360, C4<1>, C4<1>;
v0x5ba7aeb94c90_0 .net "L1_wr_a3", 0 0, L_0x5ba7aec4d4a0;  1 drivers
L_0x78855ab56138 .functor BUFT 1, C4<00000>, C4<0>, C4<0>, C4<0>;
v0x5ba7aeb94d50_0 .net/2u *"_ivl_0", 4 0, L_0x78855ab56138;  1 drivers
L_0x78855ab561c8 .functor BUFT 1, C4<000001>, C4<0>, C4<0>, C4<0>;
v0x5ba7aeb94010_0 .net/2u *"_ivl_10", 5 0, L_0x78855ab561c8;  1 drivers
v0x5ba7aeb940b0_0 .net *"_ivl_12", 0 0, L_0x5ba7aec4d360;  1 drivers
v0x5ba7aeb93880_0 .net/2u *"_ivl_17", 31 0, L_0x78855ab56210;  1 drivers
v0x5ba7aeb92c00_0 .net *"_ivl_2", 0 0, L_0x5ba7aec4d030;  1 drivers
v0x5ba7aeb92cc0_0 .net *"_ivl_20", 31 0, L_0x5ba7aec4d5b0;  1 drivers
v0x5ba7aeb92470_0 .net *"_ivl_5", 0 0, L_0x5ba7aec4d120;  1 drivers
v0x5ba7aeb92530_0 .net *"_ivl_6", 5 0, L_0x5ba7aec4d230;  1 drivers
L_0x78855ab56180 .functor BUFT 1, C4<0>, C4<0>, C4<0>, C4<0>;
v0x5ba7aeb91880_0 .net *"_ivl_9", 0 0, L_0x78855ab56180;  1 drivers
L_0x5ba7aec4d030 .cmp/ne 5, L_0x5ba7aec80950, L_0x78855ab56138;
L_0x5ba7aec4d230 .concat [ 5 1 0 0], L_0x5ba7aec80950, L_0x78855ab56180;
L_0x5ba7aec4d360 .cmp/eq 6, L_0x5ba7aec4d230, L_0x78855ab561c8;
v0x5ba7aec19b70_1 .array/port v0x5ba7aec19b70, 1;
L_0x5ba7aec4d5b0 .functor MUXZ 32, v0x5ba7aec19b70_1, L_0x5ba7aec80060, L_0x5ba7aec4d4a0, C4<>;
S_0x5ba7aeb54f50 .scope generate, "L1_CPU_Xreg[2]" "L1_CPU_Xreg[2]" 4 282, 4 282 0, S_0x5ba7aebdf6a0;
 .timescale -9 -12;
P_0x5ba7aeb91960 .param/l "xreg" 0 4 282, +C4<010>;
L_0x5ba7aec4d9e0 .functor AND 1, L_0x5ba7aec7fca0, L_0x5ba7aec4d940, C4<1>, C4<1>;
L_0x5ba7aec4dcd0 .functor AND 1, L_0x5ba7aec4d9e0, L_0x5ba7aec4db90, C4<1>, C4<1>;
v0x5ba7aeb90cd0_0 .net "L1_wr_a3", 0 0, L_0x5ba7aec4dcd0;  1 drivers
L_0x78855ab56258 .functor BUFT 1, C4<00000>, C4<0>, C4<0>, C4<0>;
v0x5ba7aeb900a0_0 .net/2u *"_ivl_0", 4 0, L_0x78855ab56258;  1 drivers
L_0x78855ab562e8 .functor BUFT 1, C4<000010>, C4<0>, C4<0>, C4<0>;
v0x5ba7aeb90180_0 .net/2u *"_ivl_10", 5 0, L_0x78855ab562e8;  1 drivers
v0x5ba7aeb8f4b0_0 .net *"_ivl_12", 0 0, L_0x5ba7aec4db90;  1 drivers
v0x5ba7aeb8f570_0 .net/2u *"_ivl_17", 31 0, L_0x78855ab56330;  1 drivers
v0x5ba7aeb8e8e0_0 .net *"_ivl_2", 0 0, L_0x5ba7aec4d940;  1 drivers
v0x5ba7aeb8e9a0_0 .net *"_ivl_20", 31 0, L_0x5ba7aec4dde0;  1 drivers
v0x5ba7aeb7f6a0_0 .net *"_ivl_5", 0 0, L_0x5ba7aec4d9e0;  1 drivers
v0x5ba7aeb7b490_0 .net *"_ivl_6", 5 0, L_0x5ba7aec4daa0;  1 drivers
L_0x78855ab562a0 .functor BUFT 1, C4<0>, C4<0>, C4<0>, C4<0>;
v0x5ba7aeb38250_0 .net *"_ivl_9", 0 0, L_0x78855ab562a0;  1 drivers
L_0x5ba7aec4d940 .cmp/ne 5, L_0x5ba7aec80950, L_0x78855ab56258;
L_0x5ba7aec4daa0 .concat [ 5 1 0 0], L_0x5ba7aec80950, L_0x78855ab562a0;
L_0x5ba7aec4db90 .cmp/eq 6, L_0x5ba7aec4daa0, L_0x78855ab562e8;
v0x5ba7aec19b70_2 .array/port v0x5ba7aec19b70, 2;
L_0x5ba7aec4dde0 .functor MUXZ 32, v0x5ba7aec19b70_2, L_0x5ba7aec80060, L_0x5ba7aec4dcd0, C4<>;
S_0x5ba7aeb52b80 .scope generate, "L1_CPU_Xreg[3]" "L1_CPU_Xreg[3]" 4 282, 4 282 0, S_0x5ba7aebdf6a0;
 .timescale -9 -12;
P_0x5ba7aea16b70 .param/l "xreg" 0 4 282, +C4<011>;
L_0x5ba7aec4e130 .functor AND 1, L_0x5ba7aec7fca0, L_0x5ba7aec4e040, C4<1>, C4<1>;
L_0x5ba7aec4e460 .functor AND 1, L_0x5ba7aec4e130, L_0x5ba7aec4e320, C4<1>, C4<1>;
v0x5ba7aeb38330_0 .net "L1_wr_a3", 0 0, L_0x5ba7aec4e460;  1 drivers
L_0x78855ab56378 .functor BUFT 1, C4<00000>, C4<0>, C4<0>, C4<0>;
v0x5ba7aea16c70_0 .net/2u *"_ivl_0", 4 0, L_0x78855ab56378;  1 drivers
L_0x78855ab56408 .functor BUFT 1, C4<000011>, C4<0>, C4<0>, C4<0>;
v0x5ba7aeb35320_0 .net/2u *"_ivl_10", 5 0, L_0x78855ab56408;  1 drivers
v0x5ba7aeb353e0_0 .net *"_ivl_12", 0 0, L_0x5ba7aec4e320;  1 drivers
v0x5ba7aeb323f0_0 .net/2u *"_ivl_17", 31 0, L_0x78855ab56450;  1 drivers
v0x5ba7aeb2f4c0_0 .net *"_ivl_2", 0 0, L_0x5ba7aec4e040;  1 drivers
v0x5ba7aeb2f580_0 .net *"_ivl_20", 31 0, L_0x5ba7aec4e570;  1 drivers
v0x5ba7aeb507b0_0 .net *"_ivl_5", 0 0, L_0x5ba7aec4e130;  1 drivers
v0x5ba7aeb50870_0 .net *"_ivl_6", 5 0, L_0x5ba7aec4e230;  1 drivers
L_0x78855ab563c0 .functor BUFT 1, C4<0>, C4<0>, C4<0>, C4<0>;
v0x5ba7aeb4e4b0_0 .net *"_ivl_9", 0 0, L_0x78855ab563c0;  1 drivers
L_0x5ba7aec4e040 .cmp/ne 5, L_0x5ba7aec80950, L_0x78855ab56378;
L_0x5ba7aec4e230 .concat [ 5 1 0 0], L_0x5ba7aec80950, L_0x78855ab563c0;
L_0x5ba7aec4e320 .cmp/eq 6, L_0x5ba7aec4e230, L_0x78855ab56408;
v0x5ba7aec19b70_3 .array/port v0x5ba7aec19b70, 3;
L_0x5ba7aec4e570 .functor MUXZ 32, v0x5ba7aec19b70_3, L_0x5ba7aec80060, L_0x5ba7aec4e460, C4<>;
S_0x5ba7aeb4c010 .scope generate, "L1_CPU_Xreg[4]" "L1_CPU_Xreg[4]" 4 282, 4 282 0, S_0x5ba7aebdf6a0;
 .timescale -9 -12;
P_0x5ba7aea16d50 .param/l "xreg" 0 4 282, +C4<0100>;
L_0x5ba7aec4e9f0 .functor AND 1, L_0x5ba7aec7fca0, L_0x5ba7aec4e900, C4<1>, C4<1>;
L_0x5ba7aec4ed40 .functor AND 1, L_0x5ba7aec4e9f0, L_0x5ba7aec4ebd0, C4<1>, C4<1>;
v0x5ba7aeb49c90_0 .net "L1_wr_a3", 0 0, L_0x5ba7aec4ed40;  1 drivers
L_0x78855ab56498 .functor BUFT 1, C4<00000>, C4<0>, C4<0>, C4<0>;
v0x5ba7aeb47810_0 .net/2u *"_ivl_0", 4 0, L_0x78855ab56498;  1 drivers
L_0x78855ab56528 .functor BUFT 1, C4<000100>, C4<0>, C4<0>, C4<0>;
v0x5ba7aeb478f0_0 .net/2u *"_ivl_10", 5 0, L_0x78855ab56528;  1 drivers
v0x5ba7aeb451a0_0 .net *"_ivl_12", 0 0, L_0x5ba7aec4ebd0;  1 drivers
v0x5ba7aeb45260_0 .net/2u *"_ivl_17", 31 0, L_0x78855ab56570;  1 drivers
v0x5ba7aeb42270_0 .net *"_ivl_2", 0 0, L_0x5ba7aec4e900;  1 drivers
v0x5ba7aeb42330_0 .net *"_ivl_20", 31 0, L_0x5ba7aec4ee50;  1 drivers
v0x5ba7aeaf29e0_0 .net *"_ivl_5", 0 0, L_0x5ba7aec4e9f0;  1 drivers
v0x5ba7aeaf2aa0_0 .net *"_ivl_6", 5 0, L_0x5ba7aec4eab0;  1 drivers
L_0x78855ab564e0 .functor BUFT 1, C4<0>, C4<0>, C4<0>, C4<0>;
v0x5ba7aeb3f410_0 .net *"_ivl_9", 0 0, L_0x78855ab564e0;  1 drivers
L_0x5ba7aec4e900 .cmp/ne 5, L_0x5ba7aec80950, L_0x78855ab56498;
L_0x5ba7aec4eab0 .concat [ 5 1 0 0], L_0x5ba7aec80950, L_0x78855ab564e0;
L_0x5ba7aec4ebd0 .cmp/eq 6, L_0x5ba7aec4eab0, L_0x78855ab56528;
v0x5ba7aec19b70_4 .array/port v0x5ba7aec19b70, 4;
L_0x5ba7aec4ee50 .functor MUXZ 32, v0x5ba7aec19b70_4, L_0x5ba7aec80060, L_0x5ba7aec4ed40, C4<>;
S_0x5ba7aeb3c410 .scope generate, "L1_CPU_Xreg[5]" "L1_CPU_Xreg[5]" 4 282, 4 282 0, S_0x5ba7aebdf6a0;
 .timescale -9 -12;
P_0x5ba7aeb394e0 .param/l "xreg" 0 4 282, +C4<0101>;
L_0x5ba7aec4f1a0 .functor AND 1, L_0x5ba7aec7fca0, L_0x5ba7aec4f0b0, C4<1>, C4<1>;
L_0x5ba7aec4f4f0 .functor AND 1, L_0x5ba7aec4f1a0, L_0x5ba7aec4f380, C4<1>, C4<1>;
v0x5ba7aeb395c0_0 .net "L1_wr_a3", 0 0, L_0x5ba7aec4f4f0;  1 drivers
L_0x78855ab565b8 .functor BUFT 1, C4<00000>, C4<0>, C4<0>, C4<0>;
v0x5ba7aeb365b0_0 .net/2u *"_ivl_0", 4 0, L_0x78855ab565b8;  1 drivers
L_0x78855ab56648 .functor BUFT 1, C4<000101>, C4<0>, C4<0>, C4<0>;
v0x5ba7aeb36690_0 .net/2u *"_ivl_10", 5 0, L_0x78855ab56648;  1 drivers
v0x5ba7aeb33680_0 .net *"_ivl_12", 0 0, L_0x5ba7aec4f380;  1 drivers
v0x5ba7aeb33740_0 .net/2u *"_ivl_17", 31 0, L_0x78855ab56690;  1 drivers
v0x5ba7aeb307e0_0 .net *"_ivl_2", 0 0, L_0x5ba7aec4f0b0;  1 drivers
v0x5ba7aeb2d820_0 .net *"_ivl_20", 31 0, L_0x5ba7aec4f600;  1 drivers
v0x5ba7aeb2d900_0 .net *"_ivl_5", 0 0, L_0x5ba7aec4f1a0;  1 drivers
v0x5ba7aeb2a8f0_0 .net *"_ivl_6", 5 0, L_0x5ba7aec4f260;  1 drivers
L_0x78855ab56600 .functor BUFT 1, C4<0>, C4<0>, C4<0>, C4<0>;
v0x5ba7aeb279c0_0 .net *"_ivl_9", 0 0, L_0x78855ab56600;  1 drivers
L_0x5ba7aec4f0b0 .cmp/ne 5, L_0x5ba7aec80950, L_0x78855ab565b8;
L_0x5ba7aec4f260 .concat [ 5 1 0 0], L_0x5ba7aec80950, L_0x78855ab56600;
L_0x5ba7aec4f380 .cmp/eq 6, L_0x5ba7aec4f260, L_0x78855ab56648;
v0x5ba7aec19b70_5 .array/port v0x5ba7aec19b70, 5;
L_0x5ba7aec4f600 .functor MUXZ 32, v0x5ba7aec19b70_5, L_0x5ba7aec80060, L_0x5ba7aec4f4f0, C4<>;
S_0x5ba7aeb24a90 .scope generate, "L1_CPU_Xreg[6]" "L1_CPU_Xreg[6]" 4 282, 4 282 0, S_0x5ba7aebdf6a0;
 .timescale -9 -12;
P_0x5ba7aeb308a0 .param/l "xreg" 0 4 282, +C4<0110>;
L_0x5ba7aec4f990 .functor AND 1, L_0x5ba7aec7fca0, L_0x5ba7aec4f8a0, C4<1>, C4<1>;
L_0x5ba7aec4fcb0 .functor AND 1, L_0x5ba7aec4f990, L_0x5ba7aec4fb40, C4<1>, C4<1>;
v0x5ba7aeaefad0_0 .net "L1_wr_a3", 0 0, L_0x5ba7aec4fcb0;  1 drivers
L_0x78855ab566d8 .functor BUFT 1, C4<00000>, C4<0>, C4<0>, C4<0>;
v0x5ba7aeaefb90_0 .net/2u *"_ivl_0", 4 0, L_0x78855ab566d8;  1 drivers
L_0x78855ab56768 .functor BUFT 1, C4<000110>, C4<0>, C4<0>, C4<0>;
v0x5ba7aeb21b60_0 .net/2u *"_ivl_10", 5 0, L_0x78855ab56768;  1 drivers
v0x5ba7aeb21c20_0 .net *"_ivl_12", 0 0, L_0x5ba7aec4fb40;  1 drivers
v0x5ba7aeb1ec30_0 .net/2u *"_ivl_17", 31 0, L_0x78855ab567b0;  1 drivers
v0x5ba7aeb1bd00_0 .net *"_ivl_2", 0 0, L_0x5ba7aec4f8a0;  1 drivers
v0x5ba7aeb1bdc0_0 .net *"_ivl_20", 31 0, L_0x5ba7aec4fdc0;  1 drivers
v0x5ba7aeb88ba0_0 .net *"_ivl_5", 0 0, L_0x5ba7aec4f990;  1 drivers
v0x5ba7aeb88c60_0 .net *"_ivl_6", 5 0, L_0x5ba7aec4fa50;  1 drivers
L_0x78855ab56720 .functor BUFT 1, C4<0>, C4<0>, C4<0>, C4<0>;
v0x5ba7aeb18dd0_0 .net *"_ivl_9", 0 0, L_0x78855ab56720;  1 drivers
L_0x5ba7aec4f8a0 .cmp/ne 5, L_0x5ba7aec80950, L_0x78855ab566d8;
L_0x5ba7aec4fa50 .concat [ 5 1 0 0], L_0x5ba7aec80950, L_0x78855ab56720;
L_0x5ba7aec4fb40 .cmp/eq 6, L_0x5ba7aec4fa50, L_0x78855ab56768;
v0x5ba7aec19b70_6 .array/port v0x5ba7aec19b70, 6;
L_0x5ba7aec4fdc0 .functor MUXZ 32, v0x5ba7aec19b70_6, L_0x5ba7aec80060, L_0x5ba7aec4fcb0, C4<>;
S_0x5ba7aeb15ea0 .scope generate, "L1_CPU_Xreg[7]" "L1_CPU_Xreg[7]" 4 282, 4 282 0, S_0x5ba7aebdf6a0;
 .timescale -9 -12;
P_0x5ba7aeb18eb0 .param/l "xreg" 0 4 282, +C4<0111>;
L_0x5ba7aec50110 .functor AND 1, L_0x5ba7aec7fca0, L_0x5ba7aec50020, C4<1>, C4<1>;
L_0x5ba7aec50570 .functor AND 1, L_0x5ba7aec50110, L_0x5ba7aec50400, C4<1>, C4<1>;
v0x5ba7aeb12f90_0 .net "L1_wr_a3", 0 0, L_0x5ba7aec50570;  1 drivers
L_0x78855ab567f8 .functor BUFT 1, C4<00000>, C4<0>, C4<0>, C4<0>;
v0x5ba7aeb13050_0 .net/2u *"_ivl_0", 4 0, L_0x78855ab567f8;  1 drivers
L_0x78855ab56888 .functor BUFT 1, C4<000111>, C4<0>, C4<0>, C4<0>;
v0x5ba7aeb10080_0 .net/2u *"_ivl_10", 5 0, L_0x78855ab56888;  1 drivers
v0x5ba7aeb10140_0 .net *"_ivl_12", 0 0, L_0x5ba7aec50400;  1 drivers
v0x5ba7aeb0d170_0 .net/2u *"_ivl_17", 31 0, L_0x78855ab568d0;  1 drivers
v0x5ba7aeb0a260_0 .net *"_ivl_2", 0 0, L_0x5ba7aec50020;  1 drivers
v0x5ba7aeb0a320_0 .net *"_ivl_20", 31 0, L_0x5ba7aec50680;  1 drivers
v0x5ba7aeb07350_0 .net *"_ivl_5", 0 0, L_0x5ba7aec50110;  1 drivers
v0x5ba7aeb07410_0 .net *"_ivl_6", 5 0, L_0x5ba7aec502e0;  1 drivers
L_0x78855ab56840 .functor BUFT 1, C4<0>, C4<0>, C4<0>, C4<0>;
v0x5ba7aeaecbc0_0 .net *"_ivl_9", 0 0, L_0x78855ab56840;  1 drivers
L_0x5ba7aec50020 .cmp/ne 5, L_0x5ba7aec80950, L_0x78855ab567f8;
L_0x5ba7aec502e0 .concat [ 5 1 0 0], L_0x5ba7aec80950, L_0x78855ab56840;
L_0x5ba7aec50400 .cmp/eq 6, L_0x5ba7aec502e0, L_0x78855ab56888;
v0x5ba7aec19b70_7 .array/port v0x5ba7aec19b70, 7;
L_0x5ba7aec50680 .functor MUXZ 32, v0x5ba7aec19b70_7, L_0x5ba7aec80060, L_0x5ba7aec50570, C4<>;
S_0x5ba7aeb04440 .scope generate, "L1_CPU_Xreg[8]" "L1_CPU_Xreg[8]" 4 282, 4 282 0, S_0x5ba7aebdf6a0;
 .timescale -9 -12;
P_0x5ba7aeaecca0 .param/l "xreg" 0 4 282, +C4<01000>;
L_0x5ba7aec50d40 .functor AND 1, L_0x5ba7aec7fca0, L_0x5ba7aec50c50, C4<1>, C4<1>;
L_0x5ba7aec51090 .functor AND 1, L_0x5ba7aec50d40, L_0x5ba7aec50f20, C4<1>, C4<1>;
v0x5ba7aeb01530_0 .net "L1_wr_a3", 0 0, L_0x5ba7aec51090;  1 drivers
L_0x78855ab56918 .functor BUFT 1, C4<00000>, C4<0>, C4<0>, C4<0>;
v0x5ba7aeb015f0_0 .net/2u *"_ivl_0", 4 0, L_0x78855ab56918;  1 drivers
L_0x78855ab569a8 .functor BUFT 1, C4<001000>, C4<0>, C4<0>, C4<0>;
v0x5ba7aeb72660_0 .net/2u *"_ivl_10", 5 0, L_0x78855ab569a8;  1 drivers
v0x5ba7aeb72720_0 .net *"_ivl_12", 0 0, L_0x5ba7aec50f20;  1 drivers
v0x5ba7aeb70880_0 .net/2u *"_ivl_17", 31 0, L_0x78855ab569f0;  1 drivers
v0x5ba7aeafe620_0 .net *"_ivl_2", 0 0, L_0x5ba7aec50c50;  1 drivers
v0x5ba7aeafe6e0_0 .net *"_ivl_20", 31 0, L_0x5ba7aec511a0;  1 drivers
v0x5ba7aeafb710_0 .net *"_ivl_5", 0 0, L_0x5ba7aec50d40;  1 drivers
v0x5ba7aeafb7d0_0 .net *"_ivl_6", 5 0, L_0x5ba7aec50e00;  1 drivers
L_0x78855ab56960 .functor BUFT 1, C4<0>, C4<0>, C4<0>, C4<0>;
v0x5ba7aeaf8800_0 .net *"_ivl_9", 0 0, L_0x78855ab56960;  1 drivers
L_0x5ba7aec50c50 .cmp/ne 5, L_0x5ba7aec80950, L_0x78855ab56918;
L_0x5ba7aec50e00 .concat [ 5 1 0 0], L_0x5ba7aec80950, L_0x78855ab56960;
L_0x5ba7aec50f20 .cmp/eq 6, L_0x5ba7aec50e00, L_0x78855ab569a8;
v0x5ba7aec19b70_8 .array/port v0x5ba7aec19b70, 8;
L_0x5ba7aec511a0 .functor MUXZ 32, v0x5ba7aec19b70_8, L_0x5ba7aec80060, L_0x5ba7aec51090, C4<>;
S_0x5ba7aeae9c50 .scope generate, "L1_CPU_Xreg[9]" "L1_CPU_Xreg[9]" 4 282, 4 282 0, S_0x5ba7aebdf6a0;
 .timescale -9 -12;
P_0x5ba7aeaf8900 .param/l "xreg" 0 4 282, +C4<01001>;
L_0x5ba7aec514f0 .functor AND 1, L_0x5ba7aec7fca0, L_0x5ba7aec51400, C4<1>, C4<1>;
L_0x5ba7aec51840 .functor AND 1, L_0x5ba7aec514f0, L_0x5ba7aec516d0, C4<1>, C4<1>;
v0x5ba7aebd7580_0 .net "L1_wr_a3", 0 0, L_0x5ba7aec51840;  1 drivers
L_0x78855ab56a38 .functor BUFT 1, C4<00000>, C4<0>, C4<0>, C4<0>;
v0x5ba7aebd7640_0 .net/2u *"_ivl_0", 4 0, L_0x78855ab56a38;  1 drivers
L_0x78855ab56ac8 .functor BUFT 1, C4<001001>, C4<0>, C4<0>, C4<0>;
v0x5ba7aebce990_0 .net/2u *"_ivl_10", 5 0, L_0x78855ab56ac8;  1 drivers
v0x5ba7aebcea50_0 .net *"_ivl_12", 0 0, L_0x5ba7aec516d0;  1 drivers
v0x5ba7aeb8b650_0 .net/2u *"_ivl_17", 31 0, L_0x78855ab56b10;  1 drivers
v0x5ba7aeb8ab00_0 .net *"_ivl_2", 0 0, L_0x5ba7aec51400;  1 drivers
v0x5ba7aeb8abc0_0 .net *"_ivl_20", 31 0, L_0x5ba7aec51950;  1 drivers
v0x5ba7aeb89fd0_0 .net *"_ivl_5", 0 0, L_0x5ba7aec514f0;  1 drivers
v0x5ba7aeb8a090_0 .net *"_ivl_6", 5 0, L_0x5ba7aec515b0;  1 drivers
L_0x78855ab56a80 .functor BUFT 1, C4<0>, C4<0>, C4<0>, C4<0>;
v0x5ba7aeb7ebe0_0 .net *"_ivl_9", 0 0, L_0x78855ab56a80;  1 drivers
L_0x5ba7aec51400 .cmp/ne 5, L_0x5ba7aec80950, L_0x78855ab56a38;
L_0x5ba7aec515b0 .concat [ 5 1 0 0], L_0x5ba7aec80950, L_0x78855ab56a80;
L_0x5ba7aec516d0 .cmp/eq 6, L_0x5ba7aec515b0, L_0x78855ab56ac8;
v0x5ba7aec19b70_9 .array/port v0x5ba7aec19b70, 9;
L_0x5ba7aec51950 .functor MUXZ 32, v0x5ba7aec19b70_9, L_0x5ba7aec80060, L_0x5ba7aec51840, C4<>;
S_0x5ba7aeb7d010 .scope generate, "L1_CPU_Xreg[10]" "L1_CPU_Xreg[10]" 4 282, 4 282 0, S_0x5ba7aebdf6a0;
 .timescale -9 -12;
P_0x5ba7aeb8a130 .param/l "xreg" 0 4 282, +C4<01010>;
L_0x5ba7aec51cb0 .functor AND 1, L_0x5ba7aec7fca0, L_0x5ba7aec51bc0, C4<1>, C4<1>;
L_0x5ba7aec51fd0 .functor AND 1, L_0x5ba7aec51cb0, L_0x5ba7aec51e60, C4<1>, C4<1>;
v0x5ba7aeb7a8f0_0 .net "L1_wr_a3", 0 0, L_0x5ba7aec51fd0;  1 drivers
L_0x78855ab56b58 .functor BUFT 1, C4<00000>, C4<0>, C4<0>, C4<0>;
v0x5ba7aeb7a9b0_0 .net/2u *"_ivl_0", 4 0, L_0x78855ab56b58;  1 drivers
L_0x78855ab56be8 .functor BUFT 1, C4<001010>, C4<0>, C4<0>, C4<0>;
v0x5ba7aeb76f90_0 .net/2u *"_ivl_10", 5 0, L_0x78855ab56be8;  1 drivers
v0x5ba7aeb77050_0 .net *"_ivl_12", 0 0, L_0x5ba7aec51e60;  1 drivers
v0x5ba7aeb43f30_0 .net/2u *"_ivl_17", 31 0, L_0x78855ab56c30;  1 drivers
v0x5ba7aeb40fe0_0 .net *"_ivl_2", 0 0, L_0x5ba7aec51bc0;  1 drivers
v0x5ba7aeb410a0_0 .net *"_ivl_20", 31 0, L_0x5ba7aec520e0;  1 drivers
v0x5ba7aeb3e0b0_0 .net *"_ivl_5", 0 0, L_0x5ba7aec51cb0;  1 drivers
v0x5ba7aeb3e170_0 .net *"_ivl_6", 5 0, L_0x5ba7aec51d70;  1 drivers
L_0x78855ab56ba0 .functor BUFT 1, C4<0>, C4<0>, C4<0>, C4<0>;
v0x5ba7aeb3b250_0 .net *"_ivl_9", 0 0, L_0x78855ab56ba0;  1 drivers
L_0x5ba7aec51bc0 .cmp/ne 5, L_0x5ba7aec80950, L_0x78855ab56b58;
L_0x5ba7aec51d70 .concat [ 5 1 0 0], L_0x5ba7aec80950, L_0x78855ab56ba0;
L_0x5ba7aec51e60 .cmp/eq 6, L_0x5ba7aec51d70, L_0x78855ab56be8;
v0x5ba7aec19b70_10 .array/port v0x5ba7aec19b70, 10;
L_0x5ba7aec520e0 .functor MUXZ 32, v0x5ba7aec19b70_10, L_0x5ba7aec80060, L_0x5ba7aec51fd0, C4<>;
S_0x5ba7aeb2c590 .scope generate, "L1_CPU_Xreg[11]" "L1_CPU_Xreg[11]" 4 282, 4 282 0, S_0x5ba7aebdf6a0;
 .timescale -9 -12;
P_0x5ba7aeb3e210 .param/l "xreg" 0 4 282, +C4<01011>;
L_0x5ba7aec52430 .functor AND 1, L_0x5ba7aec7fca0, L_0x5ba7aec52340, C4<1>, C4<1>;
L_0x5ba7aec52750 .functor AND 1, L_0x5ba7aec52430, L_0x5ba7aec525e0, C4<1>, C4<1>;
v0x5ba7aeb296a0_0 .net "L1_wr_a3", 0 0, L_0x5ba7aec52750;  1 drivers
L_0x78855ab56c78 .functor BUFT 1, C4<00000>, C4<0>, C4<0>, C4<0>;
v0x5ba7aeb29760_0 .net/2u *"_ivl_0", 4 0, L_0x78855ab56c78;  1 drivers
L_0x78855ab56d08 .functor BUFT 1, C4<001011>, C4<0>, C4<0>, C4<0>;
v0x5ba7aeb26770_0 .net/2u *"_ivl_10", 5 0, L_0x78855ab56d08;  1 drivers
v0x5ba7aeb26830_0 .net *"_ivl_12", 0 0, L_0x5ba7aec525e0;  1 drivers
v0x5ba7aeb23820_0 .net/2u *"_ivl_17", 31 0, L_0x78855ab56d50;  1 drivers
v0x5ba7aeb208d0_0 .net *"_ivl_2", 0 0, L_0x5ba7aec52340;  1 drivers
v0x5ba7aeb20990_0 .net *"_ivl_20", 31 0, L_0x5ba7aec52860;  1 drivers
v0x5ba7aeb1d9a0_0 .net *"_ivl_5", 0 0, L_0x5ba7aec52430;  1 drivers
v0x5ba7aeb1da60_0 .net *"_ivl_6", 5 0, L_0x5ba7aec524f0;  1 drivers
L_0x78855ab56cc0 .functor BUFT 1, C4<0>, C4<0>, C4<0>, C4<0>;
v0x5ba7aeb1ab40_0 .net *"_ivl_9", 0 0, L_0x78855ab56cc0;  1 drivers
L_0x5ba7aec52340 .cmp/ne 5, L_0x5ba7aec80950, L_0x78855ab56c78;
L_0x5ba7aec524f0 .concat [ 5 1 0 0], L_0x5ba7aec80950, L_0x78855ab56cc0;
L_0x5ba7aec525e0 .cmp/eq 6, L_0x5ba7aec524f0, L_0x78855ab56d08;
v0x5ba7aec19b70_11 .array/port v0x5ba7aec19b70, 11;
L_0x5ba7aec52860 .functor MUXZ 32, v0x5ba7aec19b70_11, L_0x5ba7aec80060, L_0x5ba7aec52750, C4<>;
S_0x5ba7aeb17b40 .scope generate, "L1_CPU_Xreg[12]" "L1_CPU_Xreg[12]" 4 282, 4 282 0, S_0x5ba7aebdf6a0;
 .timescale -9 -12;
P_0x5ba7aeb1db00 .param/l "xreg" 0 4 282, +C4<01100>;
L_0x5ba7aec52c20 .functor AND 1, L_0x5ba7aec7fca0, L_0x5ba7aec52b30, C4<1>, C4<1>;
L_0x5ba7aec52f40 .functor AND 1, L_0x5ba7aec52c20, L_0x5ba7aec52dd0, C4<1>, C4<1>;
v0x5ba7aeb14c50_0 .net "L1_wr_a3", 0 0, L_0x5ba7aec52f40;  1 drivers
L_0x78855ab56d98 .functor BUFT 1, C4<00000>, C4<0>, C4<0>, C4<0>;
v0x5ba7aeb14d10_0 .net/2u *"_ivl_0", 4 0, L_0x78855ab56d98;  1 drivers
L_0x78855ab56e28 .functor BUFT 1, C4<001100>, C4<0>, C4<0>, C4<0>;
v0x5ba7aeb11d40_0 .net/2u *"_ivl_10", 5 0, L_0x78855ab56e28;  1 drivers
v0x5ba7aeb11e00_0 .net *"_ivl_12", 0 0, L_0x5ba7aec52dd0;  1 drivers
v0x5ba7aeb0ee10_0 .net/2u *"_ivl_17", 31 0, L_0x78855ab56e70;  1 drivers
v0x5ba7aeb0bee0_0 .net *"_ivl_2", 0 0, L_0x5ba7aec52b30;  1 drivers
v0x5ba7aeb0bfa0_0 .net *"_ivl_20", 31 0, L_0x5ba7aec53050;  1 drivers
v0x5ba7aeb08fd0_0 .net *"_ivl_5", 0 0, L_0x5ba7aec52c20;  1 drivers
v0x5ba7aeb09090_0 .net *"_ivl_6", 5 0, L_0x5ba7aec52ce0;  1 drivers
L_0x78855ab56de0 .functor BUFT 1, C4<0>, C4<0>, C4<0>, C4<0>;
v0x5ba7aeb06190_0 .net *"_ivl_9", 0 0, L_0x78855ab56de0;  1 drivers
L_0x5ba7aec52b30 .cmp/ne 5, L_0x5ba7aec80950, L_0x78855ab56d98;
L_0x5ba7aec52ce0 .concat [ 5 1 0 0], L_0x5ba7aec80950, L_0x78855ab56de0;
L_0x5ba7aec52dd0 .cmp/eq 6, L_0x5ba7aec52ce0, L_0x78855ab56e28;
v0x5ba7aec19b70_12 .array/port v0x5ba7aec19b70, 12;
L_0x5ba7aec53050 .functor MUXZ 32, v0x5ba7aec19b70_12, L_0x5ba7aec80060, L_0x5ba7aec52f40, C4<>;
S_0x5ba7aeb031b0 .scope generate, "L1_CPU_Xreg[13]" "L1_CPU_Xreg[13]" 4 282, 4 282 0, S_0x5ba7aebdf6a0;
 .timescale -9 -12;
P_0x5ba7aeb09130 .param/l "xreg" 0 4 282, +C4<01101>;
L_0x5ba7aec533a0 .functor AND 1, L_0x5ba7aec7fca0, L_0x5ba7aec532b0, C4<1>, C4<1>;
L_0x5ba7aec536c0 .functor AND 1, L_0x5ba7aec533a0, L_0x5ba7aec53550, C4<1>, C4<1>;
v0x5ba7aeb002e0_0 .net "L1_wr_a3", 0 0, L_0x5ba7aec536c0;  1 drivers
L_0x78855ab56eb8 .functor BUFT 1, C4<00000>, C4<0>, C4<0>, C4<0>;
v0x5ba7aeb003a0_0 .net/2u *"_ivl_0", 4 0, L_0x78855ab56eb8;  1 drivers
L_0x78855ab56f48 .functor BUFT 1, C4<001101>, C4<0>, C4<0>, C4<0>;
v0x5ba7aeafd3d0_0 .net/2u *"_ivl_10", 5 0, L_0x78855ab56f48;  1 drivers
v0x5ba7aeafd490_0 .net *"_ivl_12", 0 0, L_0x5ba7aec53550;  1 drivers
v0x5ba7aeafa4a0_0 .net/2u *"_ivl_17", 31 0, L_0x78855ab56f90;  1 drivers
v0x5ba7aeaf7570_0 .net *"_ivl_2", 0 0, L_0x5ba7aec532b0;  1 drivers
v0x5ba7aeaf7630_0 .net *"_ivl_20", 31 0, L_0x5ba7aec537d0;  1 drivers
v0x5ba7aeaf4660_0 .net *"_ivl_5", 0 0, L_0x5ba7aec533a0;  1 drivers
v0x5ba7aeaf4720_0 .net *"_ivl_6", 5 0, L_0x5ba7aec53460;  1 drivers
L_0x78855ab56f00 .functor BUFT 1, C4<0>, C4<0>, C4<0>, C4<0>;
v0x5ba7aeaf1820_0 .net *"_ivl_9", 0 0, L_0x78855ab56f00;  1 drivers
L_0x5ba7aec532b0 .cmp/ne 5, L_0x5ba7aec80950, L_0x78855ab56eb8;
L_0x5ba7aec53460 .concat [ 5 1 0 0], L_0x5ba7aec80950, L_0x78855ab56f00;
L_0x5ba7aec53550 .cmp/eq 6, L_0x5ba7aec53460, L_0x78855ab56f48;
v0x5ba7aec19b70_13 .array/port v0x5ba7aec19b70, 13;
L_0x5ba7aec537d0 .functor MUXZ 32, v0x5ba7aec19b70_13, L_0x5ba7aec80060, L_0x5ba7aec536c0, C4<>;
S_0x5ba7aeaee840 .scope generate, "L1_CPU_Xreg[14]" "L1_CPU_Xreg[14]" 4 282, 4 282 0, S_0x5ba7aebdf6a0;
 .timescale -9 -12;
P_0x5ba7aeaf47c0 .param/l "xreg" 0 4 282, +C4<01110>;
L_0x5ba7aec52a20 .functor AND 1, L_0x5ba7aec7fca0, L_0x5ba7aec53ab0, C4<1>, C4<1>;
L_0x5ba7aec53e50 .functor AND 1, L_0x5ba7aec52a20, L_0x5ba7aec53ce0, C4<1>, C4<1>;
v0x5ba7aeaeb970_0 .net "L1_wr_a3", 0 0, L_0x5ba7aec53e50;  1 drivers
L_0x78855ab56fd8 .functor BUFT 1, C4<00000>, C4<0>, C4<0>, C4<0>;
v0x5ba7aeaeba30_0 .net/2u *"_ivl_0", 4 0, L_0x78855ab56fd8;  1 drivers
L_0x78855ab57068 .functor BUFT 1, C4<001110>, C4<0>, C4<0>, C4<0>;
v0x5ba7aeae85c0_0 .net/2u *"_ivl_10", 5 0, L_0x78855ab57068;  1 drivers
v0x5ba7aeae8680_0 .net *"_ivl_12", 0 0, L_0x5ba7aec53ce0;  1 drivers
v0x5ba7aeb67f30_0 .net/2u *"_ivl_17", 31 0, L_0x78855ab570b0;  1 drivers
v0x5ba7aeb65b40_0 .net *"_ivl_2", 0 0, L_0x5ba7aec53ab0;  1 drivers
v0x5ba7aeb65c00_0 .net *"_ivl_20", 31 0, L_0x5ba7aec53f60;  1 drivers
v0x5ba7aeb63770_0 .net *"_ivl_5", 0 0, L_0x5ba7aec52a20;  1 drivers
v0x5ba7aeb63830_0 .net *"_ivl_6", 5 0, L_0x5ba7aec53bf0;  1 drivers
L_0x78855ab57020 .functor BUFT 1, C4<0>, C4<0>, C4<0>, C4<0>;
v0x5ba7aeb61470_0 .net *"_ivl_9", 0 0, L_0x78855ab57020;  1 drivers
L_0x5ba7aec53ab0 .cmp/ne 5, L_0x5ba7aec80950, L_0x78855ab56fd8;
L_0x5ba7aec53bf0 .concat [ 5 1 0 0], L_0x5ba7aec80950, L_0x78855ab57020;
L_0x5ba7aec53ce0 .cmp/eq 6, L_0x5ba7aec53bf0, L_0x78855ab57068;
v0x5ba7aec19b70_14 .array/port v0x5ba7aec19b70, 14;
L_0x5ba7aec53f60 .functor MUXZ 32, v0x5ba7aec19b70_14, L_0x5ba7aec80060, L_0x5ba7aec53e50, C4<>;
S_0x5ba7aeb5efd0 .scope generate, "L1_CPU_Xreg[15]" "L1_CPU_Xreg[15]" 4 282, 4 282 0, S_0x5ba7aebdf6a0;
 .timescale -9 -12;
P_0x5ba7aeb638d0 .param/l "xreg" 0 4 282, +C4<01111>;
L_0x5ba7aec542b0 .functor AND 1, L_0x5ba7aec7fca0, L_0x5ba7aec541c0, C4<1>, C4<1>;
L_0x5ba7aec547e0 .functor AND 1, L_0x5ba7aec542b0, L_0x5ba7aec54670, C4<1>, C4<1>;
v0x5ba7aeb5cc40_0 .net "L1_wr_a3", 0 0, L_0x5ba7aec547e0;  1 drivers
L_0x78855ab570f8 .functor BUFT 1, C4<00000>, C4<0>, C4<0>, C4<0>;
v0x5ba7aeb5cd00_0 .net/2u *"_ivl_0", 4 0, L_0x78855ab570f8;  1 drivers
L_0x78855ab57188 .functor BUFT 1, C4<001111>, C4<0>, C4<0>, C4<0>;
v0x5ba7aeb5a870_0 .net/2u *"_ivl_10", 5 0, L_0x78855ab57188;  1 drivers
v0x5ba7aeb5a930_0 .net *"_ivl_12", 0 0, L_0x5ba7aec54670;  1 drivers
v0x5ba7aeb58480_0 .net/2u *"_ivl_17", 31 0, L_0x78855ab571d0;  1 drivers
v0x5ba7aeb56090_0 .net *"_ivl_2", 0 0, L_0x5ba7aec541c0;  1 drivers
v0x5ba7aeb56150_0 .net *"_ivl_20", 31 0, L_0x5ba7aec548f0;  1 drivers
v0x5ba7aeb53cc0_0 .net *"_ivl_5", 0 0, L_0x5ba7aec542b0;  1 drivers
v0x5ba7aeb53d80_0 .net *"_ivl_6", 5 0, L_0x5ba7aec54580;  1 drivers
L_0x78855ab57140 .functor BUFT 1, C4<0>, C4<0>, C4<0>, C4<0>;
v0x5ba7aeb519c0_0 .net *"_ivl_9", 0 0, L_0x78855ab57140;  1 drivers
L_0x5ba7aec541c0 .cmp/ne 5, L_0x5ba7aec80950, L_0x78855ab570f8;
L_0x5ba7aec54580 .concat [ 5 1 0 0], L_0x5ba7aec80950, L_0x78855ab57140;
L_0x5ba7aec54670 .cmp/eq 6, L_0x5ba7aec54580, L_0x78855ab57188;
v0x5ba7aec19b70_15 .array/port v0x5ba7aec19b70, 15;
L_0x5ba7aec548f0 .functor MUXZ 32, v0x5ba7aec19b70_15, L_0x5ba7aec80060, L_0x5ba7aec547e0, C4<>;
S_0x5ba7aeb4f520 .scope generate, "L1_CPU_Xreg[16]" "L1_CPU_Xreg[16]" 4 282, 4 282 0, S_0x5ba7aebdf6a0;
 .timescale -9 -12;
P_0x5ba7aeb53e20 .param/l "xreg" 0 4 282, +C4<010000>;
L_0x5ba7aec19880 .functor AND 1, L_0x5ba7aec7fca0, L_0x5ba7aec19790, C4<1>, C4<1>;
L_0x5ba7aec55430 .functor AND 1, L_0x5ba7aec19880, L_0x5ba7aec552f0, C4<1>, C4<1>;
v0x5ba7aeb4d190_0 .net "L1_wr_a3", 0 0, L_0x5ba7aec55430;  1 drivers
L_0x78855ab57218 .functor BUFT 1, C4<00000>, C4<0>, C4<0>, C4<0>;
v0x5ba7aeb4d250_0 .net/2u *"_ivl_0", 4 0, L_0x78855ab57218;  1 drivers
L_0x78855ab572a8 .functor BUFT 1, C4<0010000>, C4<0>, C4<0>, C4<0>;
v0x5ba7aebcd6f0_0 .net/2u *"_ivl_10", 6 0, L_0x78855ab572a8;  1 drivers
v0x5ba7aebcd7b0_0 .net *"_ivl_12", 0 0, L_0x5ba7aec552f0;  1 drivers
v0x5ba7aea8ab10_0 .net/2u *"_ivl_17", 31 0, L_0x78855ab572f0;  1 drivers
v0x5ba7aea8ac40_0 .net *"_ivl_2", 0 0, L_0x5ba7aec19790;  1 drivers
v0x5ba7aea8ad00_0 .net *"_ivl_20", 31 0, L_0x5ba7aec55540;  1 drivers
v0x5ba7aea8ade0_0 .net *"_ivl_5", 0 0, L_0x5ba7aec19880;  1 drivers
v0x5ba7aea8aea0_0 .net *"_ivl_6", 6 0, L_0x5ba7aec55200;  1 drivers
L_0x78855ab57260 .functor BUFT 1, C4<00>, C4<0>, C4<0>, C4<0>;
v0x5ba7aea1b4e0_0 .net *"_ivl_9", 1 0, L_0x78855ab57260;  1 drivers
L_0x5ba7aec19790 .cmp/ne 5, L_0x5ba7aec80950, L_0x78855ab57218;
L_0x5ba7aec55200 .concat [ 5 2 0 0], L_0x5ba7aec80950, L_0x78855ab57260;
L_0x5ba7aec552f0 .cmp/eq 7, L_0x5ba7aec55200, L_0x78855ab572a8;
v0x5ba7aec19b70_16 .array/port v0x5ba7aec19b70, 16;
L_0x5ba7aec55540 .functor MUXZ 32, v0x5ba7aec19b70_16, L_0x5ba7aec80060, L_0x5ba7aec55430, C4<>;
S_0x5ba7aea1b5c0 .scope generate, "L1_CPU_Xreg[17]" "L1_CPU_Xreg[17]" 4 282, 4 282 0, S_0x5ba7aebdf6a0;
 .timescale -9 -12;
P_0x5ba7aea1b770 .param/l "xreg" 0 4 282, +C4<010001>;
L_0x5ba7aec55860 .functor AND 1, L_0x5ba7aec7fca0, L_0x5ba7aec55770, C4<1>, C4<1>;
L_0x5ba7aec55b50 .functor AND 1, L_0x5ba7aec55860, L_0x5ba7aec55a10, C4<1>, C4<1>;
v0x5ba7aea1b850_0 .net "L1_wr_a3", 0 0, L_0x5ba7aec55b50;  1 drivers
L_0x78855ab57338 .functor BUFT 1, C4<00000>, C4<0>, C4<0>, C4<0>;
v0x5ba7ae9d4cf0_0 .net/2u *"_ivl_0", 4 0, L_0x78855ab57338;  1 drivers
L_0x78855ab573c8 .functor BUFT 1, C4<0010001>, C4<0>, C4<0>, C4<0>;
v0x5ba7ae9d4dd0_0 .net/2u *"_ivl_10", 6 0, L_0x78855ab573c8;  1 drivers
v0x5ba7ae9d4e90_0 .net *"_ivl_12", 0 0, L_0x5ba7aec55a10;  1 drivers
v0x5ba7ae9d4f50_0 .net/2u *"_ivl_17", 31 0, L_0x78855ab57410;  1 drivers
v0x5ba7ae9d5030_0 .net *"_ivl_2", 0 0, L_0x5ba7aec55770;  1 drivers
v0x5ba7ae9d50f0_0 .net *"_ivl_20", 31 0, L_0x5ba7aec55c60;  1 drivers
v0x5ba7aea8be90_0 .net *"_ivl_5", 0 0, L_0x5ba7aec55860;  1 drivers
v0x5ba7aea8bf50_0 .net *"_ivl_6", 6 0, L_0x5ba7aec55920;  1 drivers
L_0x78855ab57380 .functor BUFT 1, C4<00>, C4<0>, C4<0>, C4<0>;
v0x5ba7aea8c0c0_0 .net *"_ivl_9", 1 0, L_0x78855ab57380;  1 drivers
L_0x5ba7aec55770 .cmp/ne 5, L_0x5ba7aec80950, L_0x78855ab57338;
L_0x5ba7aec55920 .concat [ 5 2 0 0], L_0x5ba7aec80950, L_0x78855ab57380;
L_0x5ba7aec55a10 .cmp/eq 7, L_0x5ba7aec55920, L_0x78855ab573c8;
v0x5ba7aec19b70_17 .array/port v0x5ba7aec19b70, 17;
L_0x5ba7aec55c60 .functor MUXZ 32, v0x5ba7aec19b70_17, L_0x5ba7aec80060, L_0x5ba7aec55b50, C4<>;
S_0x5ba7aea8c1a0 .scope generate, "L1_CPU_Xreg[18]" "L1_CPU_Xreg[18]" 4 282, 4 282 0, S_0x5ba7aebdf6a0;
 .timescale -9 -12;
P_0x5ba7aea0f770 .param/l "xreg" 0 4 282, +C4<010010>;
L_0x5ba7aec56080 .functor AND 1, L_0x5ba7aec7fca0, L_0x5ba7aec55f90, C4<1>, C4<1>;
L_0x5ba7aec563d0 .functor AND 1, L_0x5ba7aec56080, L_0x5ba7aec56260, C4<1>, C4<1>;
v0x5ba7aea0f850_0 .net "L1_wr_a3", 0 0, L_0x5ba7aec563d0;  1 drivers
L_0x78855ab57458 .functor BUFT 1, C4<00000>, C4<0>, C4<0>, C4<0>;
v0x5ba7aea0f910_0 .net/2u *"_ivl_0", 4 0, L_0x78855ab57458;  1 drivers
L_0x78855ab574e8 .functor BUFT 1, C4<0010010>, C4<0>, C4<0>, C4<0>;
v0x5ba7aea0f9f0_0 .net/2u *"_ivl_10", 6 0, L_0x78855ab574e8;  1 drivers
v0x5ba7aea0fab0_0 .net *"_ivl_12", 0 0, L_0x5ba7aec56260;  1 drivers
v0x5ba7aea0fb70_0 .net/2u *"_ivl_17", 31 0, L_0x78855ab57530;  1 drivers
v0x5ba7aec039c0_0 .net *"_ivl_2", 0 0, L_0x5ba7aec55f90;  1 drivers
v0x5ba7aec03a80_0 .net *"_ivl_20", 31 0, L_0x5ba7aec564e0;  1 drivers
v0x5ba7aec03b60_0 .net *"_ivl_5", 0 0, L_0x5ba7aec56080;  1 drivers
v0x5ba7aec03c20_0 .net *"_ivl_6", 6 0, L_0x5ba7aec56140;  1 drivers
L_0x78855ab574a0 .functor BUFT 1, C4<00>, C4<0>, C4<0>, C4<0>;
v0x5ba7aec03d90_0 .net *"_ivl_9", 1 0, L_0x78855ab574a0;  1 drivers
L_0x5ba7aec55f90 .cmp/ne 5, L_0x5ba7aec80950, L_0x78855ab57458;
L_0x5ba7aec56140 .concat [ 5 2 0 0], L_0x5ba7aec80950, L_0x78855ab574a0;
L_0x5ba7aec56260 .cmp/eq 7, L_0x5ba7aec56140, L_0x78855ab574e8;
v0x5ba7aec19b70_18 .array/port v0x5ba7aec19b70, 18;
L_0x5ba7aec564e0 .functor MUXZ 32, v0x5ba7aec19b70_18, L_0x5ba7aec80060, L_0x5ba7aec563d0, C4<>;
S_0x5ba7aec03e70 .scope generate, "L1_CPU_Xreg[19]" "L1_CPU_Xreg[19]" 4 282, 4 282 0, S_0x5ba7aebdf6a0;
 .timescale -9 -12;
P_0x5ba7aec04020 .param/l "xreg" 0 4 282, +C4<010011>;
L_0x5ba7aec56830 .functor AND 1, L_0x5ba7aec7fca0, L_0x5ba7aec56740, C4<1>, C4<1>;
L_0x5ba7aec56b80 .functor AND 1, L_0x5ba7aec56830, L_0x5ba7aec56a10, C4<1>, C4<1>;
v0x5ba7aec04100_0 .net "L1_wr_a3", 0 0, L_0x5ba7aec56b80;  1 drivers
L_0x78855ab57578 .functor BUFT 1, C4<00000>, C4<0>, C4<0>, C4<0>;
v0x5ba7aec041c0_0 .net/2u *"_ivl_0", 4 0, L_0x78855ab57578;  1 drivers
L_0x78855ab57608 .functor BUFT 1, C4<0010011>, C4<0>, C4<0>, C4<0>;
v0x5ba7aec042a0_0 .net/2u *"_ivl_10", 6 0, L_0x78855ab57608;  1 drivers
v0x5ba7aec04360_0 .net *"_ivl_12", 0 0, L_0x5ba7aec56a10;  1 drivers
v0x5ba7aec04420_0 .net/2u *"_ivl_17", 31 0, L_0x78855ab57650;  1 drivers
v0x5ba7aec04550_0 .net *"_ivl_2", 0 0, L_0x5ba7aec56740;  1 drivers
v0x5ba7aec04610_0 .net *"_ivl_20", 31 0, L_0x5ba7aec56c90;  1 drivers
v0x5ba7aec046f0_0 .net *"_ivl_5", 0 0, L_0x5ba7aec56830;  1 drivers
v0x5ba7aec047b0_0 .net *"_ivl_6", 6 0, L_0x5ba7aec568f0;  1 drivers
L_0x78855ab575c0 .functor BUFT 1, C4<00>, C4<0>, C4<0>, C4<0>;
v0x5ba7aec04920_0 .net *"_ivl_9", 1 0, L_0x78855ab575c0;  1 drivers
L_0x5ba7aec56740 .cmp/ne 5, L_0x5ba7aec80950, L_0x78855ab57578;
L_0x5ba7aec568f0 .concat [ 5 2 0 0], L_0x5ba7aec80950, L_0x78855ab575c0;
L_0x5ba7aec56a10 .cmp/eq 7, L_0x5ba7aec568f0, L_0x78855ab57608;
v0x5ba7aec19b70_19 .array/port v0x5ba7aec19b70, 19;
L_0x5ba7aec56c90 .functor MUXZ 32, v0x5ba7aec19b70_19, L_0x5ba7aec80060, L_0x5ba7aec56b80, C4<>;
S_0x5ba7aec04a00 .scope generate, "L1_CPU_Xreg[20]" "L1_CPU_Xreg[20]" 4 282, 4 282 0, S_0x5ba7aebdf6a0;
 .timescale -9 -12;
P_0x5ba7aec04bb0 .param/l "xreg" 0 4 282, +C4<010100>;
L_0x5ba7aec56ff0 .functor AND 1, L_0x5ba7aec7fca0, L_0x5ba7aec55e20, C4<1>, C4<1>;
L_0x5ba7aec57340 .functor AND 1, L_0x5ba7aec56ff0, L_0x5ba7aec571d0, C4<1>, C4<1>;
v0x5ba7aec04c90_0 .net "L1_wr_a3", 0 0, L_0x5ba7aec57340;  1 drivers
L_0x78855ab57698 .functor BUFT 1, C4<00000>, C4<0>, C4<0>, C4<0>;
v0x5ba7aec04d50_0 .net/2u *"_ivl_0", 4 0, L_0x78855ab57698;  1 drivers
L_0x78855ab57728 .functor BUFT 1, C4<0010100>, C4<0>, C4<0>, C4<0>;
v0x5ba7aec04e30_0 .net/2u *"_ivl_10", 6 0, L_0x78855ab57728;  1 drivers
v0x5ba7aec04ef0_0 .net *"_ivl_12", 0 0, L_0x5ba7aec571d0;  1 drivers
v0x5ba7aec04fb0_0 .net/2u *"_ivl_17", 31 0, L_0x78855ab57770;  1 drivers
v0x5ba7aec050e0_0 .net *"_ivl_2", 0 0, L_0x5ba7aec55e20;  1 drivers
v0x5ba7aec051a0_0 .net *"_ivl_20", 31 0, L_0x5ba7aec57450;  1 drivers
v0x5ba7aec05280_0 .net *"_ivl_5", 0 0, L_0x5ba7aec56ff0;  1 drivers
v0x5ba7aec05340_0 .net *"_ivl_6", 6 0, L_0x5ba7aec570b0;  1 drivers
L_0x78855ab576e0 .functor BUFT 1, C4<00>, C4<0>, C4<0>, C4<0>;
v0x5ba7aec054b0_0 .net *"_ivl_9", 1 0, L_0x78855ab576e0;  1 drivers
L_0x5ba7aec55e20 .cmp/ne 5, L_0x5ba7aec80950, L_0x78855ab57698;
L_0x5ba7aec570b0 .concat [ 5 2 0 0], L_0x5ba7aec80950, L_0x78855ab576e0;
L_0x5ba7aec571d0 .cmp/eq 7, L_0x5ba7aec570b0, L_0x78855ab57728;
v0x5ba7aec19b70_20 .array/port v0x5ba7aec19b70, 20;
L_0x5ba7aec57450 .functor MUXZ 32, v0x5ba7aec19b70_20, L_0x5ba7aec80060, L_0x5ba7aec57340, C4<>;
S_0x5ba7aec05590 .scope generate, "L1_CPU_Xreg[21]" "L1_CPU_Xreg[21]" 4 282, 4 282 0, S_0x5ba7aebdf6a0;
 .timescale -9 -12;
P_0x5ba7aec05740 .param/l "xreg" 0 4 282, +C4<010101>;
L_0x5ba7aec577a0 .functor AND 1, L_0x5ba7aec7fca0, L_0x5ba7aec576b0, C4<1>, C4<1>;
L_0x5ba7aec57af0 .functor AND 1, L_0x5ba7aec577a0, L_0x5ba7aec57980, C4<1>, C4<1>;
v0x5ba7aec05820_0 .net "L1_wr_a3", 0 0, L_0x5ba7aec57af0;  1 drivers
L_0x78855ab577b8 .functor BUFT 1, C4<00000>, C4<0>, C4<0>, C4<0>;
v0x5ba7aec058e0_0 .net/2u *"_ivl_0", 4 0, L_0x78855ab577b8;  1 drivers
L_0x78855ab57848 .functor BUFT 1, C4<0010101>, C4<0>, C4<0>, C4<0>;
v0x5ba7aec059c0_0 .net/2u *"_ivl_10", 6 0, L_0x78855ab57848;  1 drivers
v0x5ba7aec05a80_0 .net *"_ivl_12", 0 0, L_0x5ba7aec57980;  1 drivers
v0x5ba7aec05b40_0 .net/2u *"_ivl_17", 31 0, L_0x78855ab57890;  1 drivers
v0x5ba7aec05c70_0 .net *"_ivl_2", 0 0, L_0x5ba7aec576b0;  1 drivers
v0x5ba7aec05d30_0 .net *"_ivl_20", 31 0, L_0x5ba7aec57c00;  1 drivers
v0x5ba7aec05e10_0 .net *"_ivl_5", 0 0, L_0x5ba7aec577a0;  1 drivers
v0x5ba7aec05ed0_0 .net *"_ivl_6", 6 0, L_0x5ba7aec57860;  1 drivers
L_0x78855ab57800 .functor BUFT 1, C4<00>, C4<0>, C4<0>, C4<0>;
v0x5ba7aec06040_0 .net *"_ivl_9", 1 0, L_0x78855ab57800;  1 drivers
L_0x5ba7aec576b0 .cmp/ne 5, L_0x5ba7aec80950, L_0x78855ab577b8;
L_0x5ba7aec57860 .concat [ 5 2 0 0], L_0x5ba7aec80950, L_0x78855ab57800;
L_0x5ba7aec57980 .cmp/eq 7, L_0x5ba7aec57860, L_0x78855ab57848;
v0x5ba7aec19b70_21 .array/port v0x5ba7aec19b70, 21;
L_0x5ba7aec57c00 .functor MUXZ 32, v0x5ba7aec19b70_21, L_0x5ba7aec80060, L_0x5ba7aec57af0, C4<>;
S_0x5ba7aec06120 .scope generate, "L1_CPU_Xreg[22]" "L1_CPU_Xreg[22]" 4 282, 4 282 0, S_0x5ba7aebdf6a0;
 .timescale -9 -12;
P_0x5ba7aec062d0 .param/l "xreg" 0 4 282, +C4<010110>;
L_0x5ba7aec58010 .functor AND 1, L_0x5ba7aec7fca0, L_0x5ba7aec57f20, C4<1>, C4<1>;
L_0x5ba7aec58360 .functor AND 1, L_0x5ba7aec58010, L_0x5ba7aec581f0, C4<1>, C4<1>;
v0x5ba7aec063b0_0 .net "L1_wr_a3", 0 0, L_0x5ba7aec58360;  1 drivers
L_0x78855ab578d8 .functor BUFT 1, C4<00000>, C4<0>, C4<0>, C4<0>;
v0x5ba7aec06470_0 .net/2u *"_ivl_0", 4 0, L_0x78855ab578d8;  1 drivers
L_0x78855ab57968 .functor BUFT 1, C4<0010110>, C4<0>, C4<0>, C4<0>;
v0x5ba7aec06550_0 .net/2u *"_ivl_10", 6 0, L_0x78855ab57968;  1 drivers
v0x5ba7aec06610_0 .net *"_ivl_12", 0 0, L_0x5ba7aec581f0;  1 drivers
v0x5ba7aec066d0_0 .net/2u *"_ivl_17", 31 0, L_0x78855ab579b0;  1 drivers
v0x5ba7aec06800_0 .net *"_ivl_2", 0 0, L_0x5ba7aec57f20;  1 drivers
v0x5ba7aec068c0_0 .net *"_ivl_20", 31 0, L_0x5ba7aec58470;  1 drivers
v0x5ba7aec069a0_0 .net *"_ivl_5", 0 0, L_0x5ba7aec58010;  1 drivers
v0x5ba7aec06a60_0 .net *"_ivl_6", 6 0, L_0x5ba7aec580d0;  1 drivers
L_0x78855ab57920 .functor BUFT 1, C4<00>, C4<0>, C4<0>, C4<0>;
v0x5ba7aec06bd0_0 .net *"_ivl_9", 1 0, L_0x78855ab57920;  1 drivers
L_0x5ba7aec57f20 .cmp/ne 5, L_0x5ba7aec80950, L_0x78855ab578d8;
L_0x5ba7aec580d0 .concat [ 5 2 0 0], L_0x5ba7aec80950, L_0x78855ab57920;
L_0x5ba7aec581f0 .cmp/eq 7, L_0x5ba7aec580d0, L_0x78855ab57968;
v0x5ba7aec19b70_22 .array/port v0x5ba7aec19b70, 22;
L_0x5ba7aec58470 .functor MUXZ 32, v0x5ba7aec19b70_22, L_0x5ba7aec80060, L_0x5ba7aec58360, C4<>;
S_0x5ba7aec06cb0 .scope generate, "L1_CPU_Xreg[23]" "L1_CPU_Xreg[23]" 4 282, 4 282 0, S_0x5ba7aebdf6a0;
 .timescale -9 -12;
P_0x5ba7aec06e60 .param/l "xreg" 0 4 282, +C4<010111>;
L_0x5ba7aec587c0 .functor AND 1, L_0x5ba7aec7fca0, L_0x5ba7aec586d0, C4<1>, C4<1>;
L_0x5ba7aec58b10 .functor AND 1, L_0x5ba7aec587c0, L_0x5ba7aec589a0, C4<1>, C4<1>;
v0x5ba7aec06f40_0 .net "L1_wr_a3", 0 0, L_0x5ba7aec58b10;  1 drivers
L_0x78855ab579f8 .functor BUFT 1, C4<00000>, C4<0>, C4<0>, C4<0>;
v0x5ba7aec07000_0 .net/2u *"_ivl_0", 4 0, L_0x78855ab579f8;  1 drivers
L_0x78855ab57a88 .functor BUFT 1, C4<0010111>, C4<0>, C4<0>, C4<0>;
v0x5ba7aec070e0_0 .net/2u *"_ivl_10", 6 0, L_0x78855ab57a88;  1 drivers
v0x5ba7aec071a0_0 .net *"_ivl_12", 0 0, L_0x5ba7aec589a0;  1 drivers
v0x5ba7aec07260_0 .net/2u *"_ivl_17", 31 0, L_0x78855ab57ad0;  1 drivers
v0x5ba7aec07390_0 .net *"_ivl_2", 0 0, L_0x5ba7aec586d0;  1 drivers
v0x5ba7aec07450_0 .net *"_ivl_20", 31 0, L_0x5ba7aec58c20;  1 drivers
v0x5ba7aec07530_0 .net *"_ivl_5", 0 0, L_0x5ba7aec587c0;  1 drivers
v0x5ba7aec075f0_0 .net *"_ivl_6", 6 0, L_0x5ba7aec58880;  1 drivers
L_0x78855ab57a40 .functor BUFT 1, C4<00>, C4<0>, C4<0>, C4<0>;
v0x5ba7aec07760_0 .net *"_ivl_9", 1 0, L_0x78855ab57a40;  1 drivers
L_0x5ba7aec586d0 .cmp/ne 5, L_0x5ba7aec80950, L_0x78855ab579f8;
L_0x5ba7aec58880 .concat [ 5 2 0 0], L_0x5ba7aec80950, L_0x78855ab57a40;
L_0x5ba7aec589a0 .cmp/eq 7, L_0x5ba7aec58880, L_0x78855ab57a88;
v0x5ba7aec19b70_23 .array/port v0x5ba7aec19b70, 23;
L_0x5ba7aec58c20 .functor MUXZ 32, v0x5ba7aec19b70_23, L_0x5ba7aec80060, L_0x5ba7aec58b10, C4<>;
S_0x5ba7aec07840 .scope generate, "L1_CPU_Xreg[24]" "L1_CPU_Xreg[24]" 4 282, 4 282 0, S_0x5ba7aebdf6a0;
 .timescale -9 -12;
P_0x5ba7aec079f0 .param/l "xreg" 0 4 282, +C4<011000>;
L_0x5ba7aec59040 .functor AND 1, L_0x5ba7aec7fca0, L_0x5ba7aec58f50, C4<1>, C4<1>;
L_0x5ba7aec59390 .functor AND 1, L_0x5ba7aec59040, L_0x5ba7aec59220, C4<1>, C4<1>;
v0x5ba7aec07ad0_0 .net "L1_wr_a3", 0 0, L_0x5ba7aec59390;  1 drivers
L_0x78855ab57b18 .functor BUFT 1, C4<00000>, C4<0>, C4<0>, C4<0>;
v0x5ba7aec07b90_0 .net/2u *"_ivl_0", 4 0, L_0x78855ab57b18;  1 drivers
L_0x78855ab57ba8 .functor BUFT 1, C4<0011000>, C4<0>, C4<0>, C4<0>;
v0x5ba7aec07c70_0 .net/2u *"_ivl_10", 6 0, L_0x78855ab57ba8;  1 drivers
v0x5ba7aec07d30_0 .net *"_ivl_12", 0 0, L_0x5ba7aec59220;  1 drivers
v0x5ba7aec07df0_0 .net/2u *"_ivl_17", 31 0, L_0x78855ab57bf0;  1 drivers
v0x5ba7aec07f20_0 .net *"_ivl_2", 0 0, L_0x5ba7aec58f50;  1 drivers
v0x5ba7aec07fe0_0 .net *"_ivl_20", 31 0, L_0x5ba7aec594a0;  1 drivers
v0x5ba7aec080c0_0 .net *"_ivl_5", 0 0, L_0x5ba7aec59040;  1 drivers
v0x5ba7aec08180_0 .net *"_ivl_6", 6 0, L_0x5ba7aec59100;  1 drivers
L_0x78855ab57b60 .functor BUFT 1, C4<00>, C4<0>, C4<0>, C4<0>;
v0x5ba7aec082f0_0 .net *"_ivl_9", 1 0, L_0x78855ab57b60;  1 drivers
L_0x5ba7aec58f50 .cmp/ne 5, L_0x5ba7aec80950, L_0x78855ab57b18;
L_0x5ba7aec59100 .concat [ 5 2 0 0], L_0x5ba7aec80950, L_0x78855ab57b60;
L_0x5ba7aec59220 .cmp/eq 7, L_0x5ba7aec59100, L_0x78855ab57ba8;
v0x5ba7aec19b70_24 .array/port v0x5ba7aec19b70, 24;
L_0x5ba7aec594a0 .functor MUXZ 32, v0x5ba7aec19b70_24, L_0x5ba7aec80060, L_0x5ba7aec59390, C4<>;
S_0x5ba7aec083d0 .scope generate, "L1_CPU_Xreg[25]" "L1_CPU_Xreg[25]" 4 282, 4 282 0, S_0x5ba7aebdf6a0;
 .timescale -9 -12;
P_0x5ba7aec08580 .param/l "xreg" 0 4 282, +C4<011001>;
L_0x5ba7aec597f0 .functor AND 1, L_0x5ba7aec7fca0, L_0x5ba7aec59700, C4<1>, C4<1>;
L_0x5ba7aec59b40 .functor AND 1, L_0x5ba7aec597f0, L_0x5ba7aec599d0, C4<1>, C4<1>;
v0x5ba7aec08660_0 .net "L1_wr_a3", 0 0, L_0x5ba7aec59b40;  1 drivers
L_0x78855ab57c38 .functor BUFT 1, C4<00000>, C4<0>, C4<0>, C4<0>;
v0x5ba7aec08720_0 .net/2u *"_ivl_0", 4 0, L_0x78855ab57c38;  1 drivers
L_0x78855ab57cc8 .functor BUFT 1, C4<0011001>, C4<0>, C4<0>, C4<0>;
v0x5ba7aec08800_0 .net/2u *"_ivl_10", 6 0, L_0x78855ab57cc8;  1 drivers
v0x5ba7aec088c0_0 .net *"_ivl_12", 0 0, L_0x5ba7aec599d0;  1 drivers
v0x5ba7aec08980_0 .net/2u *"_ivl_17", 31 0, L_0x78855ab57d10;  1 drivers
v0x5ba7aec08ab0_0 .net *"_ivl_2", 0 0, L_0x5ba7aec59700;  1 drivers
v0x5ba7aec08b70_0 .net *"_ivl_20", 31 0, L_0x5ba7aec59c50;  1 drivers
v0x5ba7aec08c50_0 .net *"_ivl_5", 0 0, L_0x5ba7aec597f0;  1 drivers
v0x5ba7aec08d10_0 .net *"_ivl_6", 6 0, L_0x5ba7aec598b0;  1 drivers
L_0x78855ab57c80 .functor BUFT 1, C4<00>, C4<0>, C4<0>, C4<0>;
v0x5ba7aec08e80_0 .net *"_ivl_9", 1 0, L_0x78855ab57c80;  1 drivers
L_0x5ba7aec59700 .cmp/ne 5, L_0x5ba7aec80950, L_0x78855ab57c38;
L_0x5ba7aec598b0 .concat [ 5 2 0 0], L_0x5ba7aec80950, L_0x78855ab57c80;
L_0x5ba7aec599d0 .cmp/eq 7, L_0x5ba7aec598b0, L_0x78855ab57cc8;
v0x5ba7aec19b70_25 .array/port v0x5ba7aec19b70, 25;
L_0x5ba7aec59c50 .functor MUXZ 32, v0x5ba7aec19b70_25, L_0x5ba7aec80060, L_0x5ba7aec59b40, C4<>;
S_0x5ba7aec08f60 .scope generate, "L1_CPU_Xreg[26]" "L1_CPU_Xreg[26]" 4 282, 4 282 0, S_0x5ba7aebdf6a0;
 .timescale -9 -12;
P_0x5ba7aec09110 .param/l "xreg" 0 4 282, +C4<011010>;
L_0x5ba7aec5a080 .functor AND 1, L_0x5ba7aec7fca0, L_0x5ba7aec59f90, C4<1>, C4<1>;
L_0x5ba7aec5a3d0 .functor AND 1, L_0x5ba7aec5a080, L_0x5ba7aec5a260, C4<1>, C4<1>;
v0x5ba7aec091f0_0 .net "L1_wr_a3", 0 0, L_0x5ba7aec5a3d0;  1 drivers
L_0x78855ab57d58 .functor BUFT 1, C4<00000>, C4<0>, C4<0>, C4<0>;
v0x5ba7aec092b0_0 .net/2u *"_ivl_0", 4 0, L_0x78855ab57d58;  1 drivers
L_0x78855ab57de8 .functor BUFT 1, C4<0011010>, C4<0>, C4<0>, C4<0>;
v0x5ba7aec09390_0 .net/2u *"_ivl_10", 6 0, L_0x78855ab57de8;  1 drivers
v0x5ba7aec09450_0 .net *"_ivl_12", 0 0, L_0x5ba7aec5a260;  1 drivers
v0x5ba7aec09510_0 .net/2u *"_ivl_17", 31 0, L_0x78855ab57e30;  1 drivers
v0x5ba7aec09640_0 .net *"_ivl_2", 0 0, L_0x5ba7aec59f90;  1 drivers
v0x5ba7aec09700_0 .net *"_ivl_20", 31 0, L_0x5ba7aec5a4e0;  1 drivers
v0x5ba7aec097e0_0 .net *"_ivl_5", 0 0, L_0x5ba7aec5a080;  1 drivers
v0x5ba7aec098a0_0 .net *"_ivl_6", 6 0, L_0x5ba7aec5a140;  1 drivers
L_0x78855ab57da0 .functor BUFT 1, C4<00>, C4<0>, C4<0>, C4<0>;
v0x5ba7aec09a10_0 .net *"_ivl_9", 1 0, L_0x78855ab57da0;  1 drivers
L_0x5ba7aec59f90 .cmp/ne 5, L_0x5ba7aec80950, L_0x78855ab57d58;
L_0x5ba7aec5a140 .concat [ 5 2 0 0], L_0x5ba7aec80950, L_0x78855ab57da0;
L_0x5ba7aec5a260 .cmp/eq 7, L_0x5ba7aec5a140, L_0x78855ab57de8;
v0x5ba7aec19b70_26 .array/port v0x5ba7aec19b70, 26;
L_0x5ba7aec5a4e0 .functor MUXZ 32, v0x5ba7aec19b70_26, L_0x5ba7aec80060, L_0x5ba7aec5a3d0, C4<>;
S_0x5ba7aec09af0 .scope generate, "L1_CPU_Xreg[27]" "L1_CPU_Xreg[27]" 4 282, 4 282 0, S_0x5ba7aebdf6a0;
 .timescale -9 -12;
P_0x5ba7aec09ca0 .param/l "xreg" 0 4 282, +C4<011011>;
L_0x5ba7aec5a830 .functor AND 1, L_0x5ba7aec7fca0, L_0x5ba7aec5a740, C4<1>, C4<1>;
L_0x5ba7aec5ab80 .functor AND 1, L_0x5ba7aec5a830, L_0x5ba7aec5aa10, C4<1>, C4<1>;
v0x5ba7aec09d80_0 .net "L1_wr_a3", 0 0, L_0x5ba7aec5ab80;  1 drivers
L_0x78855ab57e78 .functor BUFT 1, C4<00000>, C4<0>, C4<0>, C4<0>;
v0x5ba7aec09e40_0 .net/2u *"_ivl_0", 4 0, L_0x78855ab57e78;  1 drivers
L_0x78855ab57f08 .functor BUFT 1, C4<0011011>, C4<0>, C4<0>, C4<0>;
v0x5ba7aec09f20_0 .net/2u *"_ivl_10", 6 0, L_0x78855ab57f08;  1 drivers
v0x5ba7aec09fe0_0 .net *"_ivl_12", 0 0, L_0x5ba7aec5aa10;  1 drivers
v0x5ba7aec0a0a0_0 .net/2u *"_ivl_17", 31 0, L_0x78855ab57f50;  1 drivers
v0x5ba7aec0a1d0_0 .net *"_ivl_2", 0 0, L_0x5ba7aec5a740;  1 drivers
v0x5ba7aec0a290_0 .net *"_ivl_20", 31 0, L_0x5ba7aec5ac90;  1 drivers
v0x5ba7aec0a370_0 .net *"_ivl_5", 0 0, L_0x5ba7aec5a830;  1 drivers
v0x5ba7aec0a430_0 .net *"_ivl_6", 6 0, L_0x5ba7aec5a8f0;  1 drivers
L_0x78855ab57ec0 .functor BUFT 1, C4<00>, C4<0>, C4<0>, C4<0>;
v0x5ba7aec0a5a0_0 .net *"_ivl_9", 1 0, L_0x78855ab57ec0;  1 drivers
L_0x5ba7aec5a740 .cmp/ne 5, L_0x5ba7aec80950, L_0x78855ab57e78;
L_0x5ba7aec5a8f0 .concat [ 5 2 0 0], L_0x5ba7aec80950, L_0x78855ab57ec0;
L_0x5ba7aec5aa10 .cmp/eq 7, L_0x5ba7aec5a8f0, L_0x78855ab57f08;
v0x5ba7aec19b70_27 .array/port v0x5ba7aec19b70, 27;
L_0x5ba7aec5ac90 .functor MUXZ 32, v0x5ba7aec19b70_27, L_0x5ba7aec80060, L_0x5ba7aec5ab80, C4<>;
S_0x5ba7aec0a680 .scope generate, "L1_CPU_Xreg[28]" "L1_CPU_Xreg[28]" 4 282, 4 282 0, S_0x5ba7aebdf6a0;
 .timescale -9 -12;
P_0x5ba7aec0a830 .param/l "xreg" 0 4 282, +C4<011100>;
L_0x5ba7aec5b0d0 .functor AND 1, L_0x5ba7aec7fca0, L_0x5ba7aec5afe0, C4<1>, C4<1>;
L_0x5ba7aec5b420 .functor AND 1, L_0x5ba7aec5b0d0, L_0x5ba7aec5b2b0, C4<1>, C4<1>;
v0x5ba7aec0a910_0 .net "L1_wr_a3", 0 0, L_0x5ba7aec5b420;  1 drivers
L_0x78855ab57f98 .functor BUFT 1, C4<00000>, C4<0>, C4<0>, C4<0>;
v0x5ba7aec0a9d0_0 .net/2u *"_ivl_0", 4 0, L_0x78855ab57f98;  1 drivers
L_0x78855ab58028 .functor BUFT 1, C4<0011100>, C4<0>, C4<0>, C4<0>;
v0x5ba7aec0aab0_0 .net/2u *"_ivl_10", 6 0, L_0x78855ab58028;  1 drivers
v0x5ba7aec0ab70_0 .net *"_ivl_12", 0 0, L_0x5ba7aec5b2b0;  1 drivers
v0x5ba7aec0ac30_0 .net/2u *"_ivl_17", 31 0, L_0x78855ab58070;  1 drivers
v0x5ba7aec0ad60_0 .net *"_ivl_2", 0 0, L_0x5ba7aec5afe0;  1 drivers
v0x5ba7aec0ae20_0 .net *"_ivl_20", 31 0, L_0x5ba7aec5b530;  1 drivers
v0x5ba7aec0af00_0 .net *"_ivl_5", 0 0, L_0x5ba7aec5b0d0;  1 drivers
v0x5ba7aec0afc0_0 .net *"_ivl_6", 6 0, L_0x5ba7aec5b190;  1 drivers
L_0x78855ab57fe0 .functor BUFT 1, C4<00>, C4<0>, C4<0>, C4<0>;
v0x5ba7aec0b130_0 .net *"_ivl_9", 1 0, L_0x78855ab57fe0;  1 drivers
L_0x5ba7aec5afe0 .cmp/ne 5, L_0x5ba7aec80950, L_0x78855ab57f98;
L_0x5ba7aec5b190 .concat [ 5 2 0 0], L_0x5ba7aec80950, L_0x78855ab57fe0;
L_0x5ba7aec5b2b0 .cmp/eq 7, L_0x5ba7aec5b190, L_0x78855ab58028;
v0x5ba7aec19b70_28 .array/port v0x5ba7aec19b70, 28;
L_0x5ba7aec5b530 .functor MUXZ 32, v0x5ba7aec19b70_28, L_0x5ba7aec80060, L_0x5ba7aec5b420, C4<>;
S_0x5ba7aec0b210 .scope generate, "L1_CPU_Xreg[29]" "L1_CPU_Xreg[29]" 4 282, 4 282 0, S_0x5ba7aebdf6a0;
 .timescale -9 -12;
P_0x5ba7aec0b3c0 .param/l "xreg" 0 4 282, +C4<011101>;
L_0x5ba7aec5b880 .functor AND 1, L_0x5ba7aec7fca0, L_0x5ba7aec5b790, C4<1>, C4<1>;
L_0x5ba7aec5bbd0 .functor AND 1, L_0x5ba7aec5b880, L_0x5ba7aec5ba60, C4<1>, C4<1>;
v0x5ba7aec0b4a0_0 .net "L1_wr_a3", 0 0, L_0x5ba7aec5bbd0;  1 drivers
L_0x78855ab580b8 .functor BUFT 1, C4<00000>, C4<0>, C4<0>, C4<0>;
v0x5ba7aec0b560_0 .net/2u *"_ivl_0", 4 0, L_0x78855ab580b8;  1 drivers
L_0x78855ab58148 .functor BUFT 1, C4<0011101>, C4<0>, C4<0>, C4<0>;
v0x5ba7aec0b640_0 .net/2u *"_ivl_10", 6 0, L_0x78855ab58148;  1 drivers
v0x5ba7aec0b700_0 .net *"_ivl_12", 0 0, L_0x5ba7aec5ba60;  1 drivers
v0x5ba7aec0b7c0_0 .net/2u *"_ivl_17", 31 0, L_0x78855ab58190;  1 drivers
v0x5ba7aec0b8f0_0 .net *"_ivl_2", 0 0, L_0x5ba7aec5b790;  1 drivers
v0x5ba7aec0b9b0_0 .net *"_ivl_20", 31 0, L_0x5ba7aec5bce0;  1 drivers
v0x5ba7aec0ba90_0 .net *"_ivl_5", 0 0, L_0x5ba7aec5b880;  1 drivers
v0x5ba7aec0bb50_0 .net *"_ivl_6", 6 0, L_0x5ba7aec5b940;  1 drivers
L_0x78855ab58100 .functor BUFT 1, C4<00>, C4<0>, C4<0>, C4<0>;
v0x5ba7aec0bcc0_0 .net *"_ivl_9", 1 0, L_0x78855ab58100;  1 drivers
L_0x5ba7aec5b790 .cmp/ne 5, L_0x5ba7aec80950, L_0x78855ab580b8;
L_0x5ba7aec5b940 .concat [ 5 2 0 0], L_0x5ba7aec80950, L_0x78855ab58100;
L_0x5ba7aec5ba60 .cmp/eq 7, L_0x5ba7aec5b940, L_0x78855ab58148;
v0x5ba7aec19b70_29 .array/port v0x5ba7aec19b70, 29;
L_0x5ba7aec5bce0 .functor MUXZ 32, v0x5ba7aec19b70_29, L_0x5ba7aec80060, L_0x5ba7aec5bbd0, C4<>;
S_0x5ba7aec0bda0 .scope generate, "L1_CPU_Xreg[30]" "L1_CPU_Xreg[30]" 4 282, 4 282 0, S_0x5ba7aebdf6a0;
 .timescale -9 -12;
P_0x5ba7aec0bf50 .param/l "xreg" 0 4 282, +C4<011110>;
L_0x5ba7aec5c130 .functor AND 1, L_0x5ba7aec7fca0, L_0x5ba7aec5c040, C4<1>, C4<1>;
L_0x5ba7aec5c480 .functor AND 1, L_0x5ba7aec5c130, L_0x5ba7aec5c310, C4<1>, C4<1>;
v0x5ba7aec0c030_0 .net "L1_wr_a3", 0 0, L_0x5ba7aec5c480;  1 drivers
L_0x78855ab581d8 .functor BUFT 1, C4<00000>, C4<0>, C4<0>, C4<0>;
v0x5ba7aec0c0f0_0 .net/2u *"_ivl_0", 4 0, L_0x78855ab581d8;  1 drivers
L_0x78855ab58268 .functor BUFT 1, C4<0011110>, C4<0>, C4<0>, C4<0>;
v0x5ba7aec0c1d0_0 .net/2u *"_ivl_10", 6 0, L_0x78855ab58268;  1 drivers
v0x5ba7aec0c290_0 .net *"_ivl_12", 0 0, L_0x5ba7aec5c310;  1 drivers
v0x5ba7aec0c350_0 .net/2u *"_ivl_17", 31 0, L_0x78855ab582b0;  1 drivers
v0x5ba7aec0c480_0 .net *"_ivl_2", 0 0, L_0x5ba7aec5c040;  1 drivers
v0x5ba7aec0c540_0 .net *"_ivl_20", 31 0, L_0x5ba7aec5c590;  1 drivers
v0x5ba7aec0c620_0 .net *"_ivl_5", 0 0, L_0x5ba7aec5c130;  1 drivers
v0x5ba7aec0c6e0_0 .net *"_ivl_6", 6 0, L_0x5ba7aec5c1f0;  1 drivers
L_0x78855ab58220 .functor BUFT 1, C4<00>, C4<0>, C4<0>, C4<0>;
v0x5ba7aec0c850_0 .net *"_ivl_9", 1 0, L_0x78855ab58220;  1 drivers
L_0x5ba7aec5c040 .cmp/ne 5, L_0x5ba7aec80950, L_0x78855ab581d8;
L_0x5ba7aec5c1f0 .concat [ 5 2 0 0], L_0x5ba7aec80950, L_0x78855ab58220;
L_0x5ba7aec5c310 .cmp/eq 7, L_0x5ba7aec5c1f0, L_0x78855ab58268;
v0x5ba7aec19b70_30 .array/port v0x5ba7aec19b70, 30;
L_0x5ba7aec5c590 .functor MUXZ 32, v0x5ba7aec19b70_30, L_0x5ba7aec80060, L_0x5ba7aec5c480, C4<>;
S_0x5ba7aec0c930 .scope generate, "L1_CPU_Xreg[31]" "L1_CPU_Xreg[31]" 4 282, 4 282 0, S_0x5ba7aebdf6a0;
 .timescale -9 -12;
P_0x5ba7aec0cae0 .param/l "xreg" 0 4 282, +C4<011111>;
L_0x5ba7aec5c8e0 .functor AND 1, L_0x5ba7aec7fca0, L_0x5ba7aec5c7f0, C4<1>, C4<1>;
L_0x5ba7aec5d6b0 .functor AND 1, L_0x5ba7aec5c8e0, L_0x5ba7aec5d570, C4<1>, C4<1>;
v0x5ba7aec0cbc0_0 .net "L1_wr_a3", 0 0, L_0x5ba7aec5d6b0;  1 drivers
L_0x78855ab582f8 .functor BUFT 1, C4<00000>, C4<0>, C4<0>, C4<0>;
v0x5ba7aec0cc80_0 .net/2u *"_ivl_0", 4 0, L_0x78855ab582f8;  1 drivers
L_0x78855ab58388 .functor BUFT 1, C4<0011111>, C4<0>, C4<0>, C4<0>;
v0x5ba7aec0cd60_0 .net/2u *"_ivl_10", 6 0, L_0x78855ab58388;  1 drivers
v0x5ba7aec0ce20_0 .net *"_ivl_12", 0 0, L_0x5ba7aec5d570;  1 drivers
v0x5ba7aec0cee0_0 .net/2u *"_ivl_17", 31 0, L_0x78855ab583d0;  1 drivers
v0x5ba7aec0d010_0 .net *"_ivl_2", 0 0, L_0x5ba7aec5c7f0;  1 drivers
v0x5ba7aec0d0d0_0 .net *"_ivl_20", 31 0, L_0x5ba7aec5d7c0;  1 drivers
v0x5ba7aec0d1b0_0 .net *"_ivl_5", 0 0, L_0x5ba7aec5c8e0;  1 drivers
v0x5ba7aec0d270_0 .net *"_ivl_6", 6 0, L_0x5ba7aec199c0;  1 drivers
L_0x78855ab58340 .functor BUFT 1, C4<00>, C4<0>, C4<0>, C4<0>;
v0x5ba7aec0d3e0_0 .net *"_ivl_9", 1 0, L_0x78855ab58340;  1 drivers
L_0x5ba7aec5c7f0 .cmp/ne 5, L_0x5ba7aec80950, L_0x78855ab582f8;
L_0x5ba7aec199c0 .concat [ 5 2 0 0], L_0x5ba7aec80950, L_0x78855ab58340;
L_0x5ba7aec5d570 .cmp/eq 7, L_0x5ba7aec199c0, L_0x78855ab58388;
v0x5ba7aec19b70_31 .array/port v0x5ba7aec19b70, 31;
L_0x5ba7aec5d7c0 .functor MUXZ 32, v0x5ba7aec19b70_31, L_0x5ba7aec80060, L_0x5ba7aec5d6b0, C4<>;
S_0x5ba7aec0d4c0 .scope generate, "L1gen_CPU_Dmem[0]" "L1gen_CPU_Dmem[0]" 5 684, 5 684 0, S_0x5ba7aebdf6a0;
 .timescale -9 -12;
P_0x5ba7aec0d670 .param/l "dmem" 0 5 684, +C4<00>;
E_0x5ba7aeae6140 .event posedge, v0x5ba7aec15e00_0;
S_0x5ba7aec0d770 .scope generate, "L1gen_CPU_Dmem[1]" "L1gen_CPU_Dmem[1]" 5 684, 5 684 0, S_0x5ba7aebdf6a0;
 .timescale -9 -12;
P_0x5ba7aec0d970 .param/l "dmem" 0 5 684, +C4<01>;
S_0x5ba7aec0da50 .scope generate, "L1gen_CPU_Dmem[2]" "L1gen_CPU_Dmem[2]" 5 684, 5 684 0, S_0x5ba7aebdf6a0;
 .timescale -9 -12;
P_0x5ba7aec0dc30 .param/l "dmem" 0 5 684, +C4<010>;
S_0x5ba7aec0dd10 .scope generate, "L1gen_CPU_Dmem[3]" "L1gen_CPU_Dmem[3]" 5 684, 5 684 0, S_0x5ba7aebdf6a0;
 .timescale -9 -12;
P_0x5ba7aec0e300 .param/l "dmem" 0 5 684, +C4<011>;
S_0x5ba7aec0e3a0 .scope generate, "L1gen_CPU_Dmem[4]" "L1gen_CPU_Dmem[4]" 5 684, 5 684 0, S_0x5ba7aebdf6a0;
 .timescale -9 -12;
P_0x5ba7aec0e580 .param/l "dmem" 0 5 684, +C4<0100>;
S_0x5ba7aec0e620 .scope generate, "L1gen_CPU_Dmem[5]" "L1gen_CPU_Dmem[5]" 5 684, 5 684 0, S_0x5ba7aebdf6a0;
 .timescale -9 -12;
P_0x5ba7aec0e800 .param/l "dmem" 0 5 684, +C4<0101>;
S_0x5ba7aec0e8a0 .scope generate, "L1gen_CPU_Dmem[6]" "L1gen_CPU_Dmem[6]" 5 684, 5 684 0, S_0x5ba7aebdf6a0;
 .timescale -9 -12;
P_0x5ba7aec0ea80 .param/l "dmem" 0 5 684, +C4<0110>;
S_0x5ba7aec0eb20 .scope generate, "L1gen_CPU_Dmem[7]" "L1gen_CPU_Dmem[7]" 5 684, 5 684 0, S_0x5ba7aebdf6a0;
 .timescale -9 -12;
P_0x5ba7aec0ed00 .param/l "dmem" 0 5 684, +C4<0111>;
S_0x5ba7aec0eda0 .scope generate, "L1gen_CPU_Dmem[8]" "L1gen_CPU_Dmem[8]" 5 684, 5 684 0, S_0x5ba7aebdf6a0;
 .timescale -9 -12;
P_0x5ba7aec0ef80 .param/l "dmem" 0 5 684, +C4<01000>;
S_0x5ba7aec0f060 .scope generate, "L1gen_CPU_Dmem[9]" "L1gen_CPU_Dmem[9]" 5 684, 5 684 0, S_0x5ba7aebdf6a0;
 .timescale -9 -12;
P_0x5ba7aec0f240 .param/l "dmem" 0 5 684, +C4<01001>;
S_0x5ba7aec0f320 .scope generate, "L1gen_CPU_Dmem[10]" "L1gen_CPU_Dmem[10]" 5 684, 5 684 0, S_0x5ba7aebdf6a0;
 .timescale -9 -12;
P_0x5ba7aec0f500 .param/l "dmem" 0 5 684, +C4<01010>;
S_0x5ba7aec0f5e0 .scope generate, "L1gen_CPU_Dmem[11]" "L1gen_CPU_Dmem[11]" 5 684, 5 684 0, S_0x5ba7aebdf6a0;
 .timescale -9 -12;
P_0x5ba7aec0f7c0 .param/l "dmem" 0 5 684, +C4<01011>;
S_0x5ba7aec0f8a0 .scope generate, "L1gen_CPU_Dmem[12]" "L1gen_CPU_Dmem[12]" 5 684, 5 684 0, S_0x5ba7aebdf6a0;
 .timescale -9 -12;
P_0x5ba7aec0fa80 .param/l "dmem" 0 5 684, +C4<01100>;
S_0x5ba7aec0fb60 .scope generate, "L1gen_CPU_Dmem[13]" "L1gen_CPU_Dmem[13]" 5 684, 5 684 0, S_0x5ba7aebdf6a0;
 .timescale -9 -12;
P_0x5ba7aec0fd40 .param/l "dmem" 0 5 684, +C4<01101>;
S_0x5ba7aec0fe20 .scope generate, "L1gen_CPU_Dmem[14]" "L1gen_CPU_Dmem[14]" 5 684, 5 684 0, S_0x5ba7aebdf6a0;
 .timescale -9 -12;
P_0x5ba7aec10000 .param/l "dmem" 0 5 684, +C4<01110>;
S_0x5ba7aec100e0 .scope generate, "L1gen_CPU_Dmem[15]" "L1gen_CPU_Dmem[15]" 5 684, 5 684 0, S_0x5ba7aebdf6a0;
 .timescale -9 -12;
P_0x5ba7aec102c0 .param/l "dmem" 0 5 684, +C4<01111>;
S_0x5ba7aec103a0 .scope generate, "L1gen_CPU_Xreg[0]" "L1gen_CPU_Xreg[0]" 5 693, 5 693 0, S_0x5ba7aebdf6a0;
 .timescale -9 -12;
P_0x5ba7aec10580 .param/l "xreg" 0 5 693, +C4<00>;
S_0x5ba7aec10660 .scope generate, "L1gen_CPU_Xreg[1]" "L1gen_CPU_Xreg[1]" 5 693, 5 693 0, S_0x5ba7aebdf6a0;
 .timescale -9 -12;
P_0x5ba7aec10840 .param/l "xreg" 0 5 693, +C4<01>;
S_0x5ba7aec10920 .scope generate, "L1gen_CPU_Xreg[2]" "L1gen_CPU_Xreg[2]" 5 693, 5 693 0, S_0x5ba7aebdf6a0;
 .timescale -9 -12;
P_0x5ba7aec10b00 .param/l "xreg" 0 5 693, +C4<010>;
S_0x5ba7aec10be0 .scope generate, "L1gen_CPU_Xreg[3]" "L1gen_CPU_Xreg[3]" 5 693, 5 693 0, S_0x5ba7aebdf6a0;
 .timescale -9 -12;
P_0x5ba7aec10dc0 .param/l "xreg" 0 5 693, +C4<011>;
S_0x5ba7aec10ea0 .scope generate, "L1gen_CPU_Xreg[4]" "L1gen_CPU_Xreg[4]" 5 693, 5 693 0, S_0x5ba7aebdf6a0;
 .timescale -9 -12;
P_0x5ba7aec11080 .param/l "xreg" 0 5 693, +C4<0100>;
S_0x5ba7aec11160 .scope generate, "L1gen_CPU_Xreg[5]" "L1gen_CPU_Xreg[5]" 5 693, 5 693 0, S_0x5ba7aebdf6a0;
 .timescale -9 -12;
P_0x5ba7aec11340 .param/l "xreg" 0 5 693, +C4<0101>;
S_0x5ba7aec11420 .scope generate, "L1gen_CPU_Xreg[6]" "L1gen_CPU_Xreg[6]" 5 693, 5 693 0, S_0x5ba7aebdf6a0;
 .timescale -9 -12;
P_0x5ba7aec11600 .param/l "xreg" 0 5 693, +C4<0110>;
S_0x5ba7aec116e0 .scope generate, "L1gen_CPU_Xreg[7]" "L1gen_CPU_Xreg[7]" 5 693, 5 693 0, S_0x5ba7aebdf6a0;
 .timescale -9 -12;
P_0x5ba7aec118c0 .param/l "xreg" 0 5 693, +C4<0111>;
S_0x5ba7aec119a0 .scope generate, "L1gen_CPU_Xreg[8]" "L1gen_CPU_Xreg[8]" 5 693, 5 693 0, S_0x5ba7aebdf6a0;
 .timescale -9 -12;
P_0x5ba7aec11b80 .param/l "xreg" 0 5 693, +C4<01000>;
S_0x5ba7aec11c60 .scope generate, "L1gen_CPU_Xreg[9]" "L1gen_CPU_Xreg[9]" 5 693, 5 693 0, S_0x5ba7aebdf6a0;
 .timescale -9 -12;
P_0x5ba7aec11e40 .param/l "xreg" 0 5 693, +C4<01001>;
S_0x5ba7aec11f20 .scope generate, "L1gen_CPU_Xreg[10]" "L1gen_CPU_Xreg[10]" 5 693, 5 693 0, S_0x5ba7aebdf6a0;
 .timescale -9 -12;
P_0x5ba7aec12100 .param/l "xreg" 0 5 693, +C4<01010>;
S_0x5ba7aec121e0 .scope generate, "L1gen_CPU_Xreg[11]" "L1gen_CPU_Xreg[11]" 5 693, 5 693 0, S_0x5ba7aebdf6a0;
 .timescale -9 -12;
P_0x5ba7aec123c0 .param/l "xreg" 0 5 693, +C4<01011>;
S_0x5ba7aec124a0 .scope generate, "L1gen_CPU_Xreg[12]" "L1gen_CPU_Xreg[12]" 5 693, 5 693 0, S_0x5ba7aebdf6a0;
 .timescale -9 -12;
P_0x5ba7aec12680 .param/l "xreg" 0 5 693, +C4<01100>;
S_0x5ba7aec12760 .scope generate, "L1gen_CPU_Xreg[13]" "L1gen_CPU_Xreg[13]" 5 693, 5 693 0, S_0x5ba7aebdf6a0;
 .timescale -9 -12;
P_0x5ba7aec12940 .param/l "xreg" 0 5 693, +C4<01101>;
S_0x5ba7aec12a20 .scope generate, "L1gen_CPU_Xreg[14]" "L1gen_CPU_Xreg[14]" 5 693, 5 693 0, S_0x5ba7aebdf6a0;
 .timescale -9 -12;
P_0x5ba7aec12c00 .param/l "xreg" 0 5 693, +C4<01110>;
S_0x5ba7aec12ce0 .scope generate, "L1gen_CPU_Xreg[15]" "L1gen_CPU_Xreg[15]" 5 693, 5 693 0, S_0x5ba7aebdf6a0;
 .timescale -9 -12;
P_0x5ba7aec12ec0 .param/l "xreg" 0 5 693, +C4<01111>;
S_0x5ba7aec12fa0 .scope generate, "L1gen_CPU_Xreg[16]" "L1gen_CPU_Xreg[16]" 5 693, 5 693 0, S_0x5ba7aebdf6a0;
 .timescale -9 -12;
P_0x5ba7aec13180 .param/l "xreg" 0 5 693, +C4<010000>;
S_0x5ba7aec13260 .scope generate, "L1gen_CPU_Xreg[17]" "L1gen_CPU_Xreg[17]" 5 693, 5 693 0, S_0x5ba7aebdf6a0;
 .timescale -9 -12;
P_0x5ba7aec13440 .param/l "xreg" 0 5 693, +C4<010001>;
S_0x5ba7aec13520 .scope generate, "L1gen_CPU_Xreg[18]" "L1gen_CPU_Xreg[18]" 5 693, 5 693 0, S_0x5ba7aebdf6a0;
 .timescale -9 -12;
P_0x5ba7aec13700 .param/l "xreg" 0 5 693, +C4<010010>;
S_0x5ba7aec137e0 .scope generate, "L1gen_CPU_Xreg[19]" "L1gen_CPU_Xreg[19]" 5 693, 5 693 0, S_0x5ba7aebdf6a0;
 .timescale -9 -12;
P_0x5ba7aec139c0 .param/l "xreg" 0 5 693, +C4<010011>;
S_0x5ba7aec13aa0 .scope generate, "L1gen_CPU_Xreg[20]" "L1gen_CPU_Xreg[20]" 5 693, 5 693 0, S_0x5ba7aebdf6a0;
 .timescale -9 -12;
P_0x5ba7aec13c80 .param/l "xreg" 0 5 693, +C4<010100>;
S_0x5ba7aec13d60 .scope generate, "L1gen_CPU_Xreg[21]" "L1gen_CPU_Xreg[21]" 5 693, 5 693 0, S_0x5ba7aebdf6a0;
 .timescale -9 -12;
P_0x5ba7aec13f40 .param/l "xreg" 0 5 693, +C4<010101>;
S_0x5ba7aec14020 .scope generate, "L1gen_CPU_Xreg[22]" "L1gen_CPU_Xreg[22]" 5 693, 5 693 0, S_0x5ba7aebdf6a0;
 .timescale -9 -12;
P_0x5ba7aec14200 .param/l "xreg" 0 5 693, +C4<010110>;
S_0x5ba7aec142e0 .scope generate, "L1gen_CPU_Xreg[23]" "L1gen_CPU_Xreg[23]" 5 693, 5 693 0, S_0x5ba7aebdf6a0;
 .timescale -9 -12;
P_0x5ba7aec144c0 .param/l "xreg" 0 5 693, +C4<010111>;
S_0x5ba7aec145a0 .scope generate, "L1gen_CPU_Xreg[24]" "L1gen_CPU_Xreg[24]" 5 693, 5 693 0, S_0x5ba7aebdf6a0;
 .timescale -9 -12;
P_0x5ba7aec14780 .param/l "xreg" 0 5 693, +C4<011000>;
S_0x5ba7aec14860 .scope generate, "L1gen_CPU_Xreg[25]" "L1gen_CPU_Xreg[25]" 5 693, 5 693 0, S_0x5ba7aebdf6a0;
 .timescale -9 -12;
P_0x5ba7aec14a40 .param/l "xreg" 0 5 693, +C4<011001>;
S_0x5ba7aec14b20 .scope generate, "L1gen_CPU_Xreg[26]" "L1gen_CPU_Xreg[26]" 5 693, 5 693 0, S_0x5ba7aebdf6a0;
 .timescale -9 -12;
P_0x5ba7aec14d00 .param/l "xreg" 0 5 693, +C4<011010>;
S_0x5ba7aec14de0 .scope generate, "L1gen_CPU_Xreg[27]" "L1gen_CPU_Xreg[27]" 5 693, 5 693 0, S_0x5ba7aebdf6a0;
 .timescale -9 -12;
P_0x5ba7aec14fc0 .param/l "xreg" 0 5 693, +C4<011011>;
S_0x5ba7aec150a0 .scope generate, "L1gen_CPU_Xreg[28]" "L1gen_CPU_Xreg[28]" 5 693, 5 693 0, S_0x5ba7aebdf6a0;
 .timescale -9 -12;
P_0x5ba7aec15280 .param/l "xreg" 0 5 693, +C4<011100>;
S_0x5ba7aec15360 .scope generate, "L1gen_CPU_Xreg[29]" "L1gen_CPU_Xreg[29]" 5 693, 5 693 0, S_0x5ba7aebdf6a0;
 .timescale -9 -12;
P_0x5ba7aec15540 .param/l "xreg" 0 5 693, +C4<011101>;
S_0x5ba7aec15620 .scope generate, "L1gen_CPU_Xreg[30]" "L1gen_CPU_Xreg[30]" 5 693, 5 693 0, S_0x5ba7aebdf6a0;
 .timescale -9 -12;
P_0x5ba7aec15800 .param/l "xreg" 0 5 693, +C4<011110>;
S_0x5ba7aec158e0 .scope generate, "L1gen_CPU_Xreg[31]" "L1gen_CPU_Xreg[31]" 5 693, 5 693 0, S_0x5ba7aebdf6a0;
 .timescale -9 -12;
P_0x5ba7aec15ac0 .param/l "xreg" 0 5 693, +C4<011111>;
S_0x5ba7aec15ba0 .scope module, "gen_clkP_CPU_dmem_rd_en_a5" "clk_gate" 5 713, 6 33 0, S_0x5ba7aebdf6a0;
 .timescale -9 -12;
    .port_info 0 /OUTPUT 1 "gated_clk";
    .port_info 1 /INPUT 1 "free_clk";
    .port_info 2 /INPUT 1 "func_en";
    .port_info 3 /INPUT 1 "pwr_en";
    .port_info 4 /INPUT 1 "gating_override";
L_0x5ba7aec64690 .functor BUFZ 1, L_0x5ba7aec64620, C4<0>, C4<0>, C4<0>;
v0x5ba7aec15e00_0 .net "free_clk", 0 0, L_0x5ba7aec64620;  alias, 1 drivers
L_0x78855ab59198 .functor BUFT 1, C4<1>, C4<0>, C4<0>, C4<0>;
v0x5ba7aec15ec0_0 .net "func_en", 0 0, L_0x78855ab59198;  1 drivers
v0x5ba7aec15f80_0 .net "gated_clk", 0 0, L_0x5ba7aec64690;  alias, 1 drivers
L_0x78855ab591e0 .functor BUFT 1, C4<0>, C4<0>, C4<0>, C4<0>;
v0x5ba7aec16020_0 .net "gating_override", 0 0, L_0x78855ab591e0;  1 drivers
v0x5ba7aec160e0_0 .net "pwr_en", 0 0, L_0x5ba7aec82340;  alias, 1 drivers
S_0x5ba7aec16290 .scope module, "gen_clkP_CPU_rd_valid_a2" "clk_gate" 5 714, 6 33 0, S_0x5ba7aebdf6a0;
 .timescale -9 -12;
    .port_info 0 /OUTPUT 1 "gated_clk";
    .port_info 1 /INPUT 1 "free_clk";
    .port_info 2 /INPUT 1 "func_en";
    .port_info 3 /INPUT 1 "pwr_en";
    .port_info 4 /INPUT 1 "gating_override";
L_0x5ba7aec64750 .functor BUFZ 1, L_0x5ba7aec64620, C4<0>, C4<0>, C4<0>;
v0x5ba7aec164f0_0 .net "free_clk", 0 0, L_0x5ba7aec64620;  alias, 1 drivers
L_0x78855ab59228 .functor BUFT 1, C4<1>, C4<0>, C4<0>, C4<0>;
v0x5ba7aec165b0_0 .net "func_en", 0 0, L_0x78855ab59228;  1 drivers
v0x5ba7aec16650_0 .net "gated_clk", 0 0, L_0x5ba7aec64750;  alias, 1 drivers
L_0x78855ab59270 .functor BUFT 1, C4<0>, C4<0>, C4<0>, C4<0>;
v0x5ba7aec166f0_0 .net "gating_override", 0 0, L_0x78855ab59270;  1 drivers
v0x5ba7aec167b0_0 .net "pwr_en", 0 0, L_0x5ba7aec70330;  alias, 1 drivers
S_0x5ba7aec16960 .scope module, "gen_clkP_CPU_rd_valid_a3" "clk_gate" 5 715, 6 33 0, S_0x5ba7aebdf6a0;
 .timescale -9 -12;
    .port_info 0 /OUTPUT 1 "gated_clk";
    .port_info 1 /INPUT 1 "free_clk";
    .port_info 2 /INPUT 1 "func_en";
    .port_info 3 /INPUT 1 "pwr_en";
    .port_info 4 /INPUT 1 "gating_override";
L_0x5ba7aec64810 .functor BUFZ 1, L_0x5ba7aec64620, C4<0>, C4<0>, C4<0>;
v0x5ba7aec16bc0_0 .net "free_clk", 0 0, L_0x5ba7aec64620;  alias, 1 drivers
L_0x78855ab592b8 .functor BUFT 1, C4<1>, C4<0>, C4<0>, C4<0>;
v0x5ba7aec16cd0_0 .net "func_en", 0 0, L_0x78855ab592b8;  1 drivers
v0x5ba7aec16d90_0 .net "gated_clk", 0 0, L_0x5ba7aec64810;  alias, 1 drivers
L_0x78855ab59300 .functor BUFT 1, C4<0>, C4<0>, C4<0>, C4<0>;
v0x5ba7aec16e30_0 .net "gating_override", 0 0, L_0x78855ab59300;  1 drivers
v0x5ba7aec16ef0_0 .net "pwr_en", 0 0, v0x5ba7aec22e90_0;  1 drivers
S_0x5ba7aec170a0 .scope module, "gen_clkP_CPU_rd_valid_a4" "clk_gate" 5 716, 6 33 0, S_0x5ba7aebdf6a0;
 .timescale -9 -12;
    .port_info 0 /OUTPUT 1 "gated_clk";
    .port_info 1 /INPUT 1 "free_clk";
    .port_info 2 /INPUT 1 "func_en";
    .port_info 3 /INPUT 1 "pwr_en";
    .port_info 4 /INPUT 1 "gating_override";
L_0x5ba7aec64900 .functor BUFZ 1, L_0x5ba7aec64620, C4<0>, C4<0>, C4<0>;
v0x5ba7aec17300_0 .net "free_clk", 0 0, L_0x5ba7aec64620;  alias, 1 drivers
L_0x78855ab59348 .functor BUFT 1, C4<1>, C4<0>, C4<0>, C4<0>;
v0x5ba7aec173c0_0 .net "func_en", 0 0, L_0x78855ab59348;  1 drivers
v0x5ba7aec17480_0 .net "gated_clk", 0 0, L_0x5ba7aec64900;  alias, 1 drivers
L_0x78855ab59390 .functor BUFT 1, C4<0>, C4<0>, C4<0>, C4<0>;
v0x5ba7aec17520_0 .net "gating_override", 0 0, L_0x78855ab59390;  1 drivers
v0x5ba7aec175e0_0 .net "pwr_en", 0 0, v0x5ba7aec22f30_0;  1 drivers
S_0x5ba7aec17790 .scope module, "gen_clkP_CPU_rd_valid_a5" "clk_gate" 5 717, 6 33 0, S_0x5ba7aebdf6a0;
 .timescale -9 -12;
    .port_info 0 /OUTPUT 1 "gated_clk";
    .port_info 1 /INPUT 1 "free_clk";
    .port_info 2 /INPUT 1 "func_en";
    .port_info 3 /INPUT 1 "pwr_en";
    .port_info 4 /INPUT 1 "gating_override";
L_0x5ba7aec649f0 .functor BUFZ 1, L_0x5ba7aec64620, C4<0>, C4<0>, C4<0>;
v0x5ba7aec179f0_0 .net "free_clk", 0 0, L_0x5ba7aec64620;  alias, 1 drivers
L_0x78855ab593d8 .functor BUFT 1, C4<1>, C4<0>, C4<0>, C4<0>;
v0x5ba7aec17b40_0 .net "func_en", 0 0, L_0x78855ab593d8;  1 drivers
v0x5ba7aec17c00_0 .net "gated_clk", 0 0, L_0x5ba7aec649f0;  alias, 1 drivers
L_0x78855ab59420 .functor BUFT 1, C4<0>, C4<0>, C4<0>, C4<0>;
v0x5ba7aec17ca0_0 .net "gating_override", 0 0, L_0x78855ab59420;  1 drivers
v0x5ba7aec17d60_0 .net "pwr_en", 0 0, v0x5ba7aec22fd0_0;  1 drivers
S_0x5ba7aec17ec0 .scope module, "gen_clkP_CPU_rs1_valid_a2" "clk_gate" 5 718, 6 33 0, S_0x5ba7aebdf6a0;
 .timescale -9 -12;
    .port_info 0 /OUTPUT 1 "gated_clk";
    .port_info 1 /INPUT 1 "free_clk";
    .port_info 2 /INPUT 1 "func_en";
    .port_info 3 /INPUT 1 "pwr_en";
    .port_info 4 /INPUT 1 "gating_override";
L_0x5ba7aec64ae0 .functor BUFZ 1, L_0x5ba7aec64620, C4<0>, C4<0>, C4<0>;
v0x5ba7aec18120_0 .net "free_clk", 0 0, L_0x5ba7aec64620;  alias, 1 drivers
L_0x78855ab59468 .functor BUFT 1, C4<1>, C4<0>, C4<0>, C4<0>;
v0x5ba7aec181e0_0 .net "func_en", 0 0, L_0x78855ab59468;  1 drivers
v0x5ba7aec182a0_0 .net "gated_clk", 0 0, L_0x5ba7aec64ae0;  alias, 1 drivers
L_0x78855ab594b0 .functor BUFT 1, C4<0>, C4<0>, C4<0>, C4<0>;
v0x5ba7aec18340_0 .net "gating_override", 0 0, L_0x78855ab594b0;  1 drivers
v0x5ba7aec18400_0 .net "pwr_en", 0 0, L_0x5ba7aec700e0;  alias, 1 drivers
S_0x5ba7aec185b0 .scope module, "gen_clkP_CPU_rs2_valid_a2" "clk_gate" 5 719, 6 33 0, S_0x5ba7aebdf6a0;
 .timescale -9 -12;
    .port_info 0 /OUTPUT 1 "gated_clk";
    .port_info 1 /INPUT 1 "free_clk";
    .port_info 2 /INPUT 1 "func_en";
    .port_info 3 /INPUT 1 "pwr_en";
    .port_info 4 /INPUT 1 "gating_override";
L_0x5ba7aec64bd0 .functor BUFZ 1, L_0x5ba7aec64620, C4<0>, C4<0>, C4<0>;
v0x5ba7aec18810_0 .net "free_clk", 0 0, L_0x5ba7aec64620;  alias, 1 drivers
L_0x78855ab594f8 .functor BUFT 1, C4<1>, C4<0>, C4<0>, C4<0>;
v0x5ba7aec188d0_0 .net "func_en", 0 0, L_0x78855ab594f8;  1 drivers
v0x5ba7aec18990_0 .net "gated_clk", 0 0, L_0x5ba7aec64bd0;  alias, 1 drivers
L_0x78855ab59540 .functor BUFT 1, C4<0>, C4<0>, C4<0>, C4<0>;
v0x5ba7aec18a30_0 .net "gating_override", 0 0, L_0x78855ab59540;  1 drivers
v0x5ba7aec18af0_0 .net "pwr_en", 0 0, L_0x5ba7aec6fdc0;  alias, 1 drivers
S_0x5ba7aec39d40 .scope module, "dac" "avsddac" 3 32, 7 1 0, S_0x5ba7aebe0460;
 .timescale -9 -12;
    .port_info 0 /OUTPUT 1 "OUT";
    .port_info 1 /INPUT 10 "D";
    .port_info 2 /INPUT 1 "VREFH";
    .port_info 3 /INPUT 1 "VREFL";
v0x5ba7aec39f30_0 .net "D", 9 0, v0x5ba7aec25070_0;  alias, 1 drivers
v0x5ba7aec3a040_0 .net "Dext", 10 0, L_0x5ba7aec84d50;  1 drivers
L_0x78855ab5b670 .functor BUFT 1, C4<1>, C4<0>, C4<0>, C4<0>;
v0x5ba7aec3a100_0 .net "EN", 0 0, L_0x78855ab5b670;  1 drivers
v0x5ba7aec3a1d0_0 .var/real "NaN", 0 0;
v0x5ba7aec3a290_0 .var/real "OUT", 0 0;
v0x5ba7aec3a3a0_0 .net/real "VREFH", 0 0, L_0x5ba7aec84ee0;  1 drivers
o0x78855abacd88 .functor BUFZ 1, Cr<m0gfc1>; HiZ drive
v0x5ba7aec3a460_0 .net/real "VREFL", 0 0, o0x78855abacd88;  0 drivers
L_0x78855ab5b628 .functor BUFT 1, C4<0>, C4<0>, C4<0>, C4<0>;
v0x5ba7aec3a520_0 .net/2u *"_ivl_0", 0 0, L_0x78855ab5b628;  1 drivers
E_0x5ba7aebdd5b0 .event edge, v0x5ba7aec3a460_0, v0x5ba7aec3a3a0_0, v0x5ba7aec3a100_0, v0x5ba7aec25070_0;
L_0x5ba7aec84d50 .concat [ 10 1 0 0], v0x5ba7aec25070_0, L_0x78855ab5b628;
S_0x5ba7aec3a680 .scope module, "pll" "avsdpll" 3 24, 8 1 0, S_0x5ba7aebe0460;
 .timescale -9 -12;
    .port_info 0 /OUTPUT 1 "CLK";
    .port_info 1 /INPUT 1 "VCO_IN";
    .port_info 2 /INPUT 1 "ENb_CP";
    .port_info 3 /INPUT 1 "ENb_VCO";
    .port_info 4 /INPUT 1 "REF";
v0x5ba7aec3a950_0 .var "CLK", 0 0;
v0x5ba7aec3aa40_0 .net "ENb_CP", 0 0, v0x5ba7aec3b7f0_0;  alias, 1 drivers
v0x5ba7aec3aae0_0 .net "ENb_VCO", 0 0, v0x5ba7aec3b8b0_0;  alias, 1 drivers
v0x5ba7aec3abb0_0 .net "REF", 0 0, v0x5ba7aec3ba60_0;  alias, 1 drivers
v0x5ba7aec3ac70_0 .net "VCO_IN", 0 0, v0x5ba7aec3bb50_0;  alias, 1 drivers
v0x5ba7aec3ad80_0 .var/real "lastedge", 0 0;
v0x5ba7aec3ae40_0 .var/real "period", 0 0;
v0x5ba7aec3af00_0 .var/real "refpd", 0 0;
E_0x5ba7aebdc550 .event posedge, v0x5ba7aec3abb0_0;
E_0x5ba7aebdaea0 .event edge, v0x5ba7aec3aae0_0, v0x5ba7aec18ca0_0;
    .scope S_0x5ba7aec0d4c0;
T_0 ;
    %wait E_0x5ba7aeae6140;
    %ix/load 4, 0, 0;
    %flag_set/imm 4, 0;
    %load/vec4a v0x5ba7aec18d80, 4;
    %ix/load 3, 0, 0;
    %flag_set/imm 4, 0;
    %ix/load 4, 0, 0; Constant delay
    %assign/vec4/a/d v0x5ba7aec190d0, 0, 4;
    %jmp T_0;
    .thread T_0;
    .scope S_0x5ba7aec0d770;
T_1 ;
    %wait E_0x5ba7aeae6140;
    %ix/load 4, 1, 0;
    %flag_set/imm 4, 0;
    %load/vec4a v0x5ba7aec18d80, 4;
    %ix/load 3, 1, 0;
    %flag_set/imm 4, 0;
    %ix/load 4, 0, 0; Constant delay
    %assign/vec4/a/d v0x5ba7aec190d0, 0, 4;
    %jmp T_1;
    .thread T_1;
    .scope S_0x5ba7aec0da50;
T_2 ;
    %wait E_0x5ba7aeae6140;
    %ix/load 4, 2, 0;
    %flag_set/imm 4, 0;
    %load/vec4a v0x5ba7aec18d80, 4;
    %ix/load 3, 2, 0;
    %flag_set/imm 4, 0;
    %ix/load 4, 0, 0; Constant delay
    %assign/vec4/a/d v0x5ba7aec190d0, 0, 4;
    %jmp T_2;
    .thread T_2;
    .scope S_0x5ba7aec0dd10;
T_3 ;
    %wait E_0x5ba7aeae6140;
    %ix/load 4, 3, 0;
    %flag_set/imm 4, 0;
    %load/vec4a v0x5ba7aec18d80, 4;
    %ix/load 3, 3, 0;
    %flag_set/imm 4, 0;
    %ix/load 4, 0, 0; Constant delay
    %assign/vec4/a/d v0x5ba7aec190d0, 0, 4;
    %jmp T_3;
    .thread T_3;
    .scope S_0x5ba7aec0e3a0;
T_4 ;
    %wait E_0x5ba7aeae6140;
    %ix/load 4, 4, 0;
    %flag_set/imm 4, 0;
    %load/vec4a v0x5ba7aec18d80, 4;
    %ix/load 3, 4, 0;
    %flag_set/imm 4, 0;
    %ix/load 4, 0, 0; Constant delay
    %assign/vec4/a/d v0x5ba7aec190d0, 0, 4;
    %jmp T_4;
    .thread T_4;
    .scope S_0x5ba7aec0e620;
T_5 ;
    %wait E_0x5ba7aeae6140;
    %ix/load 4, 5, 0;
    %flag_set/imm 4, 0;
    %load/vec4a v0x5ba7aec18d80, 4;
    %ix/load 3, 5, 0;
    %flag_set/imm 4, 0;
    %ix/load 4, 0, 0; Constant delay
    %assign/vec4/a/d v0x5ba7aec190d0, 0, 4;
    %jmp T_5;
    .thread T_5;
    .scope S_0x5ba7aec0e8a0;
T_6 ;
    %wait E_0x5ba7aeae6140;
    %ix/load 4, 6, 0;
    %flag_set/imm 4, 0;
    %load/vec4a v0x5ba7aec18d80, 4;
    %ix/load 3, 6, 0;
    %flag_set/imm 4, 0;
    %ix/load 4, 0, 0; Constant delay
    %assign/vec4/a/d v0x5ba7aec190d0, 0, 4;
    %jmp T_6;
    .thread T_6;
    .scope S_0x5ba7aec0eb20;
T_7 ;
    %wait E_0x5ba7aeae6140;
    %ix/load 4, 7, 0;
    %flag_set/imm 4, 0;
    %load/vec4a v0x5ba7aec18d80, 4;
    %ix/load 3, 7, 0;
    %flag_set/imm 4, 0;
    %ix/load 4, 0, 0; Constant delay
    %assign/vec4/a/d v0x5ba7aec190d0, 0, 4;
    %jmp T_7;
    .thread T_7;
    .scope S_0x5ba7aec0eda0;
T_8 ;
    %wait E_0x5ba7aeae6140;
    %ix/load 4, 8, 0;
    %flag_set/imm 4, 0;
    %load/vec4a v0x5ba7aec18d80, 4;
    %ix/load 3, 8, 0;
    %flag_set/imm 4, 0;
    %ix/load 4, 0, 0; Constant delay
    %assign/vec4/a/d v0x5ba7aec190d0, 0, 4;
    %jmp T_8;
    .thread T_8;
    .scope S_0x5ba7aec0f060;
T_9 ;
    %wait E_0x5ba7aeae6140;
    %ix/load 4, 9, 0;
    %flag_set/imm 4, 0;
    %load/vec4a v0x5ba7aec18d80, 4;
    %ix/load 3, 9, 0;
    %flag_set/imm 4, 0;
    %ix/load 4, 0, 0; Constant delay
    %assign/vec4/a/d v0x5ba7aec190d0, 0, 4;
    %jmp T_9;
    .thread T_9;
    .scope S_0x5ba7aec0f320;
T_10 ;
    %wait E_0x5ba7aeae6140;
    %ix/load 4, 10, 0;
    %flag_set/imm 4, 0;
    %load/vec4a v0x5ba7aec18d80, 4;
    %ix/load 3, 10, 0;
    %flag_set/imm 4, 0;
    %ix/load 4, 0, 0; Constant delay
    %assign/vec4/a/d v0x5ba7aec190d0, 0, 4;
    %jmp T_10;
    .thread T_10;
    .scope S_0x5ba7aec0f5e0;
T_11 ;
    %wait E_0x5ba7aeae6140;
    %ix/load 4, 11, 0;
    %flag_set/imm 4, 0;
    %load/vec4a v0x5ba7aec18d80, 4;
    %ix/load 3, 11, 0;
    %flag_set/imm 4, 0;
    %ix/load 4, 0, 0; Constant delay
    %assign/vec4/a/d v0x5ba7aec190d0, 0, 4;
    %jmp T_11;
    .thread T_11;
    .scope S_0x5ba7aec0f8a0;
T_12 ;
    %wait E_0x5ba7aeae6140;
    %ix/load 4, 12, 0;
    %flag_set/imm 4, 0;
    %load/vec4a v0x5ba7aec18d80, 4;
    %ix/load 3, 12, 0;
    %flag_set/imm 4, 0;
    %ix/load 4, 0, 0; Constant delay
    %assign/vec4/a/d v0x5ba7aec190d0, 0, 4;
    %jmp T_12;
    .thread T_12;
    .scope S_0x5ba7aec0fb60;
T_13 ;
    %wait E_0x5ba7aeae6140;
    %ix/load 4, 13, 0;
    %flag_set/imm 4, 0;
    %load/vec4a v0x5ba7aec18d80, 4;
    %ix/load 3, 13, 0;
    %flag_set/imm 4, 0;
    %ix/load 4, 0, 0; Constant delay
    %assign/vec4/a/d v0x5ba7aec190d0, 0, 4;
    %jmp T_13;
    .thread T_13;
    .scope S_0x5ba7aec0fe20;
T_14 ;
    %wait E_0x5ba7aeae6140;
    %ix/load 4, 14, 0;
    %flag_set/imm 4, 0;
    %load/vec4a v0x5ba7aec18d80, 4;
    %ix/load 3, 14, 0;
    %flag_set/imm 4, 0;
    %ix/load 4, 0, 0; Constant delay
    %assign/vec4/a/d v0x5ba7aec190d0, 0, 4;
    %jmp T_14;
    .thread T_14;
    .scope S_0x5ba7aec100e0;
T_15 ;
    %wait E_0x5ba7aeae6140;
    %ix/load 4, 15, 0;
    %flag_set/imm 4, 0;
    %load/vec4a v0x5ba7aec18d80, 4;
    %ix/load 3, 15, 0;
    %flag_set/imm 4, 0;
    %ix/load 4, 0, 0; Constant delay
    %assign/vec4/a/d v0x5ba7aec190d0, 0, 4;
    %jmp T_15;
    .thread T_15;
    .scope S_0x5ba7aec103a0;
T_16 ;
    %wait E_0x5ba7aeae6140;
    %ix/load 4, 0, 0;
    %flag_set/imm 4, 0;
    %load/vec4a v0x5ba7aec19660, 4;
    %ix/load 3, 0, 0;
    %flag_set/imm 4, 0;
    %ix/load 4, 0, 0; Constant delay
    %assign/vec4/a/d v0x5ba7aec19b70, 0, 4;
    %jmp T_16;
    .thread T_16;
    .scope S_0x5ba7aec103a0;
T_17 ;
    %wait E_0x5ba7aeae6140;
    %ix/load 4, 0, 0;
    %flag_set/imm 4, 0;
    %load/vec4a v0x5ba7aec19b70, 4;
    %ix/load 3, 0, 0;
    %flag_set/imm 4, 0;
    %ix/load 4, 0, 0; Constant delay
    %assign/vec4/a/d v0x5ba7aec1a030, 0, 4;
    %jmp T_17;
    .thread T_17;
    .scope S_0x5ba7aec10660;
T_18 ;
    %wait E_0x5ba7aeae6140;
    %ix/load 4, 1, 0;
    %flag_set/imm 4, 0;
    %load/vec4a v0x5ba7aec19660, 4;
    %ix/load 3, 1, 0;
    %flag_set/imm 4, 0;
    %ix/load 4, 0, 0; Constant delay
    %assign/vec4/a/d v0x5ba7aec19b70, 0, 4;
    %jmp T_18;
    .thread T_18;
    .scope S_0x5ba7aec10660;
T_19 ;
    %wait E_0x5ba7aeae6140;
    %ix/load 4, 1, 0;
    %flag_set/imm 4, 0;
    %load/vec4a v0x5ba7aec19b70, 4;
    %ix/load 3, 1, 0;
    %flag_set/imm 4, 0;
    %ix/load 4, 0, 0; Constant delay
    %assign/vec4/a/d v0x5ba7aec1a030, 0, 4;
    %jmp T_19;
    .thread T_19;
    .scope S_0x5ba7aec10920;
T_20 ;
    %wait E_0x5ba7aeae6140;
    %ix/load 4, 2, 0;
    %flag_set/imm 4, 0;
    %load/vec4a v0x5ba7aec19660, 4;
    %ix/load 3, 2, 0;
    %flag_set/imm 4, 0;
    %ix/load 4, 0, 0; Constant delay
    %assign/vec4/a/d v0x5ba7aec19b70, 0, 4;
    %jmp T_20;
    .thread T_20;
    .scope S_0x5ba7aec10920;
T_21 ;
    %wait E_0x5ba7aeae6140;
    %ix/load 4, 2, 0;
    %flag_set/imm 4, 0;
    %load/vec4a v0x5ba7aec19b70, 4;
    %ix/load 3, 2, 0;
    %flag_set/imm 4, 0;
    %ix/load 4, 0, 0; Constant delay
    %assign/vec4/a/d v0x5ba7aec1a030, 0, 4;
    %jmp T_21;
    .thread T_21;
    .scope S_0x5ba7aec10be0;
T_22 ;
    %wait E_0x5ba7aeae6140;
    %ix/load 4, 3, 0;
    %flag_set/imm 4, 0;
    %load/vec4a v0x5ba7aec19660, 4;
    %ix/load 3, 3, 0;
    %flag_set/imm 4, 0;
    %ix/load 4, 0, 0; Constant delay
    %assign/vec4/a/d v0x5ba7aec19b70, 0, 4;
    %jmp T_22;
    .thread T_22;
    .scope S_0x5ba7aec10be0;
T_23 ;
    %wait E_0x5ba7aeae6140;
    %ix/load 4, 3, 0;
    %flag_set/imm 4, 0;
    %load/vec4a v0x5ba7aec19b70, 4;
    %ix/load 3, 3, 0;
    %flag_set/imm 4, 0;
    %ix/load 4, 0, 0; Constant delay
    %assign/vec4/a/d v0x5ba7aec1a030, 0, 4;
    %jmp T_23;
    .thread T_23;
    .scope S_0x5ba7aec10ea0;
T_24 ;
    %wait E_0x5ba7aeae6140;
    %ix/load 4, 4, 0;
    %flag_set/imm 4, 0;
    %load/vec4a v0x5ba7aec19660, 4;
    %ix/load 3, 4, 0;
    %flag_set/imm 4, 0;
    %ix/load 4, 0, 0; Constant delay
    %assign/vec4/a/d v0x5ba7aec19b70, 0, 4;
    %jmp T_24;
    .thread T_24;
    .scope S_0x5ba7aec10ea0;
T_25 ;
    %wait E_0x5ba7aeae6140;
    %ix/load 4, 4, 0;
    %flag_set/imm 4, 0;
    %load/vec4a v0x5ba7aec19b70, 4;
    %ix/load 3, 4, 0;
    %flag_set/imm 4, 0;
    %ix/load 4, 0, 0; Constant delay
    %assign/vec4/a/d v0x5ba7aec1a030, 0, 4;
    %jmp T_25;
    .thread T_25;
    .scope S_0x5ba7aec11160;
T_26 ;
    %wait E_0x5ba7aeae6140;
    %ix/load 4, 5, 0;
    %flag_set/imm 4, 0;
    %load/vec4a v0x5ba7aec19660, 4;
    %ix/load 3, 5, 0;
    %flag_set/imm 4, 0;
    %ix/load 4, 0, 0; Constant delay
    %assign/vec4/a/d v0x5ba7aec19b70, 0, 4;
    %jmp T_26;
    .thread T_26;
    .scope S_0x5ba7aec11160;
T_27 ;
    %wait E_0x5ba7aeae6140;
    %ix/load 4, 5, 0;
    %flag_set/imm 4, 0;
    %load/vec4a v0x5ba7aec19b70, 4;
    %ix/load 3, 5, 0;
    %flag_set/imm 4, 0;
    %ix/load 4, 0, 0; Constant delay
    %assign/vec4/a/d v0x5ba7aec1a030, 0, 4;
    %jmp T_27;
    .thread T_27;
    .scope S_0x5ba7aec11420;
T_28 ;
    %wait E_0x5ba7aeae6140;
    %ix/load 4, 6, 0;
    %flag_set/imm 4, 0;
    %load/vec4a v0x5ba7aec19660, 4;
    %ix/load 3, 6, 0;
    %flag_set/imm 4, 0;
    %ix/load 4, 0, 0; Constant delay
    %assign/vec4/a/d v0x5ba7aec19b70, 0, 4;
    %jmp T_28;
    .thread T_28;
    .scope S_0x5ba7aec11420;
T_29 ;
    %wait E_0x5ba7aeae6140;
    %ix/load 4, 6, 0;
    %flag_set/imm 4, 0;
    %load/vec4a v0x5ba7aec19b70, 4;
    %ix/load 3, 6, 0;
    %flag_set/imm 4, 0;
    %ix/load 4, 0, 0; Constant delay
    %assign/vec4/a/d v0x5ba7aec1a030, 0, 4;
    %jmp T_29;
    .thread T_29;
    .scope S_0x5ba7aec116e0;
T_30 ;
    %wait E_0x5ba7aeae6140;
    %ix/load 4, 7, 0;
    %flag_set/imm 4, 0;
    %load/vec4a v0x5ba7aec19660, 4;
    %ix/load 3, 7, 0;
    %flag_set/imm 4, 0;
    %ix/load 4, 0, 0; Constant delay
    %assign/vec4/a/d v0x5ba7aec19b70, 0, 4;
    %jmp T_30;
    .thread T_30;
    .scope S_0x5ba7aec116e0;
T_31 ;
    %wait E_0x5ba7aeae6140;
    %ix/load 4, 7, 0;
    %flag_set/imm 4, 0;
    %load/vec4a v0x5ba7aec19b70, 4;
    %ix/load 3, 7, 0;
    %flag_set/imm 4, 0;
    %ix/load 4, 0, 0; Constant delay
    %assign/vec4/a/d v0x5ba7aec1a030, 0, 4;
    %jmp T_31;
    .thread T_31;
    .scope S_0x5ba7aec119a0;
T_32 ;
    %wait E_0x5ba7aeae6140;
    %ix/load 4, 8, 0;
    %flag_set/imm 4, 0;
    %load/vec4a v0x5ba7aec19660, 4;
    %ix/load 3, 8, 0;
    %flag_set/imm 4, 0;
    %ix/load 4, 0, 0; Constant delay
    %assign/vec4/a/d v0x5ba7aec19b70, 0, 4;
    %jmp T_32;
    .thread T_32;
    .scope S_0x5ba7aec119a0;
T_33 ;
    %wait E_0x5ba7aeae6140;
    %ix/load 4, 8, 0;
    %flag_set/imm 4, 0;
    %load/vec4a v0x5ba7aec19b70, 4;
    %ix/load 3, 8, 0;
    %flag_set/imm 4, 0;
    %ix/load 4, 0, 0; Constant delay
    %assign/vec4/a/d v0x5ba7aec1a030, 0, 4;
    %jmp T_33;
    .thread T_33;
    .scope S_0x5ba7aec11c60;
T_34 ;
    %wait E_0x5ba7aeae6140;
    %ix/load 4, 9, 0;
    %flag_set/imm 4, 0;
    %load/vec4a v0x5ba7aec19660, 4;
    %ix/load 3, 9, 0;
    %flag_set/imm 4, 0;
    %ix/load 4, 0, 0; Constant delay
    %assign/vec4/a/d v0x5ba7aec19b70, 0, 4;
    %jmp T_34;
    .thread T_34;
    .scope S_0x5ba7aec11c60;
T_35 ;
    %wait E_0x5ba7aeae6140;
    %ix/load 4, 9, 0;
    %flag_set/imm 4, 0;
    %load/vec4a v0x5ba7aec19b70, 4;
    %ix/load 3, 9, 0;
    %flag_set/imm 4, 0;
    %ix/load 4, 0, 0; Constant delay
    %assign/vec4/a/d v0x5ba7aec1a030, 0, 4;
    %jmp T_35;
    .thread T_35;
    .scope S_0x5ba7aec11f20;
T_36 ;
    %wait E_0x5ba7aeae6140;
    %ix/load 4, 10, 0;
    %flag_set/imm 4, 0;
    %load/vec4a v0x5ba7aec19660, 4;
    %ix/load 3, 10, 0;
    %flag_set/imm 4, 0;
    %ix/load 4, 0, 0; Constant delay
    %assign/vec4/a/d v0x5ba7aec19b70, 0, 4;
    %jmp T_36;
    .thread T_36;
    .scope S_0x5ba7aec11f20;
T_37 ;
    %wait E_0x5ba7aeae6140;
    %ix/load 4, 10, 0;
    %flag_set/imm 4, 0;
    %load/vec4a v0x5ba7aec19b70, 4;
    %ix/load 3, 10, 0;
    %flag_set/imm 4, 0;
    %ix/load 4, 0, 0; Constant delay
    %assign/vec4/a/d v0x5ba7aec1a030, 0, 4;
    %jmp T_37;
    .thread T_37;
    .scope S_0x5ba7aec121e0;
T_38 ;
    %wait E_0x5ba7aeae6140;
    %ix/load 4, 11, 0;
    %flag_set/imm 4, 0;
    %load/vec4a v0x5ba7aec19660, 4;
    %ix/load 3, 11, 0;
    %flag_set/imm 4, 0;
    %ix/load 4, 0, 0; Constant delay
    %assign/vec4/a/d v0x5ba7aec19b70, 0, 4;
    %jmp T_38;
    .thread T_38;
    .scope S_0x5ba7aec121e0;
T_39 ;
    %wait E_0x5ba7aeae6140;
    %ix/load 4, 11, 0;
    %flag_set/imm 4, 0;
    %load/vec4a v0x5ba7aec19b70, 4;
    %ix/load 3, 11, 0;
    %flag_set/imm 4, 0;
    %ix/load 4, 0, 0; Constant delay
    %assign/vec4/a/d v0x5ba7aec1a030, 0, 4;
    %jmp T_39;
    .thread T_39;
    .scope S_0x5ba7aec124a0;
T_40 ;
    %wait E_0x5ba7aeae6140;
    %ix/load 4, 12, 0;
    %flag_set/imm 4, 0;
    %load/vec4a v0x5ba7aec19660, 4;
    %ix/load 3, 12, 0;
    %flag_set/imm 4, 0;
    %ix/load 4, 0, 0; Constant delay
    %assign/vec4/a/d v0x5ba7aec19b70, 0, 4;
    %jmp T_40;
    .thread T_40;
    .scope S_0x5ba7aec124a0;
T_41 ;
    %wait E_0x5ba7aeae6140;
    %ix/load 4, 12, 0;
    %flag_set/imm 4, 0;
    %load/vec4a v0x5ba7aec19b70, 4;
    %ix/load 3, 12, 0;
    %flag_set/imm 4, 0;
    %ix/load 4, 0, 0; Constant delay
    %assign/vec4/a/d v0x5ba7aec1a030, 0, 4;
    %jmp T_41;
    .thread T_41;
    .scope S_0x5ba7aec12760;
T_42 ;
    %wait E_0x5ba7aeae6140;
    %ix/load 4, 13, 0;
    %flag_set/imm 4, 0;
    %load/vec4a v0x5ba7aec19660, 4;
    %ix/load 3, 13, 0;
    %flag_set/imm 4, 0;
    %ix/load 4, 0, 0; Constant delay
    %assign/vec4/a/d v0x5ba7aec19b70, 0, 4;
    %jmp T_42;
    .thread T_42;
    .scope S_0x5ba7aec12760;
T_43 ;
    %wait E_0x5ba7aeae6140;
    %ix/load 4, 13, 0;
    %flag_set/imm 4, 0;
    %load/vec4a v0x5ba7aec19b70, 4;
    %ix/load 3, 13, 0;
    %flag_set/imm 4, 0;
    %ix/load 4, 0, 0; Constant delay
    %assign/vec4/a/d v0x5ba7aec1a030, 0, 4;
    %jmp T_43;
    .thread T_43;
    .scope S_0x5ba7aec12a20;
T_44 ;
    %wait E_0x5ba7aeae6140;
    %ix/load 4, 14, 0;
    %flag_set/imm 4, 0;
    %load/vec4a v0x5ba7aec19660, 4;
    %ix/load 3, 14, 0;
    %flag_set/imm 4, 0;
    %ix/load 4, 0, 0; Constant delay
    %assign/vec4/a/d v0x5ba7aec19b70, 0, 4;
    %jmp T_44;
    .thread T_44;
    .scope S_0x5ba7aec12a20;
T_45 ;
    %wait E_0x5ba7aeae6140;
    %ix/load 4, 14, 0;
    %flag_set/imm 4, 0;
    %load/vec4a v0x5ba7aec19b70, 4;
    %ix/load 3, 14, 0;
    %flag_set/imm 4, 0;
    %ix/load 4, 0, 0; Constant delay
    %assign/vec4/a/d v0x5ba7aec1a030, 0, 4;
    %jmp T_45;
    .thread T_45;
    .scope S_0x5ba7aec12ce0;
T_46 ;
    %wait E_0x5ba7aeae6140;
    %ix/load 4, 15, 0;
    %flag_set/imm 4, 0;
    %load/vec4a v0x5ba7aec19660, 4;
    %ix/load 3, 15, 0;
    %flag_set/imm 4, 0;
    %ix/load 4, 0, 0; Constant delay
    %assign/vec4/a/d v0x5ba7aec19b70, 0, 4;
    %jmp T_46;
    .thread T_46;
    .scope S_0x5ba7aec12ce0;
T_47 ;
    %wait E_0x5ba7aeae6140;
    %ix/load 4, 15, 0;
    %flag_set/imm 4, 0;
    %load/vec4a v0x5ba7aec19b70, 4;
    %ix/load 3, 15, 0;
    %flag_set/imm 4, 0;
    %ix/load 4, 0, 0; Constant delay
    %assign/vec4/a/d v0x5ba7aec1a030, 0, 4;
    %jmp T_47;
    .thread T_47;
    .scope S_0x5ba7aec12fa0;
T_48 ;
    %wait E_0x5ba7aeae6140;
    %ix/load 4, 16, 0;
    %flag_set/imm 4, 0;
    %load/vec4a v0x5ba7aec19660, 4;
    %ix/load 3, 16, 0;
    %flag_set/imm 4, 0;
    %ix/load 4, 0, 0; Constant delay
    %assign/vec4/a/d v0x5ba7aec19b70, 0, 4;
    %jmp T_48;
    .thread T_48;
    .scope S_0x5ba7aec12fa0;
T_49 ;
    %wait E_0x5ba7aeae6140;
    %ix/load 4, 16, 0;
    %flag_set/imm 4, 0;
    %load/vec4a v0x5ba7aec19b70, 4;
    %ix/load 3, 16, 0;
    %flag_set/imm 4, 0;
    %ix/load 4, 0, 0; Constant delay
    %assign/vec4/a/d v0x5ba7aec1a030, 0, 4;
    %jmp T_49;
    .thread T_49;
    .scope S_0x5ba7aec13260;
T_50 ;
    %wait E_0x5ba7aeae6140;
    %ix/load 4, 17, 0;
    %flag_set/imm 4, 0;
    %load/vec4a v0x5ba7aec19660, 4;
    %ix/load 3, 17, 0;
    %flag_set/imm 4, 0;
    %ix/load 4, 0, 0; Constant delay
    %assign/vec4/a/d v0x5ba7aec19b70, 0, 4;
    %jmp T_50;
    .thread T_50;
    .scope S_0x5ba7aec13260;
T_51 ;
    %wait E_0x5ba7aeae6140;
    %ix/load 4, 17, 0;
    %flag_set/imm 4, 0;
    %load/vec4a v0x5ba7aec19b70, 4;
    %ix/load 3, 17, 0;
    %flag_set/imm 4, 0;
    %ix/load 4, 0, 0; Constant delay
    %assign/vec4/a/d v0x5ba7aec1a030, 0, 4;
    %jmp T_51;
    .thread T_51;
    .scope S_0x5ba7aec13520;
T_52 ;
    %wait E_0x5ba7aeae6140;
    %ix/load 4, 18, 0;
    %flag_set/imm 4, 0;
    %load/vec4a v0x5ba7aec19660, 4;
    %ix/load 3, 18, 0;
    %flag_set/imm 4, 0;
    %ix/load 4, 0, 0; Constant delay
    %assign/vec4/a/d v0x5ba7aec19b70, 0, 4;
    %jmp T_52;
    .thread T_52;
    .scope S_0x5ba7aec13520;
T_53 ;
    %wait E_0x5ba7aeae6140;
    %ix/load 4, 18, 0;
    %flag_set/imm 4, 0;
    %load/vec4a v0x5ba7aec19b70, 4;
    %ix/load 3, 18, 0;
    %flag_set/imm 4, 0;
    %ix/load 4, 0, 0; Constant delay
    %assign/vec4/a/d v0x5ba7aec1a030, 0, 4;
    %jmp T_53;
    .thread T_53;
    .scope S_0x5ba7aec137e0;
T_54 ;
    %wait E_0x5ba7aeae6140;
    %ix/load 4, 19, 0;
    %flag_set/imm 4, 0;
    %load/vec4a v0x5ba7aec19660, 4;
    %ix/load 3, 19, 0;
    %flag_set/imm 4, 0;
    %ix/load 4, 0, 0; Constant delay
    %assign/vec4/a/d v0x5ba7aec19b70, 0, 4;
    %jmp T_54;
    .thread T_54;
    .scope S_0x5ba7aec137e0;
T_55 ;
    %wait E_0x5ba7aeae6140;
    %ix/load 4, 19, 0;
    %flag_set/imm 4, 0;
    %load/vec4a v0x5ba7aec19b70, 4;
    %ix/load 3, 19, 0;
    %flag_set/imm 4, 0;
    %ix/load 4, 0, 0; Constant delay
    %assign/vec4/a/d v0x5ba7aec1a030, 0, 4;
    %jmp T_55;
    .thread T_55;
    .scope S_0x5ba7aec13aa0;
T_56 ;
    %wait E_0x5ba7aeae6140;
    %ix/load 4, 20, 0;
    %flag_set/imm 4, 0;
    %load/vec4a v0x5ba7aec19660, 4;
    %ix/load 3, 20, 0;
    %flag_set/imm 4, 0;
    %ix/load 4, 0, 0; Constant delay
    %assign/vec4/a/d v0x5ba7aec19b70, 0, 4;
    %jmp T_56;
    .thread T_56;
    .scope S_0x5ba7aec13aa0;
T_57 ;
    %wait E_0x5ba7aeae6140;
    %ix/load 4, 20, 0;
    %flag_set/imm 4, 0;
    %load/vec4a v0x5ba7aec19b70, 4;
    %ix/load 3, 20, 0;
    %flag_set/imm 4, 0;
    %ix/load 4, 0, 0; Constant delay
    %assign/vec4/a/d v0x5ba7aec1a030, 0, 4;
    %jmp T_57;
    .thread T_57;
    .scope S_0x5ba7aec13d60;
T_58 ;
    %wait E_0x5ba7aeae6140;
    %ix/load 4, 21, 0;
    %flag_set/imm 4, 0;
    %load/vec4a v0x5ba7aec19660, 4;
    %ix/load 3, 21, 0;
    %flag_set/imm 4, 0;
    %ix/load 4, 0, 0; Constant delay
    %assign/vec4/a/d v0x5ba7aec19b70, 0, 4;
    %jmp T_58;
    .thread T_58;
    .scope S_0x5ba7aec13d60;
T_59 ;
    %wait E_0x5ba7aeae6140;
    %ix/load 4, 21, 0;
    %flag_set/imm 4, 0;
    %load/vec4a v0x5ba7aec19b70, 4;
    %ix/load 3, 21, 0;
    %flag_set/imm 4, 0;
    %ix/load 4, 0, 0; Constant delay
    %assign/vec4/a/d v0x5ba7aec1a030, 0, 4;
    %jmp T_59;
    .thread T_59;
    .scope S_0x5ba7aec14020;
T_60 ;
    %wait E_0x5ba7aeae6140;
    %ix/load 4, 22, 0;
    %flag_set/imm 4, 0;
    %load/vec4a v0x5ba7aec19660, 4;
    %ix/load 3, 22, 0;
    %flag_set/imm 4, 0;
    %ix/load 4, 0, 0; Constant delay
    %assign/vec4/a/d v0x5ba7aec19b70, 0, 4;
    %jmp T_60;
    .thread T_60;
    .scope S_0x5ba7aec14020;
T_61 ;
    %wait E_0x5ba7aeae6140;
    %ix/load 4, 22, 0;
    %flag_set/imm 4, 0;
    %load/vec4a v0x5ba7aec19b70, 4;
    %ix/load 3, 22, 0;
    %flag_set/imm 4, 0;
    %ix/load 4, 0, 0; Constant delay
    %assign/vec4/a/d v0x5ba7aec1a030, 0, 4;
    %jmp T_61;
    .thread T_61;
    .scope S_0x5ba7aec142e0;
T_62 ;
    %wait E_0x5ba7aeae6140;
    %ix/load 4, 23, 0;
    %flag_set/imm 4, 0;
    %load/vec4a v0x5ba7aec19660, 4;
    %ix/load 3, 23, 0;
    %flag_set/imm 4, 0;
    %ix/load 4, 0, 0; Constant delay
    %assign/vec4/a/d v0x5ba7aec19b70, 0, 4;
    %jmp T_62;
    .thread T_62;
    .scope S_0x5ba7aec142e0;
T_63 ;
    %wait E_0x5ba7aeae6140;
    %ix/load 4, 23, 0;
    %flag_set/imm 4, 0;
    %load/vec4a v0x5ba7aec19b70, 4;
    %ix/load 3, 23, 0;
    %flag_set/imm 4, 0;
    %ix/load 4, 0, 0; Constant delay
    %assign/vec4/a/d v0x5ba7aec1a030, 0, 4;
    %jmp T_63;
    .thread T_63;
    .scope S_0x5ba7aec145a0;
T_64 ;
    %wait E_0x5ba7aeae6140;
    %ix/load 4, 24, 0;
    %flag_set/imm 4, 0;
    %load/vec4a v0x5ba7aec19660, 4;
    %ix/load 3, 24, 0;
    %flag_set/imm 4, 0;
    %ix/load 4, 0, 0; Constant delay
    %assign/vec4/a/d v0x5ba7aec19b70, 0, 4;
    %jmp T_64;
    .thread T_64;
    .scope S_0x5ba7aec145a0;
T_65 ;
    %wait E_0x5ba7aeae6140;
    %ix/load 4, 24, 0;
    %flag_set/imm 4, 0;
    %load/vec4a v0x5ba7aec19b70, 4;
    %ix/load 3, 24, 0;
    %flag_set/imm 4, 0;
    %ix/load 4, 0, 0; Constant delay
    %assign/vec4/a/d v0x5ba7aec1a030, 0, 4;
    %jmp T_65;
    .thread T_65;
    .scope S_0x5ba7aec14860;
T_66 ;
    %wait E_0x5ba7aeae6140;
    %ix/load 4, 25, 0;
    %flag_set/imm 4, 0;
    %load/vec4a v0x5ba7aec19660, 4;
    %ix/load 3, 25, 0;
    %flag_set/imm 4, 0;
    %ix/load 4, 0, 0; Constant delay
    %assign/vec4/a/d v0x5ba7aec19b70, 0, 4;
    %jmp T_66;
    .thread T_66;
    .scope S_0x5ba7aec14860;
T_67 ;
    %wait E_0x5ba7aeae6140;
    %ix/load 4, 25, 0;
    %flag_set/imm 4, 0;
    %load/vec4a v0x5ba7aec19b70, 4;
    %ix/load 3, 25, 0;
    %flag_set/imm 4, 0;
    %ix/load 4, 0, 0; Constant delay
    %assign/vec4/a/d v0x5ba7aec1a030, 0, 4;
    %jmp T_67;
    .thread T_67;
    .scope S_0x5ba7aec14b20;
T_68 ;
    %wait E_0x5ba7aeae6140;
    %ix/load 4, 26, 0;
    %flag_set/imm 4, 0;
    %load/vec4a v0x5ba7aec19660, 4;
    %ix/load 3, 26, 0;
    %flag_set/imm 4, 0;
    %ix/load 4, 0, 0; Constant delay
    %assign/vec4/a/d v0x5ba7aec19b70, 0, 4;
    %jmp T_68;
    .thread T_68;
    .scope S_0x5ba7aec14b20;
T_69 ;
    %wait E_0x5ba7aeae6140;
    %ix/load 4, 26, 0;
    %flag_set/imm 4, 0;
    %load/vec4a v0x5ba7aec19b70, 4;
    %ix/load 3, 26, 0;
    %flag_set/imm 4, 0;
    %ix/load 4, 0, 0; Constant delay
    %assign/vec4/a/d v0x5ba7aec1a030, 0, 4;
    %jmp T_69;
    .thread T_69;
    .scope S_0x5ba7aec14de0;
T_70 ;
    %wait E_0x5ba7aeae6140;
    %ix/load 4, 27, 0;
    %flag_set/imm 4, 0;
    %load/vec4a v0x5ba7aec19660, 4;
    %ix/load 3, 27, 0;
    %flag_set/imm 4, 0;
    %ix/load 4, 0, 0; Constant delay
    %assign/vec4/a/d v0x5ba7aec19b70, 0, 4;
    %jmp T_70;
    .thread T_70;
    .scope S_0x5ba7aec14de0;
T_71 ;
    %wait E_0x5ba7aeae6140;
    %ix/load 4, 27, 0;
    %flag_set/imm 4, 0;
    %load/vec4a v0x5ba7aec19b70, 4;
    %ix/load 3, 27, 0;
    %flag_set/imm 4, 0;
    %ix/load 4, 0, 0; Constant delay
    %assign/vec4/a/d v0x5ba7aec1a030, 0, 4;
    %jmp T_71;
    .thread T_71;
    .scope S_0x5ba7aec150a0;
T_72 ;
    %wait E_0x5ba7aeae6140;
    %ix/load 4, 28, 0;
    %flag_set/imm 4, 0;
    %load/vec4a v0x5ba7aec19660, 4;
    %ix/load 3, 28, 0;
    %flag_set/imm 4, 0;
    %ix/load 4, 0, 0; Constant delay
    %assign/vec4/a/d v0x5ba7aec19b70, 0, 4;
    %jmp T_72;
    .thread T_72;
    .scope S_0x5ba7aec150a0;
T_73 ;
    %wait E_0x5ba7aeae6140;
    %ix/load 4, 28, 0;
    %flag_set/imm 4, 0;
    %load/vec4a v0x5ba7aec19b70, 4;
    %ix/load 3, 28, 0;
    %flag_set/imm 4, 0;
    %ix/load 4, 0, 0; Constant delay
    %assign/vec4/a/d v0x5ba7aec1a030, 0, 4;
    %jmp T_73;
    .thread T_73;
    .scope S_0x5ba7aec15360;
T_74 ;
    %wait E_0x5ba7aeae6140;
    %ix/load 4, 29, 0;
    %flag_set/imm 4, 0;
    %load/vec4a v0x5ba7aec19660, 4;
    %ix/load 3, 29, 0;
    %flag_set/imm 4, 0;
    %ix/load 4, 0, 0; Constant delay
    %assign/vec4/a/d v0x5ba7aec19b70, 0, 4;
    %jmp T_74;
    .thread T_74;
    .scope S_0x5ba7aec15360;
T_75 ;
    %wait E_0x5ba7aeae6140;
    %ix/load 4, 29, 0;
    %flag_set/imm 4, 0;
    %load/vec4a v0x5ba7aec19b70, 4;
    %ix/load 3, 29, 0;
    %flag_set/imm 4, 0;
    %ix/load 4, 0, 0; Constant delay
    %assign/vec4/a/d v0x5ba7aec1a030, 0, 4;
    %jmp T_75;
    .thread T_75;
    .scope S_0x5ba7aec15620;
T_76 ;
    %wait E_0x5ba7aeae6140;
    %ix/load 4, 30, 0;
    %flag_set/imm 4, 0;
    %load/vec4a v0x5ba7aec19660, 4;
    %ix/load 3, 30, 0;
    %flag_set/imm 4, 0;
    %ix/load 4, 0, 0; Constant delay
    %assign/vec4/a/d v0x5ba7aec19b70, 0, 4;
    %jmp T_76;
    .thread T_76;
    .scope S_0x5ba7aec15620;
T_77 ;
    %wait E_0x5ba7aeae6140;
    %ix/load 4, 30, 0;
    %flag_set/imm 4, 0;
    %load/vec4a v0x5ba7aec19b70, 4;
    %ix/load 3, 30, 0;
    %flag_set/imm 4, 0;
    %ix/load 4, 0, 0; Constant delay
    %assign/vec4/a/d v0x5ba7aec1a030, 0, 4;
    %jmp T_77;
    .thread T_77;
    .scope S_0x5ba7aec158e0;
T_78 ;
    %wait E_0x5ba7aeae6140;
    %ix/load 4, 31, 0;
    %flag_set/imm 4, 0;
    %load/vec4a v0x5ba7aec19660, 4;
    %ix/load 3, 31, 0;
    %flag_set/imm 4, 0;
    %ix/load 4, 0, 0; Constant delay
    %assign/vec4/a/d v0x5ba7aec19b70, 0, 4;
    %jmp T_78;
    .thread T_78;
    .scope S_0x5ba7aec158e0;
T_79 ;
    %wait E_0x5ba7aeae6140;
    %ix/load 4, 31, 0;
    %flag_set/imm 4, 0;
    %load/vec4a v0x5ba7aec19b70, 4;
    %ix/load 3, 31, 0;
    %flag_set/imm 4, 0;
    %ix/load 4, 0, 0; Constant delay
    %assign/vec4/a/d v0x5ba7aec1a030, 0, 4;
    %jmp T_79;
    .thread T_79;
    .scope S_0x5ba7aebdf6a0;
T_80 ;
    %wait E_0x5ba7aeae6140;
    %load/vec4 v0x5ba7aec1a0f0_0;
    %assign/vec4 v0x5ba7aec1a1d0_0, 0;
    %jmp T_80;
    .thread T_80;
    .scope S_0x5ba7aebdf6a0;
T_81 ;
    %wait E_0x5ba7aebdcad0;
    %load/vec4 v0x5ba7aec39940_0;
    %assign/vec4 v0x5ba7aec1a500_0, 0;
    %jmp T_81;
    .thread T_81;
    .scope S_0x5ba7aebdf6a0;
T_82 ;
    %wait E_0x5ba7aeae6140;
    %load/vec4 v0x5ba7aec1ac50_0;
    %assign/vec4 v0x5ba7aec1ad30_0, 0;
    %jmp T_82;
    .thread T_82;
    .scope S_0x5ba7aebdf6a0;
T_83 ;
    %wait E_0x5ba7aeae6140;
    %load/vec4 v0x5ba7aec1aef0_0;
    %assign/vec4 v0x5ba7aec1afb0_0, 0;
    %jmp T_83;
    .thread T_83;
    .scope S_0x5ba7aebdf6a0;
T_84 ;
    %wait E_0x5ba7aeae6140;
    %load/vec4 v0x5ba7aec1b070_0;
    %assign/vec4 v0x5ba7aec1b150_0, 0;
    %jmp T_84;
    .thread T_84;
    .scope S_0x5ba7aebdf6a0;
T_85 ;
    %wait E_0x5ba7aeae6140;
    %load/vec4 v0x5ba7aec1b150_0;
    %assign/vec4 v0x5ba7aec1b230_0, 0;
    %jmp T_85;
    .thread T_85;
    .scope S_0x5ba7aebdf6a0;
T_86 ;
    %wait E_0x5ba7aeae6140;
    %load/vec4 v0x5ba7aec1b310_0;
    %assign/vec4 v0x5ba7aec1b3f0_0, 0;
    %jmp T_86;
    .thread T_86;
    .scope S_0x5ba7aebdf6a0;
T_87 ;
    %wait E_0x5ba7aeae6140;
    %load/vec4 v0x5ba7aec1b3f0_0;
    %assign/vec4 v0x5ba7aec1b4d0_0, 0;
    %jmp T_87;
    .thread T_87;
    .scope S_0x5ba7aebdf6a0;
T_88 ;
    %wait E_0x5ba7aeae6140;
    %load/vec4 v0x5ba7aec1b690_0;
    %assign/vec4 v0x5ba7aec1b750_0, 0;
    %jmp T_88;
    .thread T_88;
    .scope S_0x5ba7aebdf6a0;
T_89 ;
    %wait E_0x5ba7aeae6140;
    %load/vec4 v0x5ba7aec1b750_0;
    %assign/vec4 v0x5ba7aec1b810_0, 0;
    %jmp T_89;
    .thread T_89;
    .scope S_0x5ba7aebdf6a0;
T_90 ;
    %wait E_0x5ba7aeae6140;
    %load/vec4 v0x5ba7aec1b8d0_0;
    %assign/vec4 v0x5ba7aec1b990_0, 0;
    %jmp T_90;
    .thread T_90;
    .scope S_0x5ba7aebdf6a0;
T_91 ;
    %wait E_0x5ba7aeae6140;
    %load/vec4 v0x5ba7aec1b990_0;
    %assign/vec4 v0x5ba7aec1ba50_0, 0;
    %jmp T_91;
    .thread T_91;
    .scope S_0x5ba7aebdf6a0;
T_92 ;
    %wait E_0x5ba7aeae6140;
    %load/vec4 v0x5ba7aec1bb10_0;
    %assign/vec4 v0x5ba7aec1bbd0_0, 0;
    %jmp T_92;
    .thread T_92;
    .scope S_0x5ba7aebdf6a0;
T_93 ;
    %wait E_0x5ba7aeae6140;
    %load/vec4 v0x5ba7aec1bbd0_0;
    %assign/vec4 v0x5ba7aec1bc90_0, 0;
    %jmp T_93;
    .thread T_93;
    .scope S_0x5ba7aebdf6a0;
T_94 ;
    %wait E_0x5ba7aeae6140;
    %load/vec4 v0x5ba7aec1bd50_0;
    %assign/vec4 v0x5ba7aec1be10_0, 0;
    %jmp T_94;
    .thread T_94;
    .scope S_0x5ba7aebdf6a0;
T_95 ;
    %wait E_0x5ba7aeae6140;
    %load/vec4 v0x5ba7aec1be10_0;
    %assign/vec4 v0x5ba7aec1bed0_0, 0;
    %jmp T_95;
    .thread T_95;
    .scope S_0x5ba7aebdf6a0;
T_96 ;
    %wait E_0x5ba7aeae6140;
    %load/vec4 v0x5ba7aec1bf90_0;
    %assign/vec4 v0x5ba7aec1c050_0, 0;
    %jmp T_96;
    .thread T_96;
    .scope S_0x5ba7aebdf6a0;
T_97 ;
    %wait E_0x5ba7aeae6140;
    %load/vec4 v0x5ba7aec1c050_0;
    %assign/vec4 v0x5ba7aec1c110_0, 0;
    %jmp T_97;
    .thread T_97;
    .scope S_0x5ba7aebdf6a0;
T_98 ;
    %wait E_0x5ba7aeae6140;
    %load/vec4 v0x5ba7aec1c290_0;
    %assign/vec4 v0x5ba7aec1c350_0, 0;
    %jmp T_98;
    .thread T_98;
    .scope S_0x5ba7aebdf6a0;
T_99 ;
    %wait E_0x5ba7aeae6140;
    %load/vec4 v0x5ba7aec1c350_0;
    %assign/vec4 v0x5ba7aec1c410_0, 0;
    %jmp T_99;
    .thread T_99;
    .scope S_0x5ba7aebdf6a0;
T_100 ;
    %wait E_0x5ba7aeae6140;
    %load/vec4 v0x5ba7aec1c410_0;
    %assign/vec4 v0x5ba7aec1c4d0_0, 0;
    %jmp T_100;
    .thread T_100;
    .scope S_0x5ba7aebdf6a0;
T_101 ;
    %wait E_0x5ba7aeae6140;
    %load/vec4 v0x5ba7aec1c4d0_0;
    %assign/vec4 v0x5ba7aec1c590_0, 0;
    %jmp T_101;
    .thread T_101;
    .scope S_0x5ba7aebdf6a0;
T_102 ;
    %wait E_0x5ba7aeae6140;
    %load/vec4 v0x5ba7aec1c650_0;
    %assign/vec4 v0x5ba7aec1c710_0, 0;
    %jmp T_102;
    .thread T_102;
    .scope S_0x5ba7aebdf6a0;
T_103 ;
    %wait E_0x5ba7aeae6140;
    %load/vec4 v0x5ba7aec1c710_0;
    %assign/vec4 v0x5ba7aec1c7d0_0, 0;
    %jmp T_103;
    .thread T_103;
    .scope S_0x5ba7aebdf6a0;
T_104 ;
    %wait E_0x5ba7aeae6140;
    %load/vec4 v0x5ba7aec1c7d0_0;
    %assign/vec4 v0x5ba7aec1c890_0, 0;
    %jmp T_104;
    .thread T_104;
    .scope S_0x5ba7aebdf6a0;
T_105 ;
    %wait E_0x5ba7aeae6140;
    %load/vec4 v0x5ba7aec1c890_0;
    %assign/vec4 v0x5ba7aec1c950_0, 0;
    %jmp T_105;
    .thread T_105;
    .scope S_0x5ba7aebdf6a0;
T_106 ;
    %wait E_0x5ba7aeae6140;
    %load/vec4 v0x5ba7aec1ca10_0;
    %assign/vec4 v0x5ba7aec1cad0_0, 0;
    %jmp T_106;
    .thread T_106;
    .scope S_0x5ba7aebdf6a0;
T_107 ;
    %wait E_0x5ba7aeae6140;
    %load/vec4 v0x5ba7aec1cad0_0;
    %assign/vec4 v0x5ba7aec1cb90_0, 0;
    %jmp T_107;
    .thread T_107;
    .scope S_0x5ba7aebdf6a0;
T_108 ;
    %wait E_0x5ba7aeae6140;
    %load/vec4 v0x5ba7aec1cb90_0;
    %assign/vec4 v0x5ba7aec1cc50_0, 0;
    %jmp T_108;
    .thread T_108;
    .scope S_0x5ba7aebdf6a0;
T_109 ;
    %wait E_0x5ba7aeae6140;
    %load/vec4 v0x5ba7aec1cc50_0;
    %assign/vec4 v0x5ba7aec1cd10_0, 0;
    %jmp T_109;
    .thread T_109;
    .scope S_0x5ba7aebdf6a0;
T_110 ;
    %wait E_0x5ba7aeae6140;
    %load/vec4 v0x5ba7aec1cdd0_0;
    %assign/vec4 v0x5ba7aec1ce90_0, 0;
    %jmp T_110;
    .thread T_110;
    .scope S_0x5ba7aebdf6a0;
T_111 ;
    %wait E_0x5ba7aeae6140;
    %load/vec4 v0x5ba7aec1ce90_0;
    %assign/vec4 v0x5ba7aec1cf50_0, 0;
    %jmp T_111;
    .thread T_111;
    .scope S_0x5ba7aebdf6a0;
T_112 ;
    %wait E_0x5ba7aeae6140;
    %load/vec4 v0x5ba7aec1cf50_0;
    %assign/vec4 v0x5ba7aec1d420_0, 0;
    %jmp T_112;
    .thread T_112;
    .scope S_0x5ba7aebdf6a0;
T_113 ;
    %wait E_0x5ba7aeae6140;
    %load/vec4 v0x5ba7aec1d420_0;
    %assign/vec4 v0x5ba7aec1d4e0_0, 0;
    %jmp T_113;
    .thread T_113;
    .scope S_0x5ba7aebdf6a0;
T_114 ;
    %wait E_0x5ba7aeae6140;
    %load/vec4 v0x5ba7aec1d5a0_0;
    %assign/vec4 v0x5ba7aec1d660_0, 0;
    %jmp T_114;
    .thread T_114;
    .scope S_0x5ba7aebdf6a0;
T_115 ;
    %wait E_0x5ba7aeae6140;
    %load/vec4 v0x5ba7aec1d660_0;
    %assign/vec4 v0x5ba7aec1d720_0, 0;
    %jmp T_115;
    .thread T_115;
    .scope S_0x5ba7aebdf6a0;
T_116 ;
    %wait E_0x5ba7aeae6140;
    %load/vec4 v0x5ba7aec1d720_0;
    %assign/vec4 v0x5ba7aec1d7e0_0, 0;
    %jmp T_116;
    .thread T_116;
    .scope S_0x5ba7aebdf6a0;
T_117 ;
    %wait E_0x5ba7aeae6140;
    %load/vec4 v0x5ba7aec1d7e0_0;
    %assign/vec4 v0x5ba7aec1d8a0_0, 0;
    %jmp T_117;
    .thread T_117;
    .scope S_0x5ba7aebdf6a0;
T_118 ;
    %wait E_0x5ba7aeae6140;
    %load/vec4 v0x5ba7aec1d960_0;
    %assign/vec4 v0x5ba7aec1da20_0, 0;
    %jmp T_118;
    .thread T_118;
    .scope S_0x5ba7aebdf6a0;
T_119 ;
    %wait E_0x5ba7aeae6140;
    %load/vec4 v0x5ba7aec1da20_0;
    %assign/vec4 v0x5ba7aec1dae0_0, 0;
    %jmp T_119;
    .thread T_119;
    .scope S_0x5ba7aebdf6a0;
T_120 ;
    %wait E_0x5ba7aeae6140;
    %load/vec4 v0x5ba7aec1dae0_0;
    %assign/vec4 v0x5ba7aec1dba0_0, 0;
    %jmp T_120;
    .thread T_120;
    .scope S_0x5ba7aebdf6a0;
T_121 ;
    %wait E_0x5ba7aeae6140;
    %load/vec4 v0x5ba7aec1dba0_0;
    %assign/vec4 v0x5ba7aec1dc60_0, 0;
    %jmp T_121;
    .thread T_121;
    .scope S_0x5ba7aebdf6a0;
T_122 ;
    %wait E_0x5ba7aeae6140;
    %load/vec4 v0x5ba7aec1dea0_0;
    %assign/vec4 v0x5ba7aec1df60_0, 0;
    %jmp T_122;
    .thread T_122;
    .scope S_0x5ba7aebdf6a0;
T_123 ;
    %wait E_0x5ba7aeae6140;
    %load/vec4 v0x5ba7aec1df60_0;
    %assign/vec4 v0x5ba7aec1e020_0, 0;
    %jmp T_123;
    .thread T_123;
    .scope S_0x5ba7aebdf6a0;
T_124 ;
    %wait E_0x5ba7aeae6140;
    %load/vec4 v0x5ba7aec1e0e0_0;
    %assign/vec4 v0x5ba7aec1e1a0_0, 0;
    %jmp T_124;
    .thread T_124;
    .scope S_0x5ba7aebdf6a0;
T_125 ;
    %wait E_0x5ba7aeae6140;
    %load/vec4 v0x5ba7aec1e1a0_0;
    %assign/vec4 v0x5ba7aec1e260_0, 0;
    %jmp T_125;
    .thread T_125;
    .scope S_0x5ba7aebdf6a0;
T_126 ;
    %wait E_0x5ba7aeae6140;
    %load/vec4 v0x5ba7aec1e320_0;
    %assign/vec4 v0x5ba7aec1e3e0_0, 0;
    %jmp T_126;
    .thread T_126;
    .scope S_0x5ba7aebdf6a0;
T_127 ;
    %wait E_0x5ba7aeae6140;
    %load/vec4 v0x5ba7aec1e3e0_0;
    %assign/vec4 v0x5ba7aec1e4a0_0, 0;
    %jmp T_127;
    .thread T_127;
    .scope S_0x5ba7aebdf6a0;
T_128 ;
    %wait E_0x5ba7aeae6140;
    %load/vec4 v0x5ba7aec1e560_0;
    %assign/vec4 v0x5ba7aec1e620_0, 0;
    %jmp T_128;
    .thread T_128;
    .scope S_0x5ba7aebdf6a0;
T_129 ;
    %wait E_0x5ba7aeae6140;
    %load/vec4 v0x5ba7aec1e620_0;
    %assign/vec4 v0x5ba7aec1e6e0_0, 0;
    %jmp T_129;
    .thread T_129;
    .scope S_0x5ba7aebdf6a0;
T_130 ;
    %wait E_0x5ba7aeae6140;
    %load/vec4 v0x5ba7aec1e7a0_0;
    %assign/vec4 v0x5ba7aec1e860_0, 0;
    %jmp T_130;
    .thread T_130;
    .scope S_0x5ba7aebdf6a0;
T_131 ;
    %wait E_0x5ba7aeae6140;
    %load/vec4 v0x5ba7aec1e860_0;
    %assign/vec4 v0x5ba7aec1e920_0, 0;
    %jmp T_131;
    .thread T_131;
    .scope S_0x5ba7aebdf6a0;
T_132 ;
    %wait E_0x5ba7aeae6140;
    %load/vec4 v0x5ba7aec1e9e0_0;
    %assign/vec4 v0x5ba7aec1eaa0_0, 0;
    %jmp T_132;
    .thread T_132;
    .scope S_0x5ba7aebdf6a0;
T_133 ;
    %wait E_0x5ba7aeae6140;
    %load/vec4 v0x5ba7aec1eaa0_0;
    %assign/vec4 v0x5ba7aec1eb60_0, 0;
    %jmp T_133;
    .thread T_133;
    .scope S_0x5ba7aebdf6a0;
T_134 ;
    %wait E_0x5ba7aeae6140;
    %load/vec4 v0x5ba7aec1ec20_0;
    %assign/vec4 v0x5ba7aec1ece0_0, 0;
    %jmp T_134;
    .thread T_134;
    .scope S_0x5ba7aebdf6a0;
T_135 ;
    %wait E_0x5ba7aeae6140;
    %load/vec4 v0x5ba7aec1ece0_0;
    %assign/vec4 v0x5ba7aec1eda0_0, 0;
    %jmp T_135;
    .thread T_135;
    .scope S_0x5ba7aebdf6a0;
T_136 ;
    %wait E_0x5ba7aeae6140;
    %load/vec4 v0x5ba7aec1ef20_0;
    %assign/vec4 v0x5ba7aec1efe0_0, 0;
    %jmp T_136;
    .thread T_136;
    .scope S_0x5ba7aebdf6a0;
T_137 ;
    %wait E_0x5ba7aeae6140;
    %load/vec4 v0x5ba7aec1efe0_0;
    %assign/vec4 v0x5ba7aec1f0a0_0, 0;
    %jmp T_137;
    .thread T_137;
    .scope S_0x5ba7aebdf6a0;
T_138 ;
    %wait E_0x5ba7aeae6140;
    %load/vec4 v0x5ba7aec1f0a0_0;
    %assign/vec4 v0x5ba7aec1f160_0, 0;
    %jmp T_138;
    .thread T_138;
    .scope S_0x5ba7aebdf6a0;
T_139 ;
    %wait E_0x5ba7aeae6140;
    %load/vec4 v0x5ba7aec1f220_0;
    %assign/vec4 v0x5ba7aec1f2e0_0, 0;
    %jmp T_139;
    .thread T_139;
    .scope S_0x5ba7aebdf6a0;
T_140 ;
    %wait E_0x5ba7aeae6140;
    %load/vec4 v0x5ba7aec1f2e0_0;
    %assign/vec4 v0x5ba7aec1f3a0_0, 0;
    %jmp T_140;
    .thread T_140;
    .scope S_0x5ba7aebdf6a0;
T_141 ;
    %wait E_0x5ba7aeae6140;
    %load/vec4 v0x5ba7aec1f3a0_0;
    %assign/vec4 v0x5ba7aec1f460_0, 0;
    %jmp T_141;
    .thread T_141;
    .scope S_0x5ba7aebdf6a0;
T_142 ;
    %wait E_0x5ba7aeae6140;
    %load/vec4 v0x5ba7aec1f460_0;
    %assign/vec4 v0x5ba7aec1f520_0, 0;
    %jmp T_142;
    .thread T_142;
    .scope S_0x5ba7aebdf6a0;
T_143 ;
    %wait E_0x5ba7aeae6140;
    %load/vec4 v0x5ba7aec1f5e0_0;
    %assign/vec4 v0x5ba7aec1f6a0_0, 0;
    %jmp T_143;
    .thread T_143;
    .scope S_0x5ba7aebdf6a0;
T_144 ;
    %wait E_0x5ba7aeae6140;
    %load/vec4 v0x5ba7aec1f6a0_0;
    %assign/vec4 v0x5ba7aec1f760_0, 0;
    %jmp T_144;
    .thread T_144;
    .scope S_0x5ba7aebdf6a0;
T_145 ;
    %wait E_0x5ba7aeae6140;
    %load/vec4 v0x5ba7aec1f760_0;
    %assign/vec4 v0x5ba7aec1f820_0, 0;
    %jmp T_145;
    .thread T_145;
    .scope S_0x5ba7aebdf6a0;
T_146 ;
    %wait E_0x5ba7aeae6140;
    %load/vec4 v0x5ba7aec1f820_0;
    %assign/vec4 v0x5ba7aec1f8e0_0, 0;
    %jmp T_146;
    .thread T_146;
    .scope S_0x5ba7aebdf6a0;
T_147 ;
    %wait E_0x5ba7aeae6140;
    %load/vec4 v0x5ba7aec1f9a0_0;
    %assign/vec4 v0x5ba7aec1fa60_0, 0;
    %jmp T_147;
    .thread T_147;
    .scope S_0x5ba7aebdf6a0;
T_148 ;
    %wait E_0x5ba7aeae6140;
    %load/vec4 v0x5ba7aec1fa60_0;
    %assign/vec4 v0x5ba7aec1fb20_0, 0;
    %jmp T_148;
    .thread T_148;
    .scope S_0x5ba7aebdf6a0;
T_149 ;
    %wait E_0x5ba7aeae6140;
    %load/vec4 v0x5ba7aec1fbe0_0;
    %assign/vec4 v0x5ba7aec1fca0_0, 0;
    %jmp T_149;
    .thread T_149;
    .scope S_0x5ba7aebdf6a0;
T_150 ;
    %wait E_0x5ba7aeae6140;
    %load/vec4 v0x5ba7aec1fca0_0;
    %assign/vec4 v0x5ba7aec1fd60_0, 0;
    %jmp T_150;
    .thread T_150;
    .scope S_0x5ba7aebdf6a0;
T_151 ;
    %wait E_0x5ba7aeae6140;
    %load/vec4 v0x5ba7aec1fe20_0;
    %assign/vec4 v0x5ba7aec1fee0_0, 0;
    %jmp T_151;
    .thread T_151;
    .scope S_0x5ba7aebdf6a0;
T_152 ;
    %wait E_0x5ba7aeae6140;
    %load/vec4 v0x5ba7aec1fee0_0;
    %assign/vec4 v0x5ba7aec1ffa0_0, 0;
    %jmp T_152;
    .thread T_152;
    .scope S_0x5ba7aebdf6a0;
T_153 ;
    %wait E_0x5ba7aeae6140;
    %load/vec4 v0x5ba7aec20060_0;
    %assign/vec4 v0x5ba7aec20120_0, 0;
    %jmp T_153;
    .thread T_153;
    .scope S_0x5ba7aebdf6a0;
T_154 ;
    %wait E_0x5ba7aeae6140;
    %load/vec4 v0x5ba7aec20120_0;
    %assign/vec4 v0x5ba7aec201e0_0, 0;
    %jmp T_154;
    .thread T_154;
    .scope S_0x5ba7aebdf6a0;
T_155 ;
    %wait E_0x5ba7aeae6140;
    %load/vec4 v0x5ba7aec202a0_0;
    %assign/vec4 v0x5ba7aec20360_0, 0;
    %jmp T_155;
    .thread T_155;
    .scope S_0x5ba7aebdf6a0;
T_156 ;
    %wait E_0x5ba7aeae6140;
    %load/vec4 v0x5ba7aec20360_0;
    %assign/vec4 v0x5ba7aec20c30_0, 0;
    %jmp T_156;
    .thread T_156;
    .scope S_0x5ba7aebdf6a0;
T_157 ;
    %wait E_0x5ba7aeae6140;
    %load/vec4 v0x5ba7aec20cf0_0;
    %assign/vec4 v0x5ba7aec20db0_0, 0;
    %jmp T_157;
    .thread T_157;
    .scope S_0x5ba7aebdf6a0;
T_158 ;
    %wait E_0x5ba7aeae6140;
    %load/vec4 v0x5ba7aec20db0_0;
    %assign/vec4 v0x5ba7aec20e70_0, 0;
    %jmp T_158;
    .thread T_158;
    .scope S_0x5ba7aebdf6a0;
T_159 ;
    %wait E_0x5ba7aeae6140;
    %load/vec4 v0x5ba7aec20f30_0;
    %assign/vec4 v0x5ba7aec20ff0_0, 0;
    %jmp T_159;
    .thread T_159;
    .scope S_0x5ba7aebdf6a0;
T_160 ;
    %wait E_0x5ba7aeae6140;
    %load/vec4 v0x5ba7aec20ff0_0;
    %assign/vec4 v0x5ba7aec210b0_0, 0;
    %jmp T_160;
    .thread T_160;
    .scope S_0x5ba7aebdf6a0;
T_161 ;
    %wait E_0x5ba7aeae6140;
    %load/vec4 v0x5ba7aec21170_0;
    %assign/vec4 v0x5ba7aec21230_0, 0;
    %jmp T_161;
    .thread T_161;
    .scope S_0x5ba7aebdf6a0;
T_162 ;
    %wait E_0x5ba7aeae6140;
    %load/vec4 v0x5ba7aec21230_0;
    %assign/vec4 v0x5ba7aec212f0_0, 0;
    %jmp T_162;
    .thread T_162;
    .scope S_0x5ba7aebdf6a0;
T_163 ;
    %wait E_0x5ba7aeae6140;
    %load/vec4 v0x5ba7aec213b0_0;
    %assign/vec4 v0x5ba7aec21470_0, 0;
    %jmp T_163;
    .thread T_163;
    .scope S_0x5ba7aebdf6a0;
T_164 ;
    %wait E_0x5ba7aeae6140;
    %load/vec4 v0x5ba7aec21470_0;
    %assign/vec4 v0x5ba7aec21530_0, 0;
    %jmp T_164;
    .thread T_164;
    .scope S_0x5ba7aebdf6a0;
T_165 ;
    %wait E_0x5ba7aeae6140;
    %load/vec4 v0x5ba7aec215f0_0;
    %assign/vec4 v0x5ba7aec216b0_0, 0;
    %jmp T_165;
    .thread T_165;
    .scope S_0x5ba7aebdf6a0;
T_166 ;
    %wait E_0x5ba7aeae6140;
    %load/vec4 v0x5ba7aec216b0_0;
    %assign/vec4 v0x5ba7aec21770_0, 0;
    %jmp T_166;
    .thread T_166;
    .scope S_0x5ba7aebdf6a0;
T_167 ;
    %wait E_0x5ba7aeae6140;
    %load/vec4 v0x5ba7aec21830_0;
    %assign/vec4 v0x5ba7aec218f0_0, 0;
    %jmp T_167;
    .thread T_167;
    .scope S_0x5ba7aebdf6a0;
T_168 ;
    %wait E_0x5ba7aeae6140;
    %load/vec4 v0x5ba7aec218f0_0;
    %assign/vec4 v0x5ba7aec219b0_0, 0;
    %jmp T_168;
    .thread T_168;
    .scope S_0x5ba7aebdf6a0;
T_169 ;
    %wait E_0x5ba7aeae6140;
    %load/vec4 v0x5ba7aec21a70_0;
    %assign/vec4 v0x5ba7aec21b30_0, 0;
    %jmp T_169;
    .thread T_169;
    .scope S_0x5ba7aebdf6a0;
T_170 ;
    %wait E_0x5ba7aeae6140;
    %load/vec4 v0x5ba7aec21b30_0;
    %assign/vec4 v0x5ba7aec21bf0_0, 0;
    %jmp T_170;
    .thread T_170;
    .scope S_0x5ba7aebdf6a0;
T_171 ;
    %wait E_0x5ba7aeae6140;
    %load/vec4 v0x5ba7aec21bf0_0;
    %assign/vec4 v0x5ba7aec21cb0_0, 0;
    %jmp T_171;
    .thread T_171;
    .scope S_0x5ba7aebdf6a0;
T_172 ;
    %wait E_0x5ba7aeae6140;
    %load/vec4 v0x5ba7aec21cb0_0;
    %assign/vec4 v0x5ba7aec21d70_0, 0;
    %jmp T_172;
    .thread T_172;
    .scope S_0x5ba7aebdf6a0;
T_173 ;
    %wait E_0x5ba7aeae6140;
    %load/vec4 v0x5ba7aec21ef0_0;
    %assign/vec4 v0x5ba7aec21fb0_0, 0;
    %jmp T_173;
    .thread T_173;
    .scope S_0x5ba7aebdf6a0;
T_174 ;
    %wait E_0x5ba7aeae6140;
    %load/vec4 v0x5ba7aec21fb0_0;
    %assign/vec4 v0x5ba7aec22070_0, 0;
    %jmp T_174;
    .thread T_174;
    .scope S_0x5ba7aebdf6a0;
T_175 ;
    %wait E_0x5ba7aeae6140;
    %load/vec4 v0x5ba7aec22130_0;
    %assign/vec4 v0x5ba7aec221f0_0, 0;
    %jmp T_175;
    .thread T_175;
    .scope S_0x5ba7aebdf6a0;
T_176 ;
    %wait E_0x5ba7aeae6140;
    %load/vec4 v0x5ba7aec221f0_0;
    %assign/vec4 v0x5ba7aec222b0_0, 0;
    %jmp T_176;
    .thread T_176;
    .scope S_0x5ba7aebdf6a0;
T_177 ;
    %wait E_0x5ba7aeae6140;
    %load/vec4 v0x5ba7aec22370_0;
    %assign/vec4 v0x5ba7aec22450_0, 0;
    %jmp T_177;
    .thread T_177;
    .scope S_0x5ba7aebdf6a0;
T_178 ;
    %wait E_0x5ba7aeae6140;
    %load/vec4 v0x5ba7aec226f0_0;
    %assign/vec4 v0x5ba7aec227d0_0, 0;
    %jmp T_178;
    .thread T_178;
    .scope S_0x5ba7aebdf6a0;
T_179 ;
    %wait E_0x5ba7aeae6140;
    %load/vec4 v0x5ba7aec227d0_0;
    %assign/vec4 v0x5ba7aec228b0_0, 0;
    %jmp T_179;
    .thread T_179;
    .scope S_0x5ba7aebdf6a0;
T_180 ;
    %wait E_0x5ba7aeae6140;
    %load/vec4 v0x5ba7aec228b0_0;
    %assign/vec4 v0x5ba7aec22990_0, 0;
    %jmp T_180;
    .thread T_180;
    .scope S_0x5ba7aebdf6a0;
T_181 ;
    %wait E_0x5ba7aeae68a0;
    %load/vec4 v0x5ba7aec39a20_0;
    %assign/vec4 v0x5ba7aec22a70_0, 0;
    %jmp T_181;
    .thread T_181;
    .scope S_0x5ba7aebdf6a0;
T_182 ;
    %wait E_0x5ba7aebda940;
    %load/vec4 v0x5ba7aec22a70_0;
    %assign/vec4 v0x5ba7aec22b50_0, 0;
    %jmp T_182;
    .thread T_182;
    .scope S_0x5ba7aebdf6a0;
T_183 ;
    %wait E_0x5ba7aec02260;
    %load/vec4 v0x5ba7aec22b50_0;
    %assign/vec4 v0x5ba7aec22c30_0, 0;
    %jmp T_183;
    .thread T_183;
    .scope S_0x5ba7aebdf6a0;
T_184 ;
    %wait E_0x5ba7aec02dd0;
    %load/vec4 v0x5ba7aec22c30_0;
    %assign/vec4 v0x5ba7aec22d10_0, 0;
    %jmp T_184;
    .thread T_184;
    .scope S_0x5ba7aebdf6a0;
T_185 ;
    %wait E_0x5ba7aeae6140;
    %load/vec4 v0x5ba7aec22df0_0;
    %assign/vec4 v0x5ba7aec22e90_0, 0;
    %jmp T_185;
    .thread T_185;
    .scope S_0x5ba7aebdf6a0;
T_186 ;
    %wait E_0x5ba7aeae6140;
    %load/vec4 v0x5ba7aec22e90_0;
    %assign/vec4 v0x5ba7aec22f30_0, 0;
    %jmp T_186;
    .thread T_186;
    .scope S_0x5ba7aebdf6a0;
T_187 ;
    %wait E_0x5ba7aeae6140;
    %load/vec4 v0x5ba7aec22f30_0;
    %assign/vec4 v0x5ba7aec22fd0_0, 0;
    %jmp T_187;
    .thread T_187;
    .scope S_0x5ba7aebdf6a0;
T_188 ;
    %wait E_0x5ba7aeae6140;
    %load/vec4 v0x5ba7aec23070_0;
    %assign/vec4 v0x5ba7aec23110_0, 0;
    %jmp T_188;
    .thread T_188;
    .scope S_0x5ba7aebdf6a0;
T_189 ;
    %wait E_0x5ba7aeae6140;
    %load/vec4 v0x5ba7aec23110_0;
    %assign/vec4 v0x5ba7aec231b0_0, 0;
    %jmp T_189;
    .thread T_189;
    .scope S_0x5ba7aebdf6a0;
T_190 ;
    %wait E_0x5ba7aeae6140;
    %load/vec4 v0x5ba7aec231b0_0;
    %assign/vec4 v0x5ba7aec23250_0, 0;
    %jmp T_190;
    .thread T_190;
    .scope S_0x5ba7aebdf6a0;
T_191 ;
    %wait E_0x5ba7aeae6140;
    %load/vec4 v0x5ba7aec23250_0;
    %assign/vec4 v0x5ba7aec232f0_0, 0;
    %jmp T_191;
    .thread T_191;
    .scope S_0x5ba7aebdf6a0;
T_192 ;
    %wait E_0x5ba7aeae6140;
    %load/vec4 v0x5ba7aec233b0_0;
    %parti/s 4, 2, 3;
    %assign/vec4 v0x5ba7aec23490_0, 0;
    %jmp T_192;
    .thread T_192;
    .scope S_0x5ba7aebdf6a0;
T_193 ;
    %wait E_0x5ba7ae9f9730;
    %load/vec4 v0x5ba7aec39b00_0;
    %assign/vec4 v0x5ba7aec23cf0_0, 0;
    %jmp T_193;
    .thread T_193;
    .scope S_0x5ba7aebdf6a0;
T_194 ;
    %wait E_0x5ba7aeae6140;
    %load/vec4 v0x5ba7aec23dd0_0;
    %assign/vec4 v0x5ba7aec23ea0_0, 0;
    %jmp T_194;
    .thread T_194;
    .scope S_0x5ba7aebdf6a0;
T_195 ;
    %wait E_0x5ba7aea106a0;
    %load/vec4 v0x5ba7aec39be0_0;
    %assign/vec4 v0x5ba7aec23f40_0, 0;
    %jmp T_195;
    .thread T_195;
    .scope S_0x5ba7aebdf6a0;
T_196 ;
    %wait E_0x5ba7aeae6140;
    %load/vec4 v0x5ba7aec24020_0;
    %assign/vec4 v0x5ba7aec240f0_0, 0;
    %jmp T_196;
    .thread T_196;
    .scope S_0x5ba7aebdf6a0;
T_197 ;
    %wait E_0x5ba7aeae6140;
    %load/vec4 v0x5ba7aec24310_0;
    %assign/vec4 v0x5ba7aec243f0_0, 0;
    %jmp T_197;
    .thread T_197;
    .scope S_0x5ba7aebdf6a0;
T_198 ;
    %wait E_0x5ba7aeae6140;
    %load/vec4 v0x5ba7aec244d0_0;
    %assign/vec4 v0x5ba7aec245b0_0, 0;
    %jmp T_198;
    .thread T_198;
    .scope S_0x5ba7aebdf6a0;
T_199 ;
    %wait E_0x5ba7aeae6140;
    %load/vec4 v0x5ba7aec245b0_0;
    %assign/vec4 v0x5ba7aec24690_0, 0;
    %jmp T_199;
    .thread T_199;
    .scope S_0x5ba7aebdf6a0;
T_200 ;
    %wait E_0x5ba7aeae6140;
    %load/vec4 v0x5ba7aec24830_0;
    %assign/vec4 v0x5ba7aec248f0_0, 0;
    %jmp T_200;
    .thread T_200;
    .scope S_0x5ba7aebdf6a0;
T_201 ;
    %wait E_0x5ba7aeae6140;
    %load/vec4 v0x5ba7aec249b0_0;
    %assign/vec4 v0x5ba7aec24a70_0, 0;
    %jmp T_201;
    .thread T_201;
    .scope S_0x5ba7aebdf6a0;
T_202 ;
    %wait E_0x5ba7aeae6140;
    %load/vec4 v0x5ba7aec24a70_0;
    %assign/vec4 v0x5ba7aec24b30_0, 0;
    %jmp T_202;
    .thread T_202;
    .scope S_0x5ba7aebdf6a0;
T_203 ;
    %wait E_0x5ba7aeae6140;
    %load/vec4 v0x5ba7aec24bf0_0;
    %assign/vec4 v0x5ba7aec24cb0_0, 0;
    %jmp T_203;
    .thread T_203;
    .scope S_0x5ba7aebdf6a0;
T_204 ;
    %wait E_0x5ba7aeae6140;
    %load/vec4 v0x5ba7aec24cb0_0;
    %assign/vec4 v0x5ba7aec24d70_0, 0;
    %jmp T_204;
    .thread T_204;
    .scope S_0x5ba7aebdf6a0;
T_205 ;
    %wait E_0x5ba7aeae6140;
    %load/vec4 v0x5ba7aec24e30_0;
    %assign/vec4 v0x5ba7aec24ef0_0, 0;
    %jmp T_205;
    .thread T_205;
    .scope S_0x5ba7aebdf6a0;
T_206 ;
    %wait E_0x5ba7aeae6140;
    %load/vec4 v0x5ba7aec24ef0_0;
    %assign/vec4 v0x5ba7aec24fb0_0, 0;
    %jmp T_206;
    .thread T_206;
    .scope S_0x5ba7aebdf6a0;
T_207 ;
    %wait E_0x5ba7aea10540;
    %ix/load 4, 17, 0;
    %flag_set/imm 4, 0;
    %load/vec4a v0x5ba7aec1a030, 4;
    %pad/u 10;
    %store/vec4 v0x5ba7aec25070_0, 0, 10;
    %jmp T_207;
    .thread T_207;
    .scope S_0x5ba7aec3a680;
T_208 ;
    %pushi/real 0, 4065; load=0.00000
    %store/real v0x5ba7aec3ad80_0;
    %pushi/real 1677721600, 4070; load=25.0000
    %store/real v0x5ba7aec3ae40_0;
    %pushi/vec4 0, 0, 1;
    %assign/vec4 v0x5ba7aec3a950_0, 0;
    %end;
    .thread T_208;
    .scope S_0x5ba7aec3a680;
T_209 ;
    %wait E_0x5ba7aebdaea0;
    %load/vec4 v0x5ba7aec3aae0_0;
    %cmpi/e 1, 0, 1;
    %jmp/0xz  T_209.0, 4;
    %load/real v0x5ba7aec3ae40_0;
    %pushi/real 1073741824, 4067; load=2.00000
    %div/wr;
    %pushi/real 2097152000, 4075; load=1000.00
    %mul/wr;
    %cvt/vr 64;
    %muli 1, 0, 64;
    %ix/vec4 4;
    %delayx 4;
    %load/vec4 v0x5ba7aec3a950_0;
    %pushi/vec4 0, 0, 1;
    %cmp/e;
    %flag_get/vec4 6;
    %assign/vec4 v0x5ba7aec3a950_0, 0;
    %jmp T_209.1;
T_209.0 ;
    %load/vec4 v0x5ba7aec3aae0_0;
    %cmpi/e 0, 0, 1;
    %jmp/0xz  T_209.2, 4;
    %pushi/vec4 0, 0, 1;
    %assign/vec4 v0x5ba7aec3a950_0, 0;
    %jmp T_209.3;
T_209.2 ;
    %pushi/vec4 1, 1, 1;
    %assign/vec4 v0x5ba7aec3a950_0, 0;
T_209.3 ;
T_209.1 ;
    %jmp T_209;
    .thread T_209, $push;
    .scope S_0x5ba7aec3a680;
T_210 ;
    %wait E_0x5ba7aebdc550;
    %pushi/real 0, 4065; load=0.00000
    %load/real v0x5ba7aec3ad80_0;
    %cmp/wr;
    %jmp/0xz  T_210.0, 5;
    %vpi_func/r 8 33 "$realtime" {0 0 0};
    %load/real v0x5ba7aec3ad80_0;
    %sub/wr;
    %store/real v0x5ba7aec3af00_0;
    %load/real v0x5ba7aec3af00_0;
    %pushi/real 1073741824, 4069; load=8.00000
    %div/wr;
    %store/real v0x5ba7aec3ae40_0;
T_210.0 ;
    %vpi_func/r 8 38 "$realtime" {0 0 0};
    %store/real v0x5ba7aec3ad80_0;
    %jmp T_210;
    .thread T_210;
    .scope S_0x5ba7aec39d40;
T_211 ;
    %pushi/real 1, 16383; load=NaN
    %store/real v0x5ba7aec3a1d0_0;
    %load/vec4 v0x5ba7aec3a100_0;
    %cmpi/e 0, 0, 1;
    %jmp/0xz  T_211.0, 4;
    %pushi/real 0, 4065; load=0.00000
    %assign/wr v0x5ba7aec3a290_0, 0;
    %jmp T_211.1;
T_211.0 ;
    %load/real v0x5ba7aec3a3a0_0;
    %load/real v0x5ba7aec3a1d0_0;
    %cmp/wr;
    %flag_get/vec4 4;
    %flag_set/vec4 8;
    %jmp/0xz  T_211.2, 8;
    %load/real v0x5ba7aec3a1d0_0;
    %assign/wr v0x5ba7aec3a290_0, 0;
    %jmp T_211.3;
T_211.2 ;
    %load/real v0x5ba7aec3a460_0;
    %load/real v0x5ba7aec3a1d0_0;
    %cmp/wr;
    %flag_get/vec4 4;
    %flag_set/vec4 8;
    %jmp/0xz  T_211.4, 8;
    %load/real v0x5ba7aec3a1d0_0;
    %assign/wr v0x5ba7aec3a290_0, 0;
    %jmp T_211.5;
T_211.4 ;
    %load/vec4 v0x5ba7aec3a100_0;
    %cmpi/e 1, 0, 1;
    %jmp/0xz  T_211.6, 4;
    %load/real v0x5ba7aec3a460_0;
    %vpi_func/r 7 38 "$itor", v0x5ba7aec3a040_0 {0 0 0};
    %pushi/real 2145386496, 4075; load=1023.00
    %div/wr;
    %load/real v0x5ba7aec3a3a0_0;
    %load/real v0x5ba7aec3a460_0;
    %sub/wr;
    %mul/wr;
    %add/wr;
    %assign/wr v0x5ba7aec3a290_0, 0;
    %jmp T_211.7;
T_211.6 ;
    %load/real v0x5ba7aec3a1d0_0;
    %assign/wr v0x5ba7aec3a290_0, 0;
T_211.7 ;
T_211.5 ;
T_211.3 ;
T_211.1 ;
    %end;
    .thread T_211;
    .scope S_0x5ba7aec39d40;
T_212 ;
    %wait E_0x5ba7aebdd5b0;
    %load/vec4 v0x5ba7aec3a100_0;
    %cmpi/e 0, 0, 1;
    %jmp/0xz  T_212.0, 4;
    %pushi/real 0, 4065; load=0.00000
    %assign/wr v0x5ba7aec3a290_0, 0;
    %jmp T_212.1;
T_212.0 ;
    %load/real v0x5ba7aec3a3a0_0;
    %load/real v0x5ba7aec3a1d0_0;
    %cmp/wr;
    %flag_get/vec4 4;
    %flag_set/vec4 8;
    %jmp/0xz  T_212.2, 8;
    %load/real v0x5ba7aec3a1d0_0;
    %assign/wr v0x5ba7aec3a290_0, 0;
    %jmp T_212.3;
T_212.2 ;
    %load/real v0x5ba7aec3a460_0;
    %load/real v0x5ba7aec3a1d0_0;
    %cmp/wr;
    %flag_get/vec4 4;
    %flag_set/vec4 8;
    %jmp/0xz  T_212.4, 8;
    %load/real v0x5ba7aec3a1d0_0;
    %assign/wr v0x5ba7aec3a290_0, 0;
    %jmp T_212.5;
T_212.4 ;
    %load/vec4 v0x5ba7aec3a100_0;
    %cmpi/e 1, 0, 1;
    %jmp/0xz  T_212.6, 4;
    %load/real v0x5ba7aec3a460_0;
    %vpi_func/r 7 56 "$itor", v0x5ba7aec3a040_0 {0 0 0};
    %pushi/real 2145386496, 4075; load=1023.00
    %div/wr;
    %load/real v0x5ba7aec3a3a0_0;
    %load/real v0x5ba7aec3a460_0;
    %sub/wr;
    %mul/wr;
    %add/wr;
    %assign/wr v0x5ba7aec3a290_0, 0;
    %jmp T_212.7;
T_212.6 ;
    %load/real v0x5ba7aec3a1d0_0;
    %assign/wr v0x5ba7aec3a290_0, 0;
T_212.7 ;
T_212.5 ;
T_212.3 ;
T_212.1 ;
    %jmp T_212;
    .thread T_212, $push;
    .scope S_0x5ba7aec00cd0;
T_213 ;
    %pushi/vec4 0, 0, 1;
    %store/vec4 v0x5ba7aec3bdf0_0, 0, 1;
    %pushi/real 0, 4065; load=0.00000
    %store/real v0x5ba7aec3bd30_0;
    %pushi/real 1771674009, 4067; load=3.30000
    %pushi/real 2516582, 4045; load=3.30000
    %add/wr;
    %store/real v0x5ba7aec3bc90_0;
    %pushi/vec4 0, 0, 2;
    %split/vec4 1;
    %store/vec4 v0x5ba7aec3b8b0_0, 0, 1;
    %store/vec4 v0x5ba7aec3ba60_0, 0, 1;
    %pushi/vec4 0, 0, 1;
    %store/vec4 v0x5ba7aec3bb50_0, 0, 1;
    %delay 20000, 0;
    %pushi/vec4 1, 0, 1;
    %store/vec4 v0x5ba7aec3bdf0_0, 0, 1;
    %delay 100000, 0;
    %pushi/vec4 0, 0, 1;
    %store/vec4 v0x5ba7aec3bdf0_0, 0, 1;
    %end;
    .thread T_213;
    .scope S_0x5ba7aec00cd0;
T_214 ;
    %vpi_call 2 50 "$dumpfile", "pre_synth_sim.vcd" {0 0 0};
    %vpi_call 2 54 "$dumpvars", 32'sb00000000000000000000000000000000, S_0x5ba7aec00cd0 {0 0 0};
    %end;
    .thread T_214;
    .scope S_0x5ba7aec00cd0;
T_215 ;
    %pushi/vec4 600, 0, 32;
T_215.0 %dup/vec4;
    %pushi/vec4 0, 0, 32;
    %cmp/s;
    %jmp/1xz T_215.1, 5;
    %jmp/1 T_215.1, 4;
    %pushi/vec4 1, 0, 32;
    %sub;
    %pushi/vec4 1, 0, 1;
    %store/vec4 v0x5ba7aec3b8b0_0, 0, 1;
    %delay 100000, 0;
    %load/vec4 v0x5ba7aec3ba60_0;
    %inv;
    %store/vec4 v0x5ba7aec3ba60_0, 0, 1;
    %delay 41665, 0;
    %load/vec4 v0x5ba7aec3bb50_0;
    %inv;
    %store/vec4 v0x5ba7aec3bb50_0, 0, 1;
    %jmp T_215.0;
T_215.1 ;
    %pop/vec4 1;
    %vpi_call 2 63 "$finish" {0 0 0};
    %end;
    .thread T_215;
# The file index is used to find the file name in the following table.
:file_names 9;
    "N/A";
    "<interactive>";
    "src/module/testbench.v";
    "src/module/vsdbabysoc.v";
    "src/module/rvmyth.v";
    "src/module/rvmyth_gen.v";
    "src/module/clk_gate.v";
    "src/module/avsddac.v";
    "src/module/avsdpll.v";
